condition,batch,population,pid,round,puzzle,ai,transfer,form,variant,consented_at,pretask_at,prompt_rule,prompt_mean_score,prompt_passed,carryover,reached_demographics,effort_median,skill_rating,age,education,genai_usage,gate_correct,gate_confidence,ai_turns,end_reason,decisions,score,decisions_first_n,score_first_n,kept_win_score,kept_win_first_n,opener_optimal,disc_loss_total,disc_loss_per_decision,seconds,completed,black_discs,white_discs,margin,won,moves,attempts,solved,transfer_rounds,transfer_score,transfer_decisions,transfer_rate,transfer_wins,transfer_solved,transfer_openers,transfer_disc_loss,transfer_label
baseline_adopters,baseline_adopters,adopters,p11,R1,oc20260727,False,False,,,2026-08-07T15:54:54.339745+00:00,,,3.333,True,False,True,,1,34.0,bachelors,few_times_month,False,2,0,manual,3,0,3,0,0,0,False,44,14.7,11,True,19,45,-26.0,False,c8! b6! b8!,1,False,2,1.0,4.0,0.25,0.0,0.0,0.0,42.0,Strugglers
baseline_adopters,baseline_adopters,adopters,p11,R2,b220260706,False,True,,,2026-08-07T15:54:54.339745+00:00,,,3.333,True,False,True,,1,34.0,bachelors,few_times_month,False,2,0,manual,2,1,2,1,0,0,False,16,8.0,2,True,30,34,-4.0,False,g2! g7,1,False,2,1.0,4.0,0.25,0.0,0.0,0.0,42.0,Strugglers
baseline_adopters,baseline_adopters,adopters,p11,R3,bg20260726,False,True,,,2026-08-07T15:54:54.339745+00:00,,,3.333,True,False,True,,1,34.0,bachelors,few_times_month,False,2,0,manual,2,0,2,0,0,0,False,26,13.0,4,True,21,43,-22.0,False,h7! g7!,1,False,2,1.0,4.0,0.25,0.0,0.0,0.0,42.0,Strugglers
baseline_adopters,baseline_adopters,adopters,p111,R1,oc20260727,False,False,,,2026-08-07T14:54:35.663375+00:00,,,2.667,True,False,True,,dont_know,55.0,some_college,few_times_week,False,3,0,manual,4,0,3,0,0,0,False,46,11.5,55,True,18,46,-28.0,False,b6! b7! g2! c8!,1,False,2,0.0,4.0,0.0,0.0,0.0,0.0,52.0,Strugglers
baseline_adopters,baseline_adopters,adopters,p111,R2,b220260706,False,True,,,2026-08-07T14:54:35.663375+00:00,,,2.667,True,False,True,,dont_know,55.0,some_college,few_times_week,False,3,0,manual,2,0,2,0,0,0,False,30,15.0,8,True,23,41,-18.0,False,g1! g2!,1,False,2,0.0,4.0,0.0,0.0,0.0,0.0,52.0,Strugglers
baseline_adopters,baseline_adopters,adopters,p111,R3,bg20260726,False,True,,,2026-08-07T14:54:35.663375+00:00,,,2.667,True,False,True,,dont_know,55.0,some_college,few_times_week,False,3,0,manual,2,0,2,0,0,0,False,22,11.0,10,True,23,41,-18.0,False,g7! h7!,1,False,2,0.0,4.0,0.0,0.0,0.0,0.0,52.0,Strugglers
baseline_adopters,baseline_adopters,adopters,p118,R1,oc20260727,False,False,,,2026-08-06T22:42:28.131500+00:00,,,3.0,True,False,True,,1,39.0,some_college,daily,False,1,0,manual,3,2,3,2,0,0,False,40,13.3,8,True,21,43,-22.0,False,c8! a7 g2,1,False,2,2.0,4.0,0.5,0.0,0.0,1.0,20.0,Strugglers
baseline_adopters,baseline_adopters,adopters,p118,R2,b220260706,False,True,,,2026-08-06T22:42:28.131500+00:00,,,3.0,True,False,True,,1,39.0,some_college,daily,False,1,0,manual,2,1,2,1,1,1,True,12,6.0,3,True,32,32,0.0,False,g7 g2!,1,False,2,2.0,4.0,0.5,0.0,0.0,1.0,20.0,Strugglers
baseline_adopters,baseline_adopters,adopters,p118,R3,bg20260726,False,True,,,2026-08-06T22:42:28.131500+00:00,,,3.0,True,False,True,,1,39.0,some_college,daily,False,1,0,manual,2,1,2,1,0,0,False,8,4.0,8,True,30,34,-4.0,False,g8! g7,1,False,2,2.0,4.0,0.5,0.0,0.0,1.0,20.0,Strugglers
baseline_adopters,baseline_adopters,adopters,p125,R1,oc20260727,False,False,,,2026-08-10T15:16:03.203608+00:00,,,3.0,True,False,True,,1,23.0,postgrad,few_times_week,False,1,0,manual,4,3,3,2,1,1,True,38,9.5,30,True,22,42,-20.0,False,b7 b6! g2 b8,1,False,2,3.0,5.0,0.6,0.0,0.0,0.0,32.0,Solvers
baseline_adopters,baseline_adopters,adopters,p125,R2,b220260706,False,True,,,2026-08-10T15:16:03.203608+00:00,,,3.0,True,False,True,,1,23.0,postgrad,few_times_week,False,1,0,manual,2,1,2,1,0,0,False,16,8.0,5,True,30,34,-4.0,False,g2! g7,1,False,2,3.0,5.0,0.6,0.0,0.0,0.0,32.0,Solvers
baseline_adopters,baseline_adopters,adopters,p125,R3,bg20260726,False,True,,,2026-08-10T15:16:03.203608+00:00,,,3.0,True,False,True,,1,23.0,postgrad,few_times_week,False,1,0,manual,3,2,3,2,0,0,False,16,5.3,10,True,26,38,-12.0,False,h7! b2 g8,1,False,2,3.0,5.0,0.6,0.0,0.0,0.0,32.0,Solvers
baseline_adopters,baseline_adopters,adopters,p136,R1,oc20260727,False,False,,,2026-08-10T16:10:36.871679+00:00,,,2.667,True,False,True,,1,33.0,postgrad,weekly,False,2,0,manual,4,2,3,2,0,0,False,40,10.0,19,True,21,43,-22.0,False,g2! b7 b6 a7!,1,False,2,2.0,4.0,0.5,0.0,0.0,0.0,24.0,Strugglers
baseline_adopters,baseline_adopters,adopters,p136,R2,b220260706,False,True,,,2026-08-10T16:10:36.871679+00:00,,,2.667,True,False,True,,1,33.0,postgrad,weekly,False,2,0,manual,2,1,2,1,0,0,False,16,8.0,4,True,30,34,-4.0,False,g2! g7,1,False,2,2.0,4.0,0.5,0.0,0.0,0.0,24.0,Strugglers
baseline_adopters,baseline_adopters,adopters,p136,R3,bg20260726,False,True,,,2026-08-10T16:10:36.871679+00:00,,,2.667,True,False,True,,1,33.0,postgrad,weekly,False,2,0,manual,2,1,2,1,0,0,False,8,4.0,5,True,30,34,-4.0,False,g8! g7,1,False,2,2.0,4.0,0.5,0.0,0.0,0.0,24.0,Strugglers
baseline_adopters,baseline_adopters,adopters,p141,R1,oc20260727,False,False,,,2026-08-07T21:44:44.274210+00:00,,,3.0,True,False,True,,1,37.0,some_college,less_than_monthly,False,2,0,manual,4,1,3,1,1,1,True,40,10.0,41,True,21,43,-22.0,False,b7 g2! b6! c8!,1,False,2,2.0,5.0,0.4,0.0,0.0,0.0,42.0,Strugglers
baseline_adopters,baseline_adopters,adopters,p141,R2,b220260706,False,True,,,2026-08-07T21:44:44.274210+00:00,,,3.0,True,False,True,,1,37.0,some_college,less_than_monthly,False,2,0,manual,2,1,2,1,0,0,False,16,8.0,9,True,30,34,-4.0,False,g2! g7,1,False,2,2.0,5.0,0.4,0.0,0.0,0.0,42.0,Strugglers
baseline_adopters,baseline_adopters,adopters,p141,R3,bg20260726,False,True,,,2026-08-07T21:44:44.274210+00:00,,,3.0,True,False,True,,1,37.0,some_college,less_than_monthly,False,2,0,manual,3,1,3,1,0,0,False,26,8.7,16,True,21,43,-22.0,False,h7! b2 g7!,1,False,2,2.0,5.0,0.4,0.0,0.0,0.0,42.0,Strugglers
baseline_adopters,baseline_adopters,adopters,p143,R1,oc20260727,False,False,,,2026-08-10T17:09:04.943360+00:00,,,3.0,True,False,True,,1,49.0,some_college,few_times_week,True,2,0,manual,5,3,3,1,2,2,True,30,6.0,87,True,26,38,-12.0,False,b7 a7! g2! a1 c8,1,False,2,3.0,6.0,0.5,0.0,0.0,2.0,36.0,Strugglers
baseline_adopters,baseline_adopters,adopters,p143,R2,b220260706,False,True,,,2026-08-10T17:09:04.943360+00:00,,,3.0,True,False,True,,1,49.0,some_college,few_times_week,True,2,0,manual,3,2,3,2,2,2,True,14,4.7,22,True,31,33,-2.0,False,g7 h1 h2!,1,False,2,3.0,6.0,0.5,0.0,0.0,2.0,36.0,Strugglers
baseline_adopters,baseline_adopters,adopters,p143,R3,bg20260726,False,True,,,2026-08-10T17:09:04.943360+00:00,,,3.0,True,False,True,,1,49.0,some_college,few_times_week,True,2,0,manual,3,1,3,1,1,1,True,22,7.3,27,True,23,41,-18.0,False,b2 g7! h8!,1,False,2,3.0,6.0,0.5,0.0,0.0,2.0,36.0,Strugglers
baseline_adopters,baseline_adopters,adopters,p145,R1,oc20260727,False,False,,,2026-08-06T22:53:30.140763+00:00,,,3.0,True,False,True,,dont_know,25.0,bachelors,several_times_day,False,1,0,manual,3,0,3,0,0,0,False,44,14.7,17,True,19,45,-26.0,False,g2! c8! a7!,1,False,2,1.0,4.0,0.25,0.0,0.0,1.0,28.0,Strugglers
baseline_adopters,baseline_adopters,adopters,p145,R2,b220260706,False,True,,,2026-08-06T22:53:30.140763+00:00,,,3.0,True,False,True,,dont_know,25.0,bachelors,several_times_day,False,1,0,manual,2,1,2,1,1,1,True,14,7.0,9,True,31,33,-2.0,False,g7 h2!,1,False,2,1.0,4.0,0.25,0.0,0.0,1.0,28.0,Strugglers
baseline_adopters,baseline_adopters,adopters,p145,R3,bg20260726,False,True,,,2026-08-06T22:53:30.140763+00:00,,,3.0,True,False,True,,dont_know,25.0,bachelors,several_times_day,False,1,0,manual,2,0,2,0,0,0,False,14,7.0,6,True,27,37,-10.0,False,g8! h7!,1,False,2,1.0,4.0,0.25,0.0,0.0,1.0,28.0,Strugglers
baseline_adopters,baseline_adopters,adopters,p157,R1,oc20260727,False,False,,,2026-08-07T14:17:35.484010+00:00,,,3.333,True,False,True,,1,33.0,postgrad,few_times_week,False,2,0,manual,3,2,3,2,1,1,True,38,12.7,64,True,22,42,-20.0,False,b7 b6! b8,1,False,2,1.0,4.0,0.25,0.0,0.0,0.0,28.0,Strugglers
baseline_adopters,baseline_adopters,adopters,p157,R2,b220260706,False,True,,,2026-08-07T14:17:35.484010+00:00,,,3.333,True,False,True,,1,33.0,postgrad,few_times_week,False,2,0,manual,2,1,2,1,0,0,False,14,7.0,9,True,31,33,-2.0,False,g1! g7,1,False,2,1.0,4.0,0.25,0.0,0.0,0.0,28.0,Strugglers
baseline_adopters,baseline_adopters,adopters,p157,R3,bg20260726,False,True,,,2026-08-07T14:17:35.484010+00:00,,,3.333,True,False,True,,1,33.0,postgrad,few_times_week,False,2,0,manual,2,0,2,0,0,0,False,14,7.0,5,True,27,37,-10.0,False,g8! h7!,1,False,2,1.0,4.0,0.25,0.0,0.0,0.0,28.0,Strugglers
baseline_adopters,baseline_adopters,adopters,p158,R1,oc20260727,False,False,,,2026-08-07T15:30:48.570488+00:00,,,3.0,True,False,True,,1,49.0,bachelors,few_times_week,False,2,0,manual,3,0,3,0,0,0,False,54,18.0,20,True,14,50,-36.0,False,a7! b8! c8!,1,False,2,2.0,5.0,0.4,0.0,0.0,1.0,28.0,Strugglers
baseline_adopters,baseline_adopters,adopters,p158,R2,b220260706,False,True,,,2026-08-07T15:30:48.570488+00:00,,,3.0,True,False,True,,1,49.0,bachelors,few_times_week,False,2,0,manual,3,2,3,2,2,2,True,14,4.7,34,True,31,33,-2.0,False,g7 h1 h2!,1,False,2,2.0,5.0,0.4,0.0,0.0,1.0,28.0,Strugglers
baseline_adopters,baseline_adopters,adopters,p158,R3,bg20260726,False,True,,,2026-08-07T15:30:48.570488+00:00,,,3.0,True,False,True,,1,49.0,bachelors,few_times_week,False,2,0,manual,2,0,2,0,0,0,False,14,7.0,19,True,27,37,-10.0,False,g8! h7!,1,False,2,2.0,5.0,0.4,0.0,0.0,1.0,28.0,Strugglers
baseline_adopters,baseline_adopters,adopters,p160,R1,oc20260727,False,False,,,2026-08-10T14:47:47.410773+00:00,,,3.0,True,False,True,,dont_know,49.0,bachelors,few_times_month,False,2,0,manual,4,1,3,1,0,0,False,56,14.0,20,True,13,51,-38.0,False,g2! c8! a8 b6!,1,False,2,2.0,4.0,0.5,0.0,0.0,1.0,20.0,Strugglers
baseline_adopters,baseline_adopters,adopters,p160,R2,b220260706,False,True,,,2026-08-10T14:47:47.410773+00:00,,,3.0,True,False,True,,dont_know,49.0,bachelors,few_times_month,False,2,0,manual,2,1,2,1,1,1,True,12,6.0,4,True,32,32,0.0,False,g7 g2!,1,False,2,2.0,4.0,0.5,0.0,0.0,1.0,20.0,Strugglers
baseline_adopters,baseline_adopters,adopters,p160,R3,bg20260726,False,True,,,2026-08-10T14:47:47.410773+00:00,,,3.0,True,False,True,,dont_know,49.0,bachelors,few_times_month,False,2,0,manual,2,1,2,1,0,0,False,8,4.0,4,True,30,34,-4.0,False,g8! g7,1,False,2,2.0,4.0,0.5,0.0,0.0,1.0,20.0,Strugglers
baseline_adopters,baseline_adopters,adopters,p162,R1,oc20260727,False,False,,,2026-08-10T16:05:12.964208+00:00,,,2.667,True,False,True,,2,65.0,bachelors,few_times_week,True,2,0,manual,5,3,3,1,1,1,True,24,4.8,80,True,29,35,-6.0,False,b7 g2! a7! b6 c8,1,False,2,0.0,4.0,0.0,0.0,0.0,0.0,50.0,Strugglers
baseline_adopters,baseline_adopters,adopters,p162,R2,b220260706,False,True,,,2026-08-10T16:05:12.964208+00:00,,,2.667,True,False,True,,2,65.0,bachelors,few_times_week,True,2,0,manual,2,0,2,0,0,0,False,24,12.0,5,True,26,38,-12.0,False,g2! h2!,1,False,2,0.0,4.0,0.0,0.0,0.0,0.0,50.0,Strugglers
baseline_adopters,baseline_adopters,adopters,p162,R3,bg20260726,False,True,,,2026-08-10T16:05:12.964208+00:00,,,2.667,True,False,True,,2,65.0,bachelors,few_times_week,True,2,0,manual,2,0,2,0,0,0,False,26,13.0,9,True,21,43,-22.0,False,h7! g7!,1,False,2,0.0,4.0,0.0,0.0,0.0,0.0,50.0,Strugglers
baseline_adopters,baseline_adopters,adopters,p171,R1,oc20260727,False,False,,,2026-08-07T21:38:36.699989+00:00,,,3.0,True,False,True,,2,62.0,bachelors,several_times_day,True,2,0,manual,4,2,3,2,1,1,True,42,10.5,80,True,20,44,-24.0,False,b7 b6! g2 c8!,1,False,2,0.0,4.0,0.0,0.0,0.0,0.0,50.0,Strugglers
baseline_adopters,baseline_adopters,adopters,p171,R2,b220260706,False,True,,,2026-08-07T21:38:36.699989+00:00,,,3.0,True,False,True,,2,62.0,bachelors,several_times_day,True,2,0,manual,2,0,2,0,0,0,False,24,12.0,19,True,26,38,-12.0,False,g2! h2!,1,False,2,0.0,4.0,0.0,0.0,0.0,0.0,50.0,Strugglers
baseline_adopters,baseline_adopters,adopters,p171,R3,bg20260726,False,True,,,2026-08-07T21:38:36.699989+00:00,,,3.0,True,False,True,,2,62.0,bachelors,several_times_day,True,2,0,manual,2,0,2,0,0,0,False,26,13.0,19,True,21,43,-22.0,False,h7! g7!,1,False,2,0.0,4.0,0.0,0.0,0.0,0.0,50.0,Strugglers
baseline_adopters,baseline_adopters,adopters,p177,R1,oc20260727,False,False,,,2026-08-10T19:23:20.687112+00:00,,,2.667,True,False,True,,dont_know,31.0,bachelors,never,False,1,0,manual,3,1,3,1,1,1,True,42,14.0,62,True,20,44,-24.0,False,b7 b6! c8!,1,False,2,0.0,4.0,0.0,0.0,0.0,0.0,50.0,Strugglers
baseline_adopters,baseline_adopters,adopters,p177,R2,b220260706,False,True,,,2026-08-10T19:23:20.687112+00:00,,,2.667,True,False,True,,dont_know,31.0,bachelors,never,False,1,0,manual,2,0,2,0,0,0,False,24,12.0,42,True,26,38,-12.0,False,g2! h2!,1,False,2,0.0,4.0,0.0,0.0,0.0,0.0,50.0,Strugglers
baseline_adopters,baseline_adopters,adopters,p177,R3,bg20260726,False,True,,,2026-08-10T19:23:20.687112+00:00,,,2.667,True,False,True,,dont_know,31.0,bachelors,never,False,1,0,manual,2,0,2,0,0,0,False,26,13.0,10,True,21,43,-22.0,False,h7! g7!,1,False,2,0.0,4.0,0.0,0.0,0.0,0.0,50.0,Strugglers
baseline_adopters,baseline_adopters,adopters,p179,R1,oc20260727,False,False,,,2026-08-10T18:13:32.209440+00:00,,,3.0,True,False,True,,3,38.0,postgrad,daily,True,3,0,manual,3,2,3,2,2,2,True,38,12.7,21,True,22,42,-20.0,False,b7 c8 b6!,1,False,2,0.0,4.0,0.0,0.0,0.0,0.0,52.0,Strugglers
baseline_adopters,baseline_adopters,adopters,p179,R2,b220260706,False,True,,,2026-08-10T18:13:32.209440+00:00,,,3.0,True,False,True,,3,38.0,postgrad,daily,True,3,0,manual,2,0,2,0,0,0,False,30,15.0,3,True,23,41,-18.0,False,g1! g2!,1,False,2,0.0,4.0,0.0,0.0,0.0,0.0,52.0,Strugglers
baseline_adopters,baseline_adopters,adopters,p179,R3,bg20260726,False,True,,,2026-08-10T18:13:32.209440+00:00,,,3.0,True,False,True,,3,38.0,postgrad,daily,True,3,0,manual,2,0,2,0,0,0,False,22,11.0,2,True,23,41,-18.0,False,g7! h7!,1,False,2,0.0,4.0,0.0,0.0,0.0,0.0,52.0,Strugglers
baseline_adopters,baseline_adopters,adopters,p18,R1,oc20260727,False,False,,,2026-08-10T23:52:38.108622+00:00,,,2.667,True,False,True,,2,32.0,postgrad,few_times_week,False,2,0,manual,3,1,3,1,1,1,True,42,14.0,22,True,20,44,-24.0,False,b7 b6! c8!,1,False,2,1.0,4.0,0.25,0.0,0.0,0.0,38.0,Strugglers
baseline_adopters,baseline_adopters,adopters,p18,R2,b220260706,False,True,,,2026-08-10T23:52:38.108622+00:00,,,2.667,True,False,True,,2,32.0,postgrad,few_times_week,False,2,0,manual,2,1,2,1,0,0,False,16,8.0,21,True,30,34,-4.0,False,g2! g7,1,False,2,1.0,4.0,0.25,0.0,0.0,0.0,38.0,Strugglers
baseline_adopters,baseline_adopters,adopters,p18,R3,bg20260726,False,True,,,2026-08-10T23:52:38.108622+00:00,,,2.667,True,False,True,,2,32.0,postgrad,few_times_week,False,2,0,manual,2,0,2,0,0,0,False,22,11.0,5,True,23,41,-18.0,False,g7! h7!,1,False,2,1.0,4.0,0.25,0.0,0.0,0.0,38.0,Strugglers
baseline_adopters,baseline_adopters,adopters,p195,R1,oc20260727,False,False,,,2026-08-10T17:24:31.282781+00:00,,,2.667,True,False,True,,2,56.0,bachelors,about_monthly,False,2,0,manual,4,1,3,1,1,1,True,40,10.0,26,True,21,43,-22.0,False,b7 g2! b6! c8!,1,False,2,2.0,4.0,0.5,0.0,0.0,0.0,32.0,Strugglers
baseline_adopters,baseline_adopters,adopters,p195,R2,b220260706,False,True,,,2026-08-10T17:24:31.282781+00:00,,,2.667,True,False,True,,2,56.0,bachelors,about_monthly,False,2,0,manual,2,1,2,1,0,0,False,16,8.0,12,True,30,34,-4.0,False,g2! g7,1,False,2,2.0,4.0,0.5,0.0,0.0,0.0,32.0,Strugglers
baseline_adopters,baseline_adopters,adopters,p195,R3,bg20260726,False,True,,,2026-08-10T17:24:31.282781+00:00,,,2.667,True,False,True,,2,56.0,bachelors,about_monthly,False,2,0,manual,2,1,2,1,0,0,False,16,8.0,3,True,26,38,-12.0,False,g7! b2,1,False,2,2.0,4.0,0.5,0.0,0.0,0.0,32.0,Strugglers
baseline_adopters,baseline_adopters,adopters,p206,R1,oc20260727,False,False,,,2026-08-07T21:18:41.625170+00:00,,,3.0,True,False,True,,1,39.0,bachelors,few_times_month,True,1,0,manual,4,1,3,1,1,1,True,40,10.0,112,True,21,43,-22.0,False,b7 g2! b6! c8!,1,False,2,3.0,5.0,0.6,0.0,0.0,1.0,28.0,Solvers
baseline_adopters,baseline_adopters,adopters,p206,R2,b220260706,False,True,,,2026-08-07T21:18:41.625170+00:00,,,3.0,True,False,True,,1,39.0,bachelors,few_times_month,True,1,0,manual,2,1,2,1,1,1,True,12,6.0,16,True,32,32,0.0,False,g7 g2!,1,False,2,3.0,5.0,0.6,0.0,0.0,1.0,28.0,Solvers
baseline_adopters,baseline_adopters,adopters,p206,R3,bg20260726,False,True,,,2026-08-07T21:18:41.625170+00:00,,,3.0,True,False,True,,1,39.0,bachelors,few_times_month,True,1,0,timeout,3,2,3,2,0,0,False,16,5.3,34,True,26,38,-12.0,False,h7! b2 g8,1,False,2,3.0,5.0,0.6,0.0,0.0,1.0,28.0,Solvers
baseline_adopters,baseline_adopters,adopters,p209,R1,oc20260727,False,False,,,2026-08-10T17:20:12.127664+00:00,,,3.0,True,False,True,,dont_know,68.0,postgrad,few_times_week,False,2,0,manual,4,2,3,2,0,0,False,40,10.0,42,True,21,43,-22.0,False,g2! b7 b6 a7!,1,False,2,3.0,5.0,0.6,0.0,0.0,1.0,26.0,Solvers
baseline_adopters,baseline_adopters,adopters,p209,R2,b220260706,False,True,,,2026-08-10T17:20:12.127664+00:00,,,3.0,True,False,True,,dont_know,68.0,postgrad,few_times_week,False,2,0,manual,2,1,2,1,0,0,False,16,8.0,7,True,30,34,-4.0,False,g2! g7,1,False,2,3.0,5.0,0.6,0.0,0.0,1.0,26.0,Solvers
baseline_adopters,baseline_adopters,adopters,p209,R3,bg20260726,False,True,,,2026-08-10T17:20:12.127664+00:00,,,3.0,True,False,True,,dont_know,68.0,postgrad,few_times_week,False,2,0,manual,3,2,3,2,1,1,True,10,3.3,41,True,29,35,-6.0,False,b2 h7! g8,1,False,2,3.0,5.0,0.6,0.0,0.0,1.0,26.0,Solvers
baseline_adopters,baseline_adopters,adopters,p222,R1,oc20260727,False,False,,,2026-08-07T14:55:36.003996+00:00,,,3.0,True,False,True,,2,51.0,postgrad,several_times_day,False,2,0,manual,3,1,3,1,0,0,False,42,14.0,22,True,20,44,-24.0,False,c8! b6! a8,1,False,2,3.0,6.0,0.5,0.0,0.0,2.0,36.0,Strugglers
baseline_adopters,baseline_adopters,adopters,p222,R2,b220260706,False,True,,,2026-08-07T14:55:36.003996+00:00,,,3.0,True,False,True,,2,51.0,postgrad,several_times_day,False,2,0,manual,3,2,3,2,2,2,True,14,4.7,27,True,31,33,-2.0,False,g7 h1 h2!,1,False,2,3.0,6.0,0.5,0.0,0.0,2.0,36.0,Strugglers
baseline_adopters,baseline_adopters,adopters,p222,R3,bg20260726,False,True,,,2026-08-07T14:55:36.003996+00:00,,,3.0,True,False,True,,2,51.0,postgrad,several_times_day,False,2,0,manual,3,1,3,1,1,1,True,22,7.3,25,True,23,41,-18.0,False,b2 g7! h8!,1,False,2,3.0,6.0,0.5,0.0,0.0,2.0,36.0,Strugglers
baseline_adopters,baseline_adopters,adopters,p240,R1,oc20260727,False,False,,,2026-08-07T13:57:28.970651+00:00,,,3.0,True,False,True,,dont_know,31.0,postgrad,several_times_day,False,1,0,manual,4,2,3,1,0,0,False,34,8.5,6,True,24,40,-16.0,False,g2! b6 c8! a8,1,False,2,5.0,6.0,0.833,1.0,1.0,2.0,14.0,Solvers
baseline_adopters,baseline_adopters,adopters,p240,R2,b220260706,False,True,,,2026-08-07T13:57:28.970651+00:00,,,3.0,True,False,True,,dont_know,31.0,postgrad,several_times_day,False,1,0,manual,3,2,3,2,2,2,True,14,4.7,4,True,31,33,-2.0,False,g7 h1 h2!,1,False,2,5.0,6.0,0.833,1.0,1.0,2.0,14.0,Solvers
baseline_adopters,baseline_adopters,adopters,p240,R3,bg20260726,False,True,,,2026-08-07T13:57:28.970651+00:00,,,3.0,True,False,True,,dont_know,31.0,postgrad,several_times_day,False,1,0,manual,3,3,3,3,3,3,True,0,0.0,3,True,34,30,4.0,True,b2 g8 h7,1,True,2,5.0,6.0,0.833,1.0,1.0,2.0,14.0,Solvers
baseline_adopters,baseline_adopters,adopters,p241,R1,oc20260727,False,False,,,2026-08-07T14:40:11.407198+00:00,,,3.0,True,False,True,,1,63.0,bachelors,several_times_day,False,1,0,manual,3,1,3,1,0,0,False,42,14.0,45,True,20,44,-24.0,False,c8! a7 b6!,1,False,2,0.0,4.0,0.0,0.0,0.0,0.0,50.0,Strugglers
baseline_adopters,baseline_adopters,adopters,p241,R2,b220260706,False,True,,,2026-08-07T14:40:11.407198+00:00,,,3.0,True,False,True,,1,63.0,bachelors,several_times_day,False,1,0,manual,2,0,2,0,0,0,False,24,12.0,15,True,26,38,-12.0,False,g2! h2!,1,False,2,0.0,4.0,0.0,0.0,0.0,0.0,50.0,Strugglers
baseline_adopters,baseline_adopters,adopters,p241,R3,bg20260726,False,True,,,2026-08-07T14:40:11.407198+00:00,,,3.0,True,False,True,,1,63.0,bachelors,several_times_day,False,1,0,manual,2,0,2,0,0,0,False,26,13.0,10,True,21,43,-22.0,False,h7! g7!,1,False,2,0.0,4.0,0.0,0.0,0.0,0.0,50.0,Strugglers
baseline_adopters,baseline_adopters,adopters,p248,R1,oc20260727,False,False,,,2026-08-11T00:15:03.158879+00:00,,,3.0,True,False,True,,1,61.0,bachelors,several_times_day,False,5,0,manual,3,0,3,0,0,0,False,44,14.7,13,True,19,45,-26.0,False,g2! b8! c8!,1,False,2,5.0,6.0,0.833,1.0,1.0,2.0,14.0,Solvers
baseline_adopters,baseline_adopters,adopters,p248,R2,b220260706,False,True,,,2026-08-11T00:15:03.158879+00:00,,,3.0,True,False,True,,1,61.0,bachelors,several_times_day,False,5,0,manual,3,2,3,2,2,2,True,14,4.7,15,True,31,33,-2.0,False,g7 h1 h2!,1,False,2,5.0,6.0,0.833,1.0,1.0,2.0,14.0,Solvers
baseline_adopters,baseline_adopters,adopters,p248,R3,bg20260726,False,True,,,2026-08-11T00:15:03.158879+00:00,,,3.0,True,False,True,,1,61.0,bachelors,several_times_day,False,5,0,manual,3,3,3,3,3,3,True,0,0.0,18,True,34,30,4.0,True,b2 g8 h7,1,True,2,5.0,6.0,0.833,1.0,1.0,2.0,14.0,Solvers
baseline_adopters,baseline_adopters,adopters,p260,R1,oc20260727,False,False,,,2026-08-10T23:02:52.454212+00:00,,,2.667,True,False,True,,1,55.0,bachelors,few_times_week,False,2,0,manual,4,1,3,0,0,0,False,44,11.0,38,True,19,45,-26.0,False,b6! b7! g2! b8,1,False,2,1.0,5.0,0.2,0.0,0.0,1.0,52.0,Strugglers
baseline_adopters,baseline_adopters,adopters,p260,R2,b220260706,False,True,,,2026-08-10T23:02:52.454212+00:00,,,2.667,True,False,True,,1,55.0,bachelors,few_times_week,False,2,0,manual,2,0,2,0,0,0,False,30,15.0,3,True,23,41,-18.0,False,g1! g2!,1,False,2,1.0,5.0,0.2,0.0,0.0,1.0,52.0,Strugglers
baseline_adopters,baseline_adopters,adopters,p260,R3,bg20260726,False,True,,,2026-08-10T23:02:52.454212+00:00,,,2.667,True,False,True,,1,55.0,bachelors,few_times_week,False,2,0,manual,3,1,3,1,1,1,True,22,7.3,10,True,23,41,-18.0,False,b2 g7! h8!,1,False,2,1.0,5.0,0.2,0.0,0.0,1.0,52.0,Strugglers
baseline_adopters,baseline_adopters,adopters,p263,R1,oc20260727,False,False,,,2026-08-10T19:55:16.752260+00:00,,,3.0,True,False,True,,1,23.0,bachelors,few_times_week,True,1,0,manual,4,2,3,2,1,1,True,42,10.5,36,True,20,44,-24.0,False,b7 b6! g2 c8!,1,False,2,2.0,4.0,0.5,0.0,0.0,0.0,24.0,Strugglers
baseline_adopters,baseline_adopters,adopters,p263,R2,b220260706,False,True,,,2026-08-10T19:55:16.752260+00:00,,,3.0,True,False,True,,1,23.0,bachelors,few_times_week,True,1,0,manual,2,1,2,1,0,0,False,16,8.0,12,True,30,34,-4.0,False,g2! g7,1,False,2,2.0,4.0,0.5,0.0,0.0,0.0,24.0,Strugglers
baseline_adopters,baseline_adopters,adopters,p263,R3,bg20260726,False,True,,,2026-08-10T19:55:16.752260+00:00,,,3.0,True,False,True,,1,23.0,bachelors,few_times_week,True,1,0,manual,2,1,2,1,0,0,False,8,4.0,12,True,30,34,-4.0,False,g8! g7,1,False,2,2.0,4.0,0.5,0.0,0.0,0.0,24.0,Strugglers
baseline_adopters,baseline_adopters,adopters,p270,R1,oc20260727,False,False,,,2026-08-10T19:25:00.575994+00:00,,,2.667,True,False,True,,dont_know,36.0,bachelors,few_times_week,False,1,0,manual,4,2,3,2,0,0,False,40,10.0,11,True,21,43,-22.0,False,b6! g2 b7 a7!,1,False,2,3.0,5.0,0.6,0.0,0.0,1.0,22.0,Solvers
baseline_adopters,baseline_adopters,adopters,p270,R2,b220260706,False,True,,,2026-08-10T19:25:00.575994+00:00,,,2.667,True,False,True,,dont_know,36.0,bachelors,few_times_week,False,1,0,manual,3,2,3,2,2,2,True,14,4.7,6,True,31,33,-2.0,False,g7 h1 h2!,1,False,2,3.0,5.0,0.6,0.0,0.0,1.0,22.0,Solvers
baseline_adopters,baseline_adopters,adopters,p270,R3,bg20260726,False,True,,,2026-08-10T19:25:00.575994+00:00,,,2.667,True,False,True,,dont_know,36.0,bachelors,few_times_week,False,1,0,manual,2,1,2,1,0,0,False,8,4.0,6,True,30,34,-4.0,False,g8! g7,1,False,2,3.0,5.0,0.6,0.0,0.0,1.0,22.0,Solvers
baseline_adopters,baseline_adopters,adopters,p289,R1,oc20260727,False,False,,,2026-08-10T12:32:10.630639+00:00,,,2.667,True,False,True,,dont_know,36.0,bachelors,daily,False,3,0,manual,3,0,3,0,0,0,False,44,14.7,37,True,19,45,-26.0,False,g2! c8! a7!,1,False,2,2.0,5.0,0.4,0.0,0.0,1.0,38.0,Strugglers
baseline_adopters,baseline_adopters,adopters,p289,R2,b220260706,False,True,,,2026-08-10T12:32:10.630639+00:00,,,2.667,True,False,True,,dont_know,36.0,bachelors,daily,False,3,0,manual,2,0,2,0,0,0,False,24,12.0,4,True,26,38,-12.0,False,g2! h2!,1,False,2,2.0,5.0,0.4,0.0,0.0,1.0,38.0,Strugglers
baseline_adopters,baseline_adopters,adopters,p289,R3,bg20260726,False,True,,,2026-08-10T12:32:10.630639+00:00,,,2.667,True,False,True,,dont_know,36.0,bachelors,daily,False,3,0,manual,3,2,3,2,1,1,True,14,4.7,16,True,27,37,-10.0,False,b2 g7! h7,1,False,2,2.0,5.0,0.4,0.0,0.0,1.0,38.0,Strugglers
baseline_adopters,baseline_adopters,adopters,p300,R1,oc20260727,False,False,,,2026-08-10T12:53:02.819976+00:00,,,2.667,True,False,True,,1,34.0,bachelors,less_than_monthly,False,1,0,manual,3,1,3,1,0,0,False,56,18.7,21,True,13,51,-38.0,False,a7! g2 c8!,1,False,2,3.0,5.0,0.6,0.0,0.0,1.0,30.0,Solvers
baseline_adopters,baseline_adopters,adopters,p300,R2,b220260706,False,True,,,2026-08-10T12:53:02.819976+00:00,,,2.667,True,False,True,,1,34.0,bachelors,less_than_monthly,False,1,0,manual,2,1,2,1,0,0,False,16,8.0,13,True,30,34,-4.0,False,g2! g7,1,False,2,3.0,5.0,0.6,0.0,0.0,1.0,30.0,Solvers
baseline_adopters,baseline_adopters,adopters,p300,R3,bg20260726,False,True,,,2026-08-10T12:53:02.819976+00:00,,,2.667,True,False,True,,1,34.0,bachelors,less_than_monthly,False,1,0,manual,3,2,3,2,1,1,True,14,4.7,13,True,27,37,-10.0,False,b2 g7! h7,1,False,2,3.0,5.0,0.6,0.0,0.0,1.0,30.0,Solvers
baseline_adopters,baseline_adopters,adopters,p307,R1,oc20260727,False,False,,,2026-08-07T23:24:47.056535+00:00,,,3.0,True,False,True,,dont_know,43.0,some_college,several_times_day,False,3,0,manual,4,1,3,0,0,0,False,40,10.0,25,True,21,43,-22.0,False,g2! c8! b8! a7,1,False,2,0.0,4.0,0.0,0.0,0.0,0.0,38.0,Strugglers
baseline_adopters,baseline_adopters,adopters,p307,R2,b220260706,False,True,,,2026-08-07T23:24:47.056535+00:00,,,3.0,True,False,True,,dont_know,43.0,some_college,several_times_day,False,3,0,manual,2,0,2,0,0,0,False,24,12.0,12,True,26,38,-12.0,False,g2! h2!,1,False,2,0.0,4.0,0.0,0.0,0.0,0.0,38.0,Strugglers
baseline_adopters,baseline_adopters,adopters,p307,R3,bg20260726,False,True,,,2026-08-07T23:24:47.056535+00:00,,,3.0,True,False,True,,dont_know,43.0,some_college,several_times_day,False,3,0,manual,2,0,2,0,0,0,False,14,7.0,12,True,27,37,-10.0,False,g8! h7!,1,False,2,0.0,4.0,0.0,0.0,0.0,0.0,38.0,Strugglers
baseline_adopters,baseline_adopters,adopters,p317,R1,oc20260727,False,False,,,2026-08-10T20:24:30.961603+00:00,,,3.0,True,False,True,,2,30.0,postgrad,less_than_monthly,True,3,0,manual,4,2,3,1,1,1,True,38,9.5,38,True,22,42,-20.0,False,b7 g2! b6! b8,1,False,2,1.0,4.0,0.25,0.0,0.0,0.0,42.0,Strugglers
baseline_adopters,baseline_adopters,adopters,p317,R2,b220260706,False,True,,,2026-08-10T20:24:30.961603+00:00,,,3.0,True,False,True,,2,30.0,postgrad,less_than_monthly,True,3,0,manual,2,1,2,1,0,0,False,16,8.0,12,True,30,34,-4.0,False,g2! g7,1,False,2,1.0,4.0,0.25,0.0,0.0,0.0,42.0,Strugglers
baseline_adopters,baseline_adopters,adopters,p317,R3,bg20260726,False,True,,,2026-08-10T20:24:30.961603+00:00,,,3.0,True,False,True,,2,30.0,postgrad,less_than_monthly,True,3,0,manual,2,0,2,0,0,0,False,26,13.0,7,True,21,43,-22.0,False,h7! g7!,1,False,2,1.0,4.0,0.25,0.0,0.0,0.0,42.0,Strugglers
baseline_adopters,baseline_adopters,adopters,p325,R1,oc20260727,False,False,,,2026-08-06T22:42:53.371953+00:00,,,3.0,True,False,True,,1,26.0,hs_graduate,weekly,False,1,0,manual,4,1,3,0,0,0,False,40,10.0,23,True,21,43,-22.0,False,g2! c8! b8! b6,1,False,2,1.0,4.0,0.25,0.0,0.0,0.0,30.0,Strugglers
baseline_adopters,baseline_adopters,adopters,p325,R2,b220260706,False,True,,,2026-08-06T22:42:53.371953+00:00,,,3.0,True,False,True,,1,26.0,hs_graduate,weekly,False,1,0,manual,2,1,2,1,0,0,False,16,8.0,14,True,30,34,-4.0,False,g2! g7,1,False,2,1.0,4.0,0.25,0.0,0.0,0.0,30.0,Strugglers
baseline_adopters,baseline_adopters,adopters,p325,R3,bg20260726,False,True,,,2026-08-06T22:42:53.371953+00:00,,,3.0,True,False,True,,1,26.0,hs_graduate,weekly,False,1,0,manual,2,0,2,0,0,0,False,14,7.0,8,True,27,37,-10.0,False,g8! h7!,1,False,2,1.0,4.0,0.25,0.0,0.0,0.0,30.0,Strugglers
baseline_adopters,baseline_adopters,adopters,p327,R1,oc20260727,False,False,,,2026-08-10T17:18:41.188652+00:00,,,3.0,True,False,True,,dont_know,31.0,postgrad,several_times_day,False,1,0,manual,4,2,3,2,0,0,False,40,10.0,16,True,21,43,-22.0,False,g2! b7 b6 a7!,1,False,2,1.0,4.0,0.25,0.0,0.0,1.0,26.0,Strugglers
baseline_adopters,baseline_adopters,adopters,p327,R2,b220260706,False,True,,,2026-08-10T17:18:41.188652+00:00,,,3.0,True,False,True,,dont_know,31.0,postgrad,several_times_day,False,1,0,manual,2,1,2,1,1,1,True,12,6.0,4,True,32,32,0.0,False,g7 g2!,1,False,2,1.0,4.0,0.25,0.0,0.0,1.0,26.0,Strugglers
baseline_adopters,baseline_adopters,adopters,p327,R3,bg20260726,False,True,,,2026-08-10T17:18:41.188652+00:00,,,3.0,True,False,True,,dont_know,31.0,postgrad,several_times_day,False,1,0,manual,2,0,2,0,0,0,False,14,7.0,5,True,27,37,-10.0,False,g8! h7!,1,False,2,1.0,4.0,0.25,0.0,0.0,1.0,26.0,Strugglers
baseline_adopters,baseline_adopters,adopters,p337,R1,oc20260727,False,False,,,2026-08-10T15:24:42.872979+00:00,,,3.0,True,False,True,,2,27.0,bachelors,daily,False,2,0,manual,4,2,3,1,1,1,True,38,9.5,19,True,22,42,-20.0,False,b7 g2! b6! b8,1,False,2,5.0,6.0,0.833,1.0,1.0,2.0,10.0,Solvers
baseline_adopters,baseline_adopters,adopters,p337,R2,b220260706,False,True,,,2026-08-10T15:24:42.872979+00:00,,,3.0,True,False,True,,2,27.0,bachelors,daily,False,2,0,manual,3,3,3,3,3,3,True,0,0.0,14,True,38,26,12.0,True,g7 h1 g2,1,True,2,5.0,6.0,0.833,1.0,1.0,2.0,10.0,Solvers
baseline_adopters,baseline_adopters,adopters,p337,R3,bg20260726,False,True,,,2026-08-10T15:24:42.872979+00:00,,,3.0,True,False,True,,2,27.0,bachelors,daily,False,2,0,manual,3,2,3,2,1,1,True,10,3.3,11,True,29,35,-6.0,False,b2 h7! g8,1,False,2,5.0,6.0,0.833,1.0,1.0,2.0,10.0,Solvers
baseline_adopters,baseline_adopters,adopters,p338,R1,oc20260727,False,False,,,2026-08-07T22:26:57.423730+00:00,,,2.667,True,False,True,,1,47.0,postgrad,never,True,2,0,manual,5,2,3,1,1,1,True,30,6.0,47,True,26,38,-12.0,False,b7 g2! a7! a1! c8,1,False,2,0.0,4.0,0.0,0.0,0.0,0.0,46.0,Strugglers
baseline_adopters,baseline_adopters,adopters,p338,R2,b220260706,False,True,,,2026-08-07T22:26:57.423730+00:00,,,2.667,True,False,True,,1,47.0,postgrad,never,True,2,0,manual,2,0,2,0,0,0,False,24,12.0,9,True,26,38,-12.0,False,g2! h2!,1,False,2,0.0,4.0,0.0,0.0,0.0,0.0,46.0,Strugglers
baseline_adopters,baseline_adopters,adopters,p338,R3,bg20260726,False,True,,,2026-08-07T22:26:57.423730+00:00,,,2.667,True,False,True,,1,47.0,postgrad,never,True,2,0,manual,2,0,2,0,0,0,False,22,11.0,2,True,23,41,-18.0,False,g7! h7!,1,False,2,0.0,4.0,0.0,0.0,0.0,0.0,46.0,Strugglers
baseline_adopters,baseline_adopters,adopters,p341,R1,oc20260727,False,False,,,2026-08-10T15:07:41.119040+00:00,,,2.667,True,False,True,,2,37.0,postgrad,daily,True,2,0,manual,3,2,3,2,1,1,True,38,12.7,38,True,22,42,-20.0,False,b7 b6! b8,1,False,2,2.0,5.0,0.4,0.0,0.0,1.0,38.0,Strugglers
baseline_adopters,baseline_adopters,adopters,p341,R2,b220260706,False,True,,,2026-08-10T15:07:41.119040+00:00,,,2.667,True,False,True,,2,37.0,postgrad,daily,True,2,0,manual,2,0,2,0,0,0,False,24,12.0,4,True,26,38,-12.0,False,g2! h2!,1,False,2,2.0,5.0,0.4,0.0,0.0,1.0,38.0,Strugglers
baseline_adopters,baseline_adopters,adopters,p341,R3,bg20260726,False,True,,,2026-08-10T15:07:41.119040+00:00,,,2.667,True,False,True,,2,37.0,postgrad,daily,True,2,0,manual,3,2,3,2,1,1,True,14,4.7,13,True,27,37,-10.0,False,b2 g7! h7,1,False,2,2.0,5.0,0.4,0.0,0.0,1.0,38.0,Strugglers
baseline_adopters,baseline_adopters,adopters,p344,R1,oc20260727,False,False,,,2026-08-10T23:23:25.871698+00:00,,,2.667,True,False,True,,1,30.0,bachelors,weekly,True,2,0,manual,4,3,3,2,1,1,True,38,9.5,26,True,22,42,-20.0,False,b7 b6! g2 b8,1,False,2,6.0,6.0,1.0,2.0,2.0,2.0,0.0,Solvers
baseline_adopters,baseline_adopters,adopters,p344,R2,b220260706,False,True,,,2026-08-10T23:23:25.871698+00:00,,,2.667,True,False,True,,1,30.0,bachelors,weekly,True,2,0,manual,3,3,3,3,3,3,True,0,0.0,7,True,38,26,12.0,True,g7 h1 g2,1,True,2,6.0,6.0,1.0,2.0,2.0,2.0,0.0,Solvers
baseline_adopters,baseline_adopters,adopters,p344,R3,bg20260726,False,True,,,2026-08-10T23:23:25.871698+00:00,,,2.667,True,False,True,,1,30.0,bachelors,weekly,True,2,0,manual,3,3,3,3,3,3,True,0,0.0,9,True,34,30,4.0,True,b2 g8 h7,1,True,2,6.0,6.0,1.0,2.0,2.0,2.0,0.0,Solvers
baseline_adopters,baseline_adopters,adopters,p359,R1,oc20260727,False,False,,,2026-08-07T16:35:32.350700+00:00,,,2.667,True,False,True,,dont_know,37.0,postgrad,few_times_week,False,2,0,manual,3,0,3,0,0,0,False,44,14.7,9,True,19,45,-26.0,False,g2! c8! a7!,1,False,2,1.0,4.0,0.25,0.0,0.0,1.0,36.0,Strugglers
baseline_adopters,baseline_adopters,adopters,p359,R2,b220260706,False,True,,,2026-08-07T16:35:32.350700+00:00,,,2.667,True,False,True,,dont_know,37.0,postgrad,few_times_week,False,2,0,manual,2,1,2,1,1,1,True,12,6.0,2,True,32,32,0.0,False,g7 g2!,1,False,2,1.0,4.0,0.25,0.0,0.0,1.0,36.0,Strugglers
baseline_adopters,baseline_adopters,adopters,p359,R3,bg20260726,False,True,,,2026-08-07T16:35:32.350700+00:00,,,2.667,True,False,True,,dont_know,37.0,postgrad,few_times_week,False,2,0,manual,2,0,2,0,0,0,False,24,12.0,2,True,22,42,-20.0,False,g7! g8!,1,False,2,1.0,4.0,0.25,0.0,0.0,1.0,36.0,Strugglers
baseline_adopters,baseline_adopters,adopters,p360,R1,oc20260727,False,False,,,2026-08-07T16:46:41.831815+00:00,,,3.0,True,False,True,,1,54.0,bachelors,few_times_week,False,2,0,manual,4,2,3,1,1,1,True,38,9.5,52,True,22,42,-20.0,False,b7 g2! b6! b8,1,False,2,2.0,4.0,0.5,0.0,0.0,0.0,30.0,Strugglers
baseline_adopters,baseline_adopters,adopters,p360,R2,b220260706,False,True,,,2026-08-07T16:46:41.831815+00:00,,,3.0,True,False,True,,1,54.0,bachelors,few_times_week,False,2,0,manual,2,1,2,1,0,0,False,14,7.0,8,True,31,33,-2.0,False,g1! g7,1,False,2,2.0,4.0,0.5,0.0,0.0,0.0,30.0,Strugglers
baseline_adopters,baseline_adopters,adopters,p360,R3,bg20260726,False,True,,,2026-08-07T16:46:41.831815+00:00,,,3.0,True,False,True,,1,54.0,bachelors,few_times_week,False,2,0,manual,2,1,2,1,0,0,False,16,8.0,5,True,26,38,-12.0,False,h7! g8,1,False,2,2.0,4.0,0.5,0.0,0.0,0.0,30.0,Strugglers
baseline_adopters,baseline_adopters,adopters,p365,R1,oc20260727,False,False,,,2026-08-10T14:47:23.386058+00:00,,,3.0,True,False,True,,1,46.0,bachelors,several_times_day,False,3,0,manual,3,2,3,2,0,0,False,40,13.3,15,True,21,43,-22.0,False,c8! a7 g2,1,False,2,2.0,4.0,0.5,0.0,0.0,1.0,30.0,Strugglers
baseline_adopters,baseline_adopters,adopters,p365,R2,b220260706,False,True,,,2026-08-10T14:47:23.386058+00:00,,,3.0,True,False,True,,1,46.0,bachelors,several_times_day,False,3,0,manual,2,1,2,1,1,1,True,14,7.0,5,True,31,33,-2.0,False,g7 h2!,1,False,2,2.0,4.0,0.5,0.0,0.0,1.0,30.0,Strugglers
baseline_adopters,baseline_adopters,adopters,p365,R3,bg20260726,False,True,,,2026-08-10T14:47:23.386058+00:00,,,3.0,True,False,True,,1,46.0,bachelors,several_times_day,False,3,0,manual,2,1,2,1,0,0,False,16,8.0,8,True,26,38,-12.0,False,h7! g8,1,False,2,2.0,4.0,0.5,0.0,0.0,1.0,30.0,Strugglers
baseline_adopters,baseline_adopters,adopters,p366,R1,oc20260727,False,False,,,2026-08-10T21:01:23.349416+00:00,,,3.0,True,False,True,,2,53.0,bachelors,less_than_monthly,True,2,0,manual,5,4,3,2,5,3,True,2,0.4,43,True,40,24,16.0,True,b7 a7! a1 h1 b6,1,False,2,3.0,5.0,0.6,1.0,1.0,1.0,26.0,Solvers
baseline_adopters,baseline_adopters,adopters,p366,R2,b220260706,False,True,,,2026-08-10T21:01:23.349416+00:00,,,3.0,True,False,True,,2,53.0,bachelors,less_than_monthly,True,2,0,manual,3,3,3,3,3,3,True,0,0.0,18,True,38,26,12.0,True,g7 h1 g2,1,True,2,3.0,5.0,0.6,1.0,1.0,1.0,26.0,Solvers
baseline_adopters,baseline_adopters,adopters,p366,R3,bg20260726,False,True,,,2026-08-10T21:01:23.349416+00:00,,,3.0,True,False,True,,2,53.0,bachelors,less_than_monthly,True,2,0,manual,2,0,2,0,0,0,False,26,13.0,8,True,21,43,-22.0,False,h7! g7!,1,False,2,3.0,5.0,0.6,1.0,1.0,1.0,26.0,Solvers
baseline_adopters,baseline_adopters,adopters,p375,R1,oc20260727,False,False,,,2026-08-07T23:16:23.189311+00:00,,,3.0,True,False,True,,dont_know,31.0,associate,never,False,1,0,manual,3,0,3,0,0,0,False,48,16.0,12,True,17,47,-30.0,False,a7! b7! c8!,1,False,2,0.0,4.0,0.0,0.0,0.0,0.0,56.0,Strugglers
baseline_adopters,baseline_adopters,adopters,p375,R2,b220260706,False,True,,,2026-08-07T23:16:23.189311+00:00,,,3.0,True,False,True,,dont_know,31.0,associate,never,False,1,0,manual,2,0,2,0,0,0,False,30,15.0,5,True,23,41,-18.0,False,g1! g2!,1,False,2,0.0,4.0,0.0,0.0,0.0,0.0,56.0,Strugglers
baseline_adopters,baseline_adopters,adopters,p375,R3,bg20260726,False,True,,,2026-08-07T23:16:23.189311+00:00,,,3.0,True,False,True,,dont_know,31.0,associate,never,False,1,0,manual,2,0,2,0,0,0,False,26,13.0,11,True,21,43,-22.0,False,h7! g7!,1,False,2,0.0,4.0,0.0,0.0,0.0,0.0,56.0,Strugglers
baseline_adopters,baseline_adopters,adopters,p376,R1,oc20260727,False,False,,,2026-08-07T16:05:13.945142+00:00,,,3.333,True,False,True,,3,47.0,bachelors,few_times_week,False,4,0,manual,3,2,3,2,0,0,False,40,13.3,16,True,21,43,-22.0,False,c8! g2 a7,1,False,2,3.0,5.0,0.6,0.0,0.0,2.0,26.0,Solvers
baseline_adopters,baseline_adopters,adopters,p376,R2,b220260706,False,True,,,2026-08-07T16:05:13.945142+00:00,,,3.333,True,False,True,,3,47.0,bachelors,few_times_week,False,4,0,manual,2,1,2,1,1,1,True,12,6.0,5,True,32,32,0.0,False,g7 g2!,1,False,2,3.0,5.0,0.6,0.0,0.0,2.0,26.0,Solvers
baseline_adopters,baseline_adopters,adopters,p376,R3,bg20260726,False,True,,,2026-08-07T16:05:13.945142+00:00,,,3.333,True,False,True,,3,47.0,bachelors,few_times_week,False,4,0,manual,3,2,3,2,1,1,True,14,4.7,18,True,27,37,-10.0,False,b2 g7! h7,1,False,2,3.0,5.0,0.6,0.0,0.0,2.0,26.0,Solvers
baseline_adopters,baseline_adopters,adopters,p398,R1,oc20260727,False,False,,,2026-08-07T15:31:58.858803+00:00,,,4.0,True,False,True,,1,29.0,postgrad,daily,False,1,0,manual,4,2,3,2,0,0,False,40,10.0,8,True,21,43,-22.0,False,b6! g2 b7 a7!,1,False,2,2.0,4.0,0.5,0.0,0.0,0.0,22.0,Strugglers
baseline_adopters,baseline_adopters,adopters,p398,R2,b220260706,False,True,,,2026-08-07T15:31:58.858803+00:00,,,4.0,True,False,True,,1,29.0,postgrad,daily,False,1,0,manual,2,1,2,1,0,0,False,14,7.0,5,True,31,33,-2.0,False,g1! g7,1,False,2,2.0,4.0,0.5,0.0,0.0,0.0,22.0,Strugglers
baseline_adopters,baseline_adopters,adopters,p398,R3,bg20260726,False,True,,,2026-08-07T15:31:58.858803+00:00,,,4.0,True,False,True,,1,29.0,postgrad,daily,False,1,0,manual,2,1,2,1,0,0,False,8,4.0,7,True,30,34,-4.0,False,g8! g7,1,False,2,2.0,4.0,0.5,0.0,0.0,0.0,22.0,Strugglers
baseline_adopters,baseline_adopters,adopters,p401,R1,oc20260727,False,False,,,2026-08-10T16:07:33.003739+00:00,,,2.667,True,False,True,,dont_know,25.0,some_college,less_than_monthly,False,1,0,manual,4,2,3,1,0,0,False,42,10.5,9,True,20,44,-24.0,False,c8! b6! g2 a8,1,False,2,5.0,6.0,0.833,1.0,1.0,2.0,14.0,Solvers
baseline_adopters,baseline_adopters,adopters,p401,R2,b220260706,False,True,,,2026-08-10T16:07:33.003739+00:00,,,2.667,True,False,True,,dont_know,25.0,some_college,less_than_monthly,False,1,0,manual,3,2,3,2,2,2,True,14,4.7,6,True,31,33,-2.0,False,g7 h1 h2!,1,False,2,5.0,6.0,0.833,1.0,1.0,2.0,14.0,Solvers
baseline_adopters,baseline_adopters,adopters,p401,R3,bg20260726,False,True,,,2026-08-10T16:07:33.003739+00:00,,,2.667,True,False,True,,dont_know,25.0,some_college,less_than_monthly,False,1,0,manual,3,3,3,3,3,3,True,0,0.0,5,True,34,30,4.0,True,b2 g8 h7,1,True,2,5.0,6.0,0.833,1.0,1.0,2.0,14.0,Solvers
baseline_adopters,baseline_adopters,adopters,p412,R1,oc20260727,False,False,,,2026-08-07T13:55:30.591224+00:00,,,3.667,True,False,True,,dont_know,34.0,postgrad,few_times_week,False,4,0,manual,2,0,2,0,0,0,False,54,27.0,4,True,14,50,-36.0,False,a7! c8!,1,False,2,1.0,4.0,0.25,0.0,0.0,0.0,36.0,Strugglers
baseline_adopters,baseline_adopters,adopters,p412,R2,b220260706,False,True,,,2026-08-07T13:55:30.591224+00:00,,,3.667,True,False,True,,dont_know,34.0,postgrad,few_times_week,False,4,0,manual,2,1,2,1,0,0,False,14,7.0,4,True,31,33,-2.0,False,g1! g7,1,False,2,1.0,4.0,0.25,0.0,0.0,0.0,36.0,Strugglers
baseline_adopters,baseline_adopters,adopters,p412,R3,bg20260726,False,True,,,2026-08-07T13:55:30.591224+00:00,,,3.667,True,False,True,,dont_know,34.0,postgrad,few_times_week,False,4,0,manual,2,0,2,0,0,0,False,22,11.0,7,True,23,41,-18.0,False,g7! h7!,1,False,2,1.0,4.0,0.25,0.0,0.0,0.0,36.0,Strugglers
baseline_adopters,baseline_adopters,adopters,p413,R1,oc20260727,False,False,,,2026-08-07T13:57:34.548420+00:00,,,2.667,True,False,True,,dont_know,34.0,bachelors,few_times_week,False,1,0,manual,5,4,3,2,1,1,True,20,4.0,21,True,31,33,-2.0,False,b7 g2! c8 a7 b6,1,False,2,1.0,4.0,0.25,0.0,0.0,0.0,38.0,Strugglers
baseline_adopters,baseline_adopters,adopters,p413,R2,b220260706,False,True,,,2026-08-07T13:57:34.548420+00:00,,,2.667,True,False,True,,dont_know,34.0,bachelors,few_times_week,False,1,0,manual,2,1,2,1,0,0,False,16,8.0,11,True,30,34,-4.0,False,g2! g7,1,False,2,1.0,4.0,0.25,0.0,0.0,0.0,38.0,Strugglers
baseline_adopters,baseline_adopters,adopters,p413,R3,bg20260726,False,True,,,2026-08-07T13:57:34.548420+00:00,,,2.667,True,False,True,,dont_know,34.0,bachelors,few_times_week,False,1,0,manual,2,0,2,0,0,0,False,22,11.0,1,True,23,41,-18.0,False,g7! h7!,1,False,2,1.0,4.0,0.25,0.0,0.0,0.0,38.0,Strugglers
baseline_adopters,baseline_adopters,adopters,p421,R1,oc20260727,False,False,,,2026-08-10T22:27:49.208885+00:00,,,3.0,True,False,True,,2,43.0,postgrad,few_times_week,True,1,0,manual,4,3,3,2,1,1,True,38,9.5,57,True,22,42,-20.0,False,b7 b6! g2 b8,1,False,2,1.0,4.0,0.25,0.0,0.0,0.0,42.0,Strugglers
baseline_adopters,baseline_adopters,adopters,p421,R2,b220260706,False,True,,,2026-08-10T22:27:49.208885+00:00,,,3.0,True,False,True,,2,43.0,postgrad,few_times_week,True,1,0,manual,2,1,2,1,0,0,False,16,8.0,13,True,30,34,-4.0,False,g2! g7,1,False,2,1.0,4.0,0.25,0.0,0.0,0.0,42.0,Strugglers
baseline_adopters,baseline_adopters,adopters,p421,R3,bg20260726,False,True,,,2026-08-10T22:27:49.208885+00:00,,,3.0,True,False,True,,2,43.0,postgrad,few_times_week,True,1,0,manual,2,0,2,0,0,0,False,26,13.0,9,True,21,43,-22.0,False,h7! g7!,1,False,2,1.0,4.0,0.25,0.0,0.0,0.0,42.0,Strugglers
baseline_adopters,baseline_adopters,adopters,p422,R1,oc20260727,False,False,,,2026-08-07T13:22:41.671098+00:00,,,2.667,True,False,True,,1,59.0,bachelors,weekly,True,1,0,manual,3,2,3,2,1,1,True,38,12.7,53,True,22,42,-20.0,False,b7 b6! b8,1,False,2,3.0,5.0,0.6,1.0,1.0,1.0,26.0,Solvers
baseline_adopters,baseline_adopters,adopters,p422,R2,b220260706,False,True,,,2026-08-07T13:22:41.671098+00:00,,,2.667,True,False,True,,1,59.0,bachelors,weekly,True,1,0,manual,3,3,3,3,3,3,True,0,0.0,62,True,38,26,12.0,True,g7 h1 g2,1,True,2,3.0,5.0,0.6,1.0,1.0,1.0,26.0,Solvers
baseline_adopters,baseline_adopters,adopters,p422,R3,bg20260726,False,True,,,2026-08-07T13:22:41.671098+00:00,,,2.667,True,False,True,,1,59.0,bachelors,weekly,True,1,0,manual,2,0,2,0,0,0,False,26,13.0,24,True,21,43,-22.0,False,h7! g7!,1,False,2,3.0,5.0,0.6,1.0,1.0,1.0,26.0,Solvers
baseline_adopters,baseline_adopters,adopters,p423,R1,oc20260727,False,False,,,2026-08-07T12:47:10.257104+00:00,,,2.667,True,False,True,,1,37.0,associate,weekly,False,3,0,manual,4,2,3,2,0,0,False,40,10.0,24,True,21,43,-22.0,False,g2! b7 b6 a7!,1,False,2,1.0,5.0,0.2,0.0,0.0,1.0,46.0,Strugglers
baseline_adopters,baseline_adopters,adopters,p423,R2,b220260706,False,True,,,2026-08-07T12:47:10.257104+00:00,,,2.667,True,False,True,,1,37.0,associate,weekly,False,3,0,manual,2,0,2,0,0,0,False,24,12.0,3,True,26,38,-12.0,False,g2! h2!,1,False,2,1.0,5.0,0.2,0.0,0.0,1.0,46.0,Strugglers
baseline_adopters,baseline_adopters,adopters,p423,R3,bg20260726,False,True,,,2026-08-07T12:47:10.257104+00:00,,,2.667,True,False,True,,1,37.0,associate,weekly,False,3,0,manual,3,1,3,1,1,1,True,22,7.3,10,True,23,41,-18.0,False,b2 g7! h8!,1,False,2,1.0,5.0,0.2,0.0,0.0,1.0,46.0,Strugglers
baseline_adopters,baseline_adopters,adopters,p424,R1,oc20260727,False,False,,,2026-08-10T20:07:40.789615+00:00,,,3.0,True,False,True,,1,40.0,bachelors,daily,True,1,0,manual,3,2,3,2,1,1,True,38,12.7,40,True,22,42,-20.0,False,b7 b6! b8,1,False,2,1.0,4.0,0.25,0.0,0.0,0.0,42.0,Strugglers
baseline_adopters,baseline_adopters,adopters,p424,R2,b220260706,False,True,,,2026-08-10T20:07:40.789615+00:00,,,3.0,True,False,True,,1,40.0,bachelors,daily,True,1,0,manual,2,1,2,1,0,0,False,16,8.0,8,True,30,34,-4.0,False,g2! g7,1,False,2,1.0,4.0,0.25,0.0,0.0,0.0,42.0,Strugglers
baseline_adopters,baseline_adopters,adopters,p424,R3,bg20260726,False,True,,,2026-08-10T20:07:40.789615+00:00,,,3.0,True,False,True,,1,40.0,bachelors,daily,True,1,0,manual,2,0,2,0,0,0,False,26,13.0,10,True,21,43,-22.0,False,h7! g7!,1,False,2,1.0,4.0,0.25,0.0,0.0,0.0,42.0,Strugglers
baseline_adopters,baseline_adopters,adopters,p428,R1,oc20260727,False,False,,,2026-08-07T22:20:26.223489+00:00,,,2.667,True,False,True,,1,35.0,bachelors,weekly,True,1,0,manual,4,3,3,2,1,1,True,38,9.5,23,True,22,42,-20.0,False,b7 b6! g2 b8,1,False,2,4.0,5.0,0.8,1.0,1.0,2.0,12.0,Solvers
baseline_adopters,baseline_adopters,adopters,p428,R2,b220260706,False,True,,,2026-08-07T22:20:26.223489+00:00,,,2.667,True,False,True,,1,35.0,bachelors,weekly,True,1,0,manual,2,1,2,1,1,1,True,12,6.0,4,True,32,32,0.0,False,g7 g2!,1,False,2,4.0,5.0,0.8,1.0,1.0,2.0,12.0,Solvers
baseline_adopters,baseline_adopters,adopters,p428,R3,bg20260726,False,True,,,2026-08-07T22:20:26.223489+00:00,,,2.667,True,False,True,,1,35.0,bachelors,weekly,True,1,0,manual,3,3,3,3,3,3,True,0,0.0,7,True,34,30,4.0,True,b2 g8 h7,1,True,2,4.0,5.0,0.8,1.0,1.0,2.0,12.0,Solvers
baseline_adopters,baseline_adopters,adopters,p43,R1,oc20260727,False,False,,,2026-08-07T16:15:21.477237+00:00,,,2.667,True,False,True,,1,49.0,bachelors,daily,True,2,0,manual,5,4,3,2,5,3,True,2,0.4,52,True,40,24,16.0,True,b7 a7! a1 h1 b6,1,False,2,5.0,6.0,0.833,1.0,1.0,2.0,10.0,Solvers
baseline_adopters,baseline_adopters,adopters,p43,R2,b220260706,False,True,,,2026-08-07T16:15:21.477237+00:00,,,2.667,True,False,True,,1,49.0,bachelors,daily,True,2,0,manual,3,3,3,3,3,3,True,0,0.0,10,True,38,26,12.0,True,g7 h1 g2,1,True,2,5.0,6.0,0.833,1.0,1.0,2.0,10.0,Solvers
baseline_adopters,baseline_adopters,adopters,p43,R3,bg20260726,False,True,,,2026-08-07T16:15:21.477237+00:00,,,2.667,True,False,True,,1,49.0,bachelors,daily,True,2,0,manual,3,2,3,2,1,1,True,10,3.3,14,True,29,35,-6.0,False,b2 h7! g8,1,False,2,5.0,6.0,0.833,1.0,1.0,2.0,10.0,Solvers
baseline_adopters,baseline_adopters,adopters,p434,R1,oc20260727,False,False,,,2026-08-10T16:31:46.053783+00:00,,,3.0,True,False,True,,1,30.0,bachelors,daily,False,1,0,manual,5,3,3,2,5,3,True,4,0.8,42,True,39,25,14.0,True,b7 a7! a1 b6! h1,1,False,2,4.0,5.0,0.8,1.0,1.0,1.0,8.0,Solvers
baseline_adopters,baseline_adopters,adopters,p434,R2,b220260706,False,True,,,2026-08-10T16:31:46.053783+00:00,,,3.0,True,False,True,,1,30.0,bachelors,daily,False,1,0,manual,3,3,3,3,3,3,True,0,0.0,12,True,38,26,12.0,True,g7 h1 g2,1,True,2,4.0,5.0,0.8,1.0,1.0,1.0,8.0,Solvers
baseline_adopters,baseline_adopters,adopters,p434,R3,bg20260726,False,True,,,2026-08-10T16:31:46.053783+00:00,,,3.0,True,False,True,,1,30.0,bachelors,daily,False,1,0,manual,2,1,2,1,0,0,False,8,4.0,8,True,30,34,-4.0,False,g8! g7,1,False,2,4.0,5.0,0.8,1.0,1.0,1.0,8.0,Solvers
baseline_adopters,baseline_adopters,adopters,p447,R1,oc20260727,False,False,,,2026-08-10T19:35:43.622521+00:00,,,3.0,True,False,True,,dont_know,41.0,associate,daily,True,1,0,manual,3,2,3,2,2,2,True,38,12.7,25,True,22,42,-20.0,False,b7 c8 b6!,1,False,2,2.0,4.0,0.5,0.0,0.0,1.0,20.0,Strugglers
baseline_adopters,baseline_adopters,adopters,p447,R2,b220260706,False,True,,,2026-08-10T19:35:43.622521+00:00,,,3.0,True,False,True,,dont_know,41.0,associate,daily,True,1,0,manual,2,1,2,1,1,1,True,12,6.0,6,True,32,32,0.0,False,g7 g2!,1,False,2,2.0,4.0,0.5,0.0,0.0,1.0,20.0,Strugglers
baseline_adopters,baseline_adopters,adopters,p447,R3,bg20260726,False,True,,,2026-08-10T19:35:43.622521+00:00,,,3.0,True,False,True,,dont_know,41.0,associate,daily,True,1,0,manual,2,1,2,1,0,0,False,8,4.0,10,True,30,34,-4.0,False,g8! g7,1,False,2,2.0,4.0,0.5,0.0,0.0,1.0,20.0,Strugglers
baseline_adopters,baseline_adopters,adopters,p455,R1,oc20260727,False,False,,,2026-08-07T14:21:01.620777+00:00,,,4.0,True,False,True,,3,46.0,postgrad,daily,False,2,0,manual,4,2,3,1,0,0,False,44,11.0,32,True,19,45,-26.0,False,c8! g2 b8! b6,1,False,2,5.0,6.0,0.833,1.0,1.0,2.0,10.0,Solvers
baseline_adopters,baseline_adopters,adopters,p455,R2,b220260706,False,True,,,2026-08-07T14:21:01.620777+00:00,,,4.0,True,False,True,,3,46.0,postgrad,daily,False,2,0,manual,3,3,3,3,3,3,True,0,0.0,11,True,38,26,12.0,True,g7 h1 g2,1,True,2,5.0,6.0,0.833,1.0,1.0,2.0,10.0,Solvers
baseline_adopters,baseline_adopters,adopters,p455,R3,bg20260726,False,True,,,2026-08-07T14:21:01.620777+00:00,,,4.0,True,False,True,,3,46.0,postgrad,daily,False,2,0,manual,3,2,3,2,1,1,True,10,3.3,7,True,29,35,-6.0,False,b2 h7! g8,1,False,2,5.0,6.0,0.833,1.0,1.0,2.0,10.0,Solvers
baseline_adopters,baseline_adopters,adopters,p465,R1,oc20260727,False,False,,,2026-08-10T15:52:01.713887+00:00,,,2.667,True,False,True,,1,38.0,some_college,few_times_week,False,1,0,manual,4,0,3,0,0,0,False,48,12.0,36,True,17,47,-30.0,False,b6! b7! a7! c8!,1,False,2,3.0,5.0,0.6,0.0,0.0,2.0,26.0,Solvers
baseline_adopters,baseline_adopters,adopters,p465,R2,b220260706,False,True,,,2026-08-10T15:52:01.713887+00:00,,,2.667,True,False,True,,1,38.0,some_college,few_times_week,False,1,0,manual,2,1,2,1,1,1,True,12,6.0,34,True,32,32,0.0,False,g7 g2!,1,False,2,3.0,5.0,0.6,0.0,0.0,2.0,26.0,Solvers
baseline_adopters,baseline_adopters,adopters,p465,R3,bg20260726,False,True,,,2026-08-10T15:52:01.713887+00:00,,,2.667,True,False,True,,1,38.0,some_college,few_times_week,False,1,0,manual,3,2,3,2,1,1,True,14,4.7,52,True,27,37,-10.0,False,b2 g7! h7,1,False,2,3.0,5.0,0.6,0.0,0.0,2.0,26.0,Solvers
baseline_adopters,baseline_adopters,adopters,p467,R1,oc20260727,False,False,,,2026-08-10T23:25:52.065802+00:00,,,3.0,True,False,True,,2,57.0,some_college,daily,False,1,0,manual,3,1,3,1,0,0,False,42,14.0,28,True,20,44,-24.0,False,c8! a7 b6!,1,False,2,5.0,6.0,0.833,1.0,1.0,2.0,14.0,Solvers
baseline_adopters,baseline_adopters,adopters,p467,R2,b220260706,False,True,,,2026-08-10T23:25:52.065802+00:00,,,3.0,True,False,True,,2,57.0,some_college,daily,False,1,0,manual,3,2,3,2,2,2,True,14,4.7,23,True,31,33,-2.0,False,g7 h1 h2!,1,False,2,5.0,6.0,0.833,1.0,1.0,2.0,14.0,Solvers
baseline_adopters,baseline_adopters,adopters,p467,R3,bg20260726,False,True,,,2026-08-10T23:25:52.065802+00:00,,,3.0,True,False,True,,2,57.0,some_college,daily,False,1,0,manual,3,3,3,3,3,3,True,0,0.0,21,True,34,30,4.0,True,b2 g8 h7,1,True,2,5.0,6.0,0.833,1.0,1.0,2.0,14.0,Solvers
baseline_adopters,baseline_adopters,adopters,p472,R1,oc20260727,False,False,,,2026-08-10T21:41:38.166875+00:00,,,2.667,True,False,True,,1,43.0,bachelors,few_times_week,False,1,0,manual,4,2,3,2,0,0,False,40,10.0,21,True,21,43,-22.0,False,g2! b7 b6 a7!,1,False,2,4.0,5.0,0.8,1.0,1.0,2.0,12.0,Solvers
baseline_adopters,baseline_adopters,adopters,p472,R2,b220260706,False,True,,,2026-08-10T21:41:38.166875+00:00,,,2.667,True,False,True,,1,43.0,bachelors,few_times_week,False,1,0,manual,2,1,2,1,1,1,True,12,6.0,8,True,32,32,0.0,False,g7 g2!,1,False,2,4.0,5.0,0.8,1.0,1.0,2.0,12.0,Solvers
baseline_adopters,baseline_adopters,adopters,p472,R3,bg20260726,False,True,,,2026-08-10T21:41:38.166875+00:00,,,2.667,True,False,True,,1,43.0,bachelors,few_times_week,False,1,0,manual,3,3,3,3,3,3,True,0,0.0,19,True,34,30,4.0,True,b2 g8 h7,1,True,2,4.0,5.0,0.8,1.0,1.0,2.0,12.0,Solvers
baseline_adopters,baseline_adopters,adopters,p486,R1,oc20260727,False,False,,,2026-08-07T15:37:06.262252+00:00,,,2.333,True,False,True,,1,26.0,some_college,weekly,True,1,0,manual,5,3,3,2,1,1,True,36,7.2,33,True,23,41,-18.0,False,b7 g2! c8 a7 a1!,1,False,2,1.0,4.0,0.25,0.0,0.0,1.0,38.0,Strugglers
baseline_adopters,baseline_adopters,adopters,p486,R2,b220260706,False,True,,,2026-08-07T15:37:06.262252+00:00,,,2.333,True,False,True,,1,26.0,some_college,weekly,True,1,0,manual,2,1,2,1,1,1,True,12,6.0,3,True,32,32,0.0,False,g7 g2!,1,False,2,1.0,4.0,0.25,0.0,0.0,1.0,38.0,Strugglers
baseline_adopters,baseline_adopters,adopters,p486,R3,bg20260726,False,True,,,2026-08-07T15:37:06.262252+00:00,,,2.333,True,False,True,,1,26.0,some_college,weekly,True,1,0,manual,2,0,2,0,0,0,False,26,13.0,4,True,21,43,-22.0,False,h7! g7!,1,False,2,1.0,4.0,0.25,0.0,0.0,1.0,38.0,Strugglers
baseline_adopters,baseline_adopters,adopters,p488,R1,oc20260727,False,False,,,2026-08-10T16:16:59.728960+00:00,,,3.0,True,False,True,,1,57.0,postgrad,few_times_week,False,2,0,manual,3,1,3,1,0,0,False,38,12.7,32,True,22,42,-20.0,False,b6! c8! a8,1,False,2,4.0,6.0,0.667,0.0,0.0,2.0,24.0,Solvers
baseline_adopters,baseline_adopters,adopters,p488,R2,b220260706,False,True,,,2026-08-10T16:16:59.728960+00:00,,,3.0,True,False,True,,1,57.0,postgrad,few_times_week,False,2,0,manual,3,2,3,2,2,2,True,14,4.7,13,True,31,33,-2.0,False,g7 h1 h2!,1,False,2,4.0,6.0,0.667,0.0,0.0,2.0,24.0,Solvers
baseline_adopters,baseline_adopters,adopters,p488,R3,bg20260726,False,True,,,2026-08-10T16:16:59.728960+00:00,,,3.0,True,False,True,,1,57.0,postgrad,few_times_week,False,2,0,manual,3,2,3,2,1,1,True,10,3.3,19,True,29,35,-6.0,False,b2 h7! g8,1,False,2,4.0,6.0,0.667,0.0,0.0,2.0,24.0,Solvers
baseline_adopters,baseline_adopters,adopters,p50,R1,oc20260727,False,False,,,2026-08-10T22:36:31.188187+00:00,,,3.0,True,False,True,,1,31.0,bachelors,few_times_week,True,1,0,manual,4,2,3,2,1,1,True,42,10.5,43,True,20,44,-24.0,False,b7 b6! g2 c8!,1,False,2,1.0,4.0,0.25,0.0,0.0,0.0,40.0,Strugglers
baseline_adopters,baseline_adopters,adopters,p50,R2,b220260706,False,True,,,2026-08-10T22:36:31.188187+00:00,,,3.0,True,False,True,,1,31.0,bachelors,few_times_week,True,1,0,manual,2,1,2,1,0,0,False,16,8.0,30,True,30,34,-4.0,False,g2! g7,1,False,2,1.0,4.0,0.25,0.0,0.0,0.0,40.0,Strugglers
baseline_adopters,baseline_adopters,adopters,p50,R3,bg20260726,False,True,,,2026-08-10T22:36:31.188187+00:00,,,3.0,True,False,True,,1,31.0,bachelors,few_times_week,True,1,0,manual,2,0,2,0,0,0,False,24,12.0,5,True,22,42,-20.0,False,g7! g8!,1,False,2,1.0,4.0,0.25,0.0,0.0,0.0,40.0,Strugglers
baseline_adopters,baseline_adopters,adopters,p510,R1,oc20260727,False,False,,,2026-08-07T17:38:28.835498+00:00,,,3.0,True,False,True,,1,61.0,postgrad,about_monthly,False,1,0,manual,5,4,3,2,1,1,True,20,4.0,29,True,31,33,-2.0,False,b7 g2! c8 a7 b6,1,False,2,1.0,4.0,0.25,0.0,0.0,0.0,38.0,Strugglers
baseline_adopters,baseline_adopters,adopters,p510,R2,b220260706,False,True,,,2026-08-07T17:38:28.835498+00:00,,,3.0,True,False,True,,1,61.0,postgrad,about_monthly,False,1,0,manual,2,1,2,1,0,0,False,16,8.0,10,True,30,34,-4.0,False,g2! g7,1,False,2,1.0,4.0,0.25,0.0,0.0,0.0,38.0,Strugglers
baseline_adopters,baseline_adopters,adopters,p510,R3,bg20260726,False,True,,,2026-08-07T17:38:28.835498+00:00,,,3.0,True,False,True,,1,61.0,postgrad,about_monthly,False,1,0,manual,2,0,2,0,0,0,False,22,11.0,8,True,23,41,-18.0,False,g7! h7!,1,False,2,1.0,4.0,0.25,0.0,0.0,0.0,38.0,Strugglers
baseline_adopters,baseline_adopters,adopters,p521,R1,oc20260727,False,False,,,2026-08-10T16:39:29.007299+00:00,,,2.667,True,False,True,,1,21.0,some_college,weekly,False,1,0,manual,5,3,3,2,0,0,False,40,8.0,13,True,21,43,-22.0,False,b6! g2 b7 c8 a7!,1,False,2,1.0,4.0,0.25,0.0,0.0,0.0,40.0,Strugglers
baseline_adopters,baseline_adopters,adopters,p521,R2,b220260706,False,True,,,2026-08-10T16:39:29.007299+00:00,,,2.667,True,False,True,,1,21.0,some_college,weekly,False,1,0,manual,2,1,2,1,0,0,False,16,8.0,3,True,30,34,-4.0,False,g2! g7,1,False,2,1.0,4.0,0.25,0.0,0.0,0.0,40.0,Strugglers
baseline_adopters,baseline_adopters,adopters,p521,R3,bg20260726,False,True,,,2026-08-10T16:39:29.007299+00:00,,,2.667,True,False,True,,1,21.0,some_college,weekly,False,1,0,manual,2,0,2,0,0,0,False,24,12.0,4,True,22,42,-20.0,False,g7! g8!,1,False,2,1.0,4.0,0.25,0.0,0.0,0.0,40.0,Strugglers
baseline_adopters,baseline_adopters,adopters,p528,R1,oc20260727,False,False,,,2026-08-10T16:17:30.649236+00:00,,,2.667,True,False,True,,dont_know,41.0,bachelors,several_times_day,False,2,0,manual,4,1,3,1,2,2,True,36,9.0,26,True,23,41,-18.0,False,b7 a7! c8! g2!,1,False,2,4.0,5.0,0.8,1.0,1.0,2.0,12.0,Solvers
baseline_adopters,baseline_adopters,adopters,p528,R2,b220260706,False,True,,,2026-08-10T16:17:30.649236+00:00,,,2.667,True,False,True,,dont_know,41.0,bachelors,several_times_day,False,2,0,manual,2,1,2,1,1,1,True,12,6.0,19,True,32,32,0.0,False,g7 g2!,1,False,2,4.0,5.0,0.8,1.0,1.0,2.0,12.0,Solvers
baseline_adopters,baseline_adopters,adopters,p528,R3,bg20260726,False,True,,,2026-08-10T16:17:30.649236+00:00,,,2.667,True,False,True,,dont_know,41.0,bachelors,several_times_day,False,2,0,manual,3,3,3,3,3,3,True,0,0.0,23,True,34,30,4.0,True,b2 g8 h7,1,True,2,4.0,5.0,0.8,1.0,1.0,2.0,12.0,Solvers
baseline_adopters,baseline_adopters,adopters,p529,R1,oc20260727,False,False,,,2026-08-07T19:03:14.259076+00:00,,,3.0,True,False,True,,1,39.0,postgrad,never,True,1,0,manual,5,3,3,1,2,2,True,20,4.0,18,True,31,33,-2.0,False,b7 a7! c8! a1 h1,1,False,2,3.0,6.0,0.5,0.0,0.0,2.0,36.0,Strugglers
baseline_adopters,baseline_adopters,adopters,p529,R2,b220260706,False,True,,,2026-08-07T19:03:14.259076+00:00,,,3.0,True,False,True,,1,39.0,postgrad,never,True,1,0,manual,3,2,3,2,2,2,True,14,4.7,6,True,31,33,-2.0,False,g7 h1 h2!,1,False,2,3.0,6.0,0.5,0.0,0.0,2.0,36.0,Strugglers
baseline_adopters,baseline_adopters,adopters,p529,R3,bg20260726,False,True,,,2026-08-07T19:03:14.259076+00:00,,,3.0,True,False,True,,1,39.0,postgrad,never,True,1,0,manual,3,1,3,1,1,1,True,22,7.3,5,True,23,41,-18.0,False,b2 g7! h8!,1,False,2,3.0,6.0,0.5,0.0,0.0,2.0,36.0,Strugglers
baseline_adopters,baseline_adopters,adopters,p539,R1,oc20260727,False,False,,,2026-08-10T17:02:51.406279+00:00,,,2.667,True,False,True,,dont_know,58.0,bachelors,several_times_day,True,1,0,manual,4,2,3,1,1,1,True,38,9.5,33,True,22,42,-20.0,False,b7 g2! b6! b8,1,False,2,0.0,4.0,0.0,0.0,0.0,0.0,50.0,Strugglers
baseline_adopters,baseline_adopters,adopters,p539,R2,b220260706,False,True,,,2026-08-10T17:02:51.406279+00:00,,,2.667,True,False,True,,dont_know,58.0,bachelors,several_times_day,True,1,0,manual,2,0,2,0,0,0,False,24,12.0,10,True,26,38,-12.0,False,g2! h2!,1,False,2,0.0,4.0,0.0,0.0,0.0,0.0,50.0,Strugglers
baseline_adopters,baseline_adopters,adopters,p539,R3,bg20260726,False,True,,,2026-08-10T17:02:51.406279+00:00,,,2.667,True,False,True,,dont_know,58.0,bachelors,several_times_day,True,1,0,manual,2,0,2,0,0,0,False,26,13.0,4,True,21,43,-22.0,False,h7! g7!,1,False,2,0.0,4.0,0.0,0.0,0.0,0.0,50.0,Strugglers
baseline_adopters,baseline_adopters,adopters,p545,R1,oc20260727,False,False,,,2026-08-07T13:25:31.925963+00:00,,,2.667,True,False,True,,1,48.0,bachelors,few_times_week,True,2,0,manual,3,2,3,2,1,1,True,38,12.7,29,True,22,42,-20.0,False,b7 b6! b8,1,False,2,1.0,4.0,0.25,0.0,0.0,1.0,38.0,Strugglers
baseline_adopters,baseline_adopters,adopters,p545,R2,b220260706,False,True,,,2026-08-07T13:25:31.925963+00:00,,,2.667,True,False,True,,1,48.0,bachelors,few_times_week,True,2,0,manual,2,1,2,1,1,1,True,12,6.0,12,True,32,32,0.0,False,g7 g2!,1,False,2,1.0,4.0,0.25,0.0,0.0,1.0,38.0,Strugglers
baseline_adopters,baseline_adopters,adopters,p545,R3,bg20260726,False,True,,,2026-08-07T13:25:31.925963+00:00,,,2.667,True,False,True,,1,48.0,bachelors,few_times_week,True,2,0,manual,2,0,2,0,0,0,False,26,13.0,7,True,21,43,-22.0,False,h7! g7!,1,False,2,1.0,4.0,0.25,0.0,0.0,1.0,38.0,Strugglers
baseline_adopters,baseline_adopters,adopters,p562,R1,oc20260727,False,False,,,2026-08-06T22:52:15.202642+00:00,,,2.667,True,False,True,,1,33.0,some_postgrad,several_times_day,False,1,0,manual,3,0,3,0,0,0,False,58,19.3,10,True,12,52,-40.0,False,b8! a7! c8!,1,False,2,2.0,4.0,0.5,0.0,0.0,0.0,30.0,Strugglers
baseline_adopters,baseline_adopters,adopters,p562,R2,b220260706,False,True,,,2026-08-06T22:52:15.202642+00:00,,,2.667,True,False,True,,1,33.0,some_postgrad,several_times_day,False,1,0,manual,2,1,2,1,0,0,False,14,7.0,8,True,31,33,-2.0,False,g1! g7,1,False,2,2.0,4.0,0.5,0.0,0.0,0.0,30.0,Strugglers
baseline_adopters,baseline_adopters,adopters,p562,R3,bg20260726,False,True,,,2026-08-06T22:52:15.202642+00:00,,,2.667,True,False,True,,1,33.0,some_postgrad,several_times_day,False,1,0,manual,2,1,2,1,0,0,False,16,8.0,7,True,26,38,-12.0,False,g7! b2,1,False,2,2.0,4.0,0.5,0.0,0.0,0.0,30.0,Strugglers
baseline_adopters,baseline_adopters,adopters,p58,R1,oc20260727,False,False,,,2026-08-10T15:10:10.805460+00:00,,,2.667,True,False,True,,1,49.0,bachelors,few_times_month,False,1,0,manual,4,1,3,1,0,0,False,44,11.0,13,True,19,45,-26.0,False,c8! b6! g2 b8!,1,False,2,2.0,4.0,0.5,0.0,0.0,0.0,24.0,Strugglers
baseline_adopters,baseline_adopters,adopters,p58,R2,b220260706,False,True,,,2026-08-10T15:10:10.805460+00:00,,,2.667,True,False,True,,1,49.0,bachelors,few_times_month,False,1,0,manual,2,1,2,1,0,0,False,16,8.0,3,True,30,34,-4.0,False,g2! g7,1,False,2,2.0,4.0,0.5,0.0,0.0,0.0,24.0,Strugglers
baseline_adopters,baseline_adopters,adopters,p58,R3,bg20260726,False,True,,,2026-08-10T15:10:10.805460+00:00,,,2.667,True,False,True,,1,49.0,bachelors,few_times_month,False,1,0,manual,2,1,2,1,0,0,False,8,4.0,3,True,30,34,-4.0,False,g8! g7,1,False,2,2.0,4.0,0.5,0.0,0.0,0.0,24.0,Strugglers
baseline_adopters,baseline_adopters,adopters,p582,R1,oc20260727,False,False,,,2026-08-06T22:54:05.058131+00:00,,,3.0,True,False,True,,dont_know,42.0,postgrad,weekly,True,1,0,manual,4,2,3,1,1,1,True,38,9.5,43,True,22,42,-20.0,False,b7 g2! b6! b8,1,False,2,2.0,5.0,0.4,0.0,0.0,1.0,32.0,Strugglers
baseline_adopters,baseline_adopters,adopters,p582,R2,b220260706,False,True,,,2026-08-06T22:54:05.058131+00:00,,,3.0,True,False,True,,dont_know,42.0,postgrad,weekly,True,1,0,manual,2,1,2,1,0,0,False,16,8.0,4,True,30,34,-4.0,False,g2! g7,1,False,2,2.0,5.0,0.4,0.0,0.0,1.0,32.0,Strugglers
baseline_adopters,baseline_adopters,adopters,p582,R3,bg20260726,False,True,,,2026-08-06T22:54:05.058131+00:00,,,3.0,True,False,True,,dont_know,42.0,postgrad,weekly,True,1,0,manual,3,1,3,1,1,1,True,16,5.3,13,True,26,38,-12.0,False,b2 h7! g7!,1,False,2,2.0,5.0,0.4,0.0,0.0,1.0,32.0,Strugglers
baseline_adopters,baseline_adopters,adopters,p592,R1,oc20260727,False,False,,,2026-08-07T22:01:30.835457+00:00,,,2.333,True,False,True,,dont_know,35.0,bachelors,about_monthly,False,1,0,manual,4,0,3,0,0,0,False,54,13.5,16,True,14,50,-36.0,False,g2! c8! b6! b8!,1,False,2,2.0,5.0,0.4,0.0,0.0,1.0,36.0,Strugglers
baseline_adopters,baseline_adopters,adopters,p592,R2,b220260706,False,True,,,2026-08-07T22:01:30.835457+00:00,,,2.333,True,False,True,,dont_know,35.0,bachelors,about_monthly,False,1,0,manual,3,2,3,2,2,2,True,14,4.7,11,True,31,33,-2.0,False,g7 h1 h2!,1,False,2,2.0,5.0,0.4,0.0,0.0,1.0,36.0,Strugglers
baseline_adopters,baseline_adopters,adopters,p592,R3,bg20260726,False,True,,,2026-08-07T22:01:30.835457+00:00,,,2.333,True,False,True,,dont_know,35.0,bachelors,about_monthly,False,1,0,manual,2,0,2,0,0,0,False,22,11.0,4,True,23,41,-18.0,False,g7! h7!,1,False,2,2.0,5.0,0.4,0.0,0.0,1.0,36.0,Strugglers
baseline_adopters,baseline_adopters,adopters,p609,R1,oc20260727,False,False,,,2026-08-10T18:30:24.467554+00:00,,,2.667,True,False,True,,dont_know,32.0,postgrad,few_times_week,False,3,0,manual,5,2,3,1,1,1,True,30,6.0,38,True,26,38,-12.0,False,b7 g2! a7! a1! c8,1,False,2,2.0,4.0,0.5,0.0,0.0,0.0,22.0,Strugglers
baseline_adopters,baseline_adopters,adopters,p609,R2,b220260706,False,True,,,2026-08-10T18:30:24.467554+00:00,,,2.667,True,False,True,,dont_know,32.0,postgrad,few_times_week,False,3,0,manual,2,1,2,1,0,0,False,14,7.0,11,True,31,33,-2.0,False,g1! g7,1,False,2,2.0,4.0,0.5,0.0,0.0,0.0,22.0,Strugglers
baseline_adopters,baseline_adopters,adopters,p609,R3,bg20260726,False,True,,,2026-08-10T18:30:24.467554+00:00,,,2.667,True,False,True,,dont_know,32.0,postgrad,few_times_week,False,3,0,manual,2,1,2,1,0,0,False,8,4.0,8,True,30,34,-4.0,False,g8! g7,1,False,2,2.0,4.0,0.5,0.0,0.0,0.0,22.0,Strugglers
baseline_adopters,baseline_adopters,adopters,p610,R1,oc20260727,False,False,,,2026-08-07T16:55:31.060725+00:00,,,2.667,True,False,True,,dont_know,50.0,bachelors,few_times_week,False,1,0,manual,3,2,3,2,0,0,False,40,13.3,25,True,21,43,-22.0,False,c8! a7 g2,1,False,2,1.0,5.0,0.2,0.0,0.0,1.0,40.0,Strugglers
baseline_adopters,baseline_adopters,adopters,p610,R2,b220260706,False,True,,,2026-08-07T16:55:31.060725+00:00,,,2.667,True,False,True,,dont_know,50.0,bachelors,few_times_week,False,1,0,manual,2,0,2,0,0,0,False,24,12.0,10,True,26,38,-12.0,False,g2! h2!,1,False,2,1.0,5.0,0.2,0.0,0.0,1.0,40.0,Strugglers
baseline_adopters,baseline_adopters,adopters,p610,R3,bg20260726,False,True,,,2026-08-07T16:55:31.060725+00:00,,,2.667,True,False,True,,dont_know,50.0,bachelors,few_times_week,False,1,0,manual,3,1,3,1,1,1,True,16,5.3,15,True,26,38,-12.0,False,b2 h7! g7!,1,False,2,1.0,5.0,0.2,0.0,0.0,1.0,40.0,Strugglers
baseline_adopters,baseline_adopters,adopters,p621,R1,oc20260727,False,False,,,2026-08-07T12:47:41.034364+00:00,,,3.0,True,False,True,,1,47.0,postgrad,few_times_month,True,3,0,manual,4,2,3,1,1,1,True,38,9.5,46,True,22,42,-20.0,False,b7 g2! b6! b8,1,False,2,1.0,5.0,0.2,0.0,0.0,0.0,50.0,Strugglers
baseline_adopters,baseline_adopters,adopters,p621,R2,b220260706,False,True,,,2026-08-07T12:47:41.034364+00:00,,,3.0,True,False,True,,1,47.0,postgrad,few_times_month,True,3,0,manual,2,0,2,0,0,0,False,24,12.0,19,True,26,38,-12.0,False,g2! h2!,1,False,2,1.0,5.0,0.2,0.0,0.0,0.0,50.0,Strugglers
baseline_adopters,baseline_adopters,adopters,p621,R3,bg20260726,False,True,,,2026-08-07T12:47:41.034364+00:00,,,3.0,True,False,True,,1,47.0,postgrad,few_times_month,True,3,0,manual,3,1,3,1,0,0,False,26,8.7,20,True,21,43,-22.0,False,h7! b2 g7!,1,False,2,1.0,5.0,0.2,0.0,0.0,0.0,50.0,Strugglers
baseline_adopters,baseline_adopters,adopters,p631,R1,oc20260727,False,False,,,2026-08-07T15:26:34.510230+00:00,,,2.667,True,False,True,,2,50.0,bachelors,daily,True,2,0,manual,3,2,3,2,1,1,True,38,12.7,35,True,22,42,-20.0,False,b7 b6! b8,1,False,2,1.0,4.0,0.25,0.0,0.0,0.0,40.0,Strugglers
baseline_adopters,baseline_adopters,adopters,p631,R2,b220260706,False,True,,,2026-08-07T15:26:34.510230+00:00,,,2.667,True,False,True,,2,50.0,bachelors,daily,True,2,0,manual,2,1,2,1,0,0,False,16,8.0,11,True,30,34,-4.0,False,g2! g7,1,False,2,1.0,4.0,0.25,0.0,0.0,0.0,40.0,Strugglers
baseline_adopters,baseline_adopters,adopters,p631,R3,bg20260726,False,True,,,2026-08-07T15:26:34.510230+00:00,,,2.667,True,False,True,,2,50.0,bachelors,daily,True,2,0,manual,2,0,2,0,0,0,False,24,12.0,3,True,22,42,-20.0,False,g7! g8!,1,False,2,1.0,4.0,0.25,0.0,0.0,0.0,40.0,Strugglers
baseline_adopters,baseline_adopters,adopters,p638,R1,oc20260727,False,False,,,2026-08-10T15:05:12.014255+00:00,,,3.0,True,False,True,,dont_know,38.0,some_postgrad,weekly,True,1,0,manual,4,3,3,2,1,1,True,38,9.5,32,True,22,42,-20.0,False,b7 b6! g2 b8,1,False,2,1.0,4.0,0.25,0.0,0.0,0.0,42.0,Strugglers
baseline_adopters,baseline_adopters,adopters,p638,R2,b220260706,False,True,,,2026-08-10T15:05:12.014255+00:00,,,3.0,True,False,True,,dont_know,38.0,some_postgrad,weekly,True,1,0,manual,2,1,2,1,0,0,False,16,8.0,10,True,30,34,-4.0,False,g2! g7,1,False,2,1.0,4.0,0.25,0.0,0.0,0.0,42.0,Strugglers
baseline_adopters,baseline_adopters,adopters,p638,R3,bg20260726,False,True,,,2026-08-10T15:05:12.014255+00:00,,,3.0,True,False,True,,dont_know,38.0,some_postgrad,weekly,True,1,0,manual,2,0,2,0,0,0,False,26,13.0,3,True,21,43,-22.0,False,h7! g7!,1,False,2,1.0,4.0,0.25,0.0,0.0,0.0,42.0,Strugglers
baseline_adopters,baseline_adopters,adopters,p639,R1,oc20260727,False,False,,,2026-08-07T22:44:11.683730+00:00,,,3.0,True,False,True,,2,51.0,postgrad,several_times_day,False,2,0,manual,4,2,3,2,0,0,False,40,10.0,13,True,21,43,-22.0,False,g2! b7 b6 a7!,1,False,2,3.0,5.0,0.6,0.0,0.0,1.0,24.0,Solvers
baseline_adopters,baseline_adopters,adopters,p639,R2,b220260706,False,True,,,2026-08-07T22:44:11.683730+00:00,,,3.0,True,False,True,,2,51.0,postgrad,several_times_day,False,2,0,manual,2,1,2,1,0,0,False,14,7.0,4,True,31,33,-2.0,False,g1! g7,1,False,2,3.0,5.0,0.6,0.0,0.0,1.0,24.0,Solvers
baseline_adopters,baseline_adopters,adopters,p639,R3,bg20260726,False,True,,,2026-08-07T22:44:11.683730+00:00,,,3.0,True,False,True,,2,51.0,postgrad,several_times_day,False,2,0,manual,3,2,3,2,1,1,True,10,3.3,8,True,29,35,-6.0,False,b2 h7! g8,1,False,2,3.0,5.0,0.6,0.0,0.0,1.0,24.0,Solvers
baseline_adopters,baseline_adopters,adopters,p644,R1,oc20260727,False,False,,,2026-08-10T16:17:31.651609+00:00,,,2.667,True,False,True,,1,45.0,bachelors,few_times_week,True,1,0,manual,4,2,3,2,1,1,True,42,10.5,35,True,20,44,-24.0,False,b7 b6! g2 c8!,1,False,2,3.0,5.0,0.6,0.0,0.0,2.0,26.0,Solvers
baseline_adopters,baseline_adopters,adopters,p644,R2,b220260706,False,True,,,2026-08-10T16:17:31.651609+00:00,,,2.667,True,False,True,,1,45.0,bachelors,few_times_week,True,1,0,manual,2,1,2,1,1,1,True,12,6.0,7,True,32,32,0.0,False,g7 g2!,1,False,2,3.0,5.0,0.6,0.0,0.0,2.0,26.0,Solvers
baseline_adopters,baseline_adopters,adopters,p644,R3,bg20260726,False,True,,,2026-08-10T16:17:31.651609+00:00,,,2.667,True,False,True,,1,45.0,bachelors,few_times_week,True,1,0,manual,3,2,3,2,1,1,True,14,4.7,16,True,27,37,-10.0,False,b2 g7! h7,1,False,2,3.0,5.0,0.6,0.0,0.0,2.0,26.0,Solvers
baseline_adopters,baseline_adopters,adopters,p655,R1,oc20260727,False,False,,,2026-08-10T21:21:56.483515+00:00,,,2.667,True,False,True,,dont_know,29.0,bachelors,few_times_week,False,1,0,manual,3,2,3,2,1,1,True,38,12.7,9,True,22,42,-20.0,False,b7 b6! b8,1,False,2,2.0,4.0,0.5,0.0,0.0,0.0,32.0,Strugglers
baseline_adopters,baseline_adopters,adopters,p655,R2,b220260706,False,True,,,2026-08-10T21:21:56.483515+00:00,,,2.667,True,False,True,,dont_know,29.0,bachelors,few_times_week,False,1,0,manual,2,1,2,1,0,0,False,16,8.0,5,True,30,34,-4.0,False,g2! g7,1,False,2,2.0,4.0,0.5,0.0,0.0,0.0,32.0,Strugglers
baseline_adopters,baseline_adopters,adopters,p655,R3,bg20260726,False,True,,,2026-08-10T21:21:56.483515+00:00,,,2.667,True,False,True,,dont_know,29.0,bachelors,few_times_week,False,1,0,manual,2,1,2,1,0,0,False,16,8.0,4,True,26,38,-12.0,False,h7! g8,1,False,2,2.0,4.0,0.5,0.0,0.0,0.0,32.0,Strugglers
baseline_adopters,baseline_adopters,adopters,p67,R1,oc20260727,False,False,,,2026-08-07T15:04:32.975302+00:00,,,2.667,True,False,True,,1,52.0,postgrad,less_than_monthly,False,2,0,manual,4,2,3,2,0,0,False,40,10.0,29,True,21,43,-22.0,False,g2! b7 b6 a7!,1,False,2,3.0,5.0,0.6,0.0,0.0,1.0,26.0,Solvers
baseline_adopters,baseline_adopters,adopters,p67,R2,b220260706,False,True,,,2026-08-07T15:04:32.975302+00:00,,,2.667,True,False,True,,1,52.0,postgrad,less_than_monthly,False,2,0,manual,2,1,2,1,0,0,False,16,8.0,8,True,30,34,-4.0,False,g2! g7,1,False,2,3.0,5.0,0.6,0.0,0.0,1.0,26.0,Solvers
baseline_adopters,baseline_adopters,adopters,p67,R3,bg20260726,False,True,,,2026-08-07T15:04:32.975302+00:00,,,2.667,True,False,True,,1,52.0,postgrad,less_than_monthly,False,2,0,manual,3,2,3,2,2,2,True,10,3.3,15,True,29,35,-6.0,False,b2 g8 g7!,1,False,2,3.0,5.0,0.6,0.0,0.0,1.0,26.0,Solvers
baseline_adopters,baseline_adopters,adopters,p671,R1,oc20260727,False,False,,,2026-08-10T17:51:48.440237+00:00,,,3.0,True,False,True,,2,44.0,associate,weekly,False,2,0,manual,3,2,3,2,0,0,False,40,13.3,23,True,21,43,-22.0,False,c8! a7 g2,1,False,2,2.0,5.0,0.4,0.0,0.0,1.0,32.0,Strugglers
baseline_adopters,baseline_adopters,adopters,p671,R2,b220260706,False,True,,,2026-08-10T17:51:48.440237+00:00,,,3.0,True,False,True,,2,44.0,associate,weekly,False,2,0,manual,2,1,2,1,0,0,False,16,8.0,12,True,30,34,-4.0,False,g2! g7,1,False,2,2.0,5.0,0.4,0.0,0.0,1.0,32.0,Strugglers
baseline_adopters,baseline_adopters,adopters,p671,R3,bg20260726,False,True,,,2026-08-10T17:51:48.440237+00:00,,,3.0,True,False,True,,2,44.0,associate,weekly,False,2,0,manual,3,1,3,1,1,1,True,16,5.3,16,True,26,38,-12.0,False,b2 h7! g7!,1,False,2,2.0,5.0,0.4,0.0,0.0,1.0,32.0,Strugglers
baseline_adopters,baseline_adopters,adopters,p679,R1,oc20260727,False,False,,,2026-08-07T14:04:52.751086+00:00,,,3.0,True,False,True,,dont_know,63.0,associate,less_than_monthly,False,3,0,manual,3,0,3,0,0,0,False,44,14.7,10,True,19,45,-26.0,False,c8! b6! b8!,1,False,2,0.0,4.0,0.0,0.0,0.0,0.0,50.0,Strugglers
baseline_adopters,baseline_adopters,adopters,p679,R2,b220260706,False,True,,,2026-08-07T14:04:52.751086+00:00,,,3.0,True,False,True,,dont_know,63.0,associate,less_than_monthly,False,3,0,manual,2,0,2,0,0,0,False,24,12.0,32,True,26,38,-12.0,False,g2! h2!,1,False,2,0.0,4.0,0.0,0.0,0.0,0.0,50.0,Strugglers
baseline_adopters,baseline_adopters,adopters,p679,R3,bg20260726,False,True,,,2026-08-07T14:04:52.751086+00:00,,,3.0,True,False,True,,dont_know,63.0,associate,less_than_monthly,False,3,0,manual,2,0,2,0,0,0,False,26,13.0,8,True,21,43,-22.0,False,h7! g7!,1,False,2,0.0,4.0,0.0,0.0,0.0,0.0,50.0,Strugglers
baseline_adopters,baseline_adopters,adopters,p698,R1,oc20260727,False,False,,,2026-08-07T21:31:14.178703+00:00,,,2.667,True,False,True,,1,50.0,postgrad,daily,False,1,0,manual,3,0,3,0,0,0,False,40,13.3,64,True,21,43,-22.0,False,b6! c8! b8!,1,False,2,0.0,4.0,0.0,0.0,0.0,0.0,54.0,Strugglers
baseline_adopters,baseline_adopters,adopters,p698,R2,b220260706,False,True,,,2026-08-07T21:31:14.178703+00:00,,,2.667,True,False,True,,1,50.0,postgrad,daily,False,1,0,manual,2,0,2,0,0,0,False,30,15.0,9,True,23,41,-18.0,False,g1! g2!,1,False,2,0.0,4.0,0.0,0.0,0.0,0.0,54.0,Strugglers
baseline_adopters,baseline_adopters,adopters,p698,R3,bg20260726,False,True,,,2026-08-07T21:31:14.178703+00:00,,,2.667,True,False,True,,1,50.0,postgrad,daily,False,1,0,manual,2,0,2,0,0,0,False,24,12.0,12,True,22,42,-20.0,False,g7! g8!,1,False,2,0.0,4.0,0.0,0.0,0.0,0.0,54.0,Strugglers
baseline_adopters,baseline_adopters,adopters,p700,R1,oc20260727,False,False,,,2026-08-07T21:41:42.883783+00:00,,,3.0,True,False,True,,1,30.0,bachelors,few_times_month,False,1,0,manual,3,2,3,2,1,1,True,38,12.7,6,True,22,42,-20.0,False,b7 b6! b8,1,False,2,2.0,5.0,0.4,0.0,0.0,1.0,36.0,Strugglers
baseline_adopters,baseline_adopters,adopters,p700,R2,b220260706,False,True,,,2026-08-07T21:41:42.883783+00:00,,,3.0,True,False,True,,1,30.0,bachelors,few_times_month,False,1,0,manual,2,1,2,1,0,0,False,14,7.0,5,True,31,33,-2.0,False,g1! g7,1,False,2,2.0,5.0,0.4,0.0,0.0,1.0,36.0,Strugglers
baseline_adopters,baseline_adopters,adopters,p700,R3,bg20260726,False,True,,,2026-08-07T21:41:42.883783+00:00,,,3.0,True,False,True,,1,30.0,bachelors,few_times_month,False,1,0,manual,3,1,3,1,1,1,True,22,7.3,8,True,23,41,-18.0,False,b2 g7! h8!,1,False,2,2.0,5.0,0.4,0.0,0.0,1.0,36.0,Strugglers
baseline_adopters,baseline_adopters,adopters,p711,R1,oc20260727,False,False,,,2026-08-10T19:15:22.247014+00:00,,,2.667,True,False,True,,dont_know,62.0,some_college,few_times_week,False,1,0,manual,4,2,3,2,1,1,True,42,10.5,21,True,20,44,-24.0,False,b7 b6! g2 c8!,1,False,2,1.0,4.0,0.25,0.0,0.0,0.0,38.0,Strugglers
baseline_adopters,baseline_adopters,adopters,p711,R2,b220260706,False,True,,,2026-08-10T19:15:22.247014+00:00,,,2.667,True,False,True,,dont_know,62.0,some_college,few_times_week,False,1,0,manual,2,1,2,1,0,0,False,16,8.0,5,True,30,34,-4.0,False,g2! g7,1,False,2,1.0,4.0,0.25,0.0,0.0,0.0,38.0,Strugglers
baseline_adopters,baseline_adopters,adopters,p711,R3,bg20260726,False,True,,,2026-08-10T19:15:22.247014+00:00,,,2.667,True,False,True,,dont_know,62.0,some_college,few_times_week,False,1,0,manual,2,0,2,0,0,0,False,22,11.0,5,True,23,41,-18.0,False,g7! h7!,1,False,2,1.0,4.0,0.25,0.0,0.0,0.0,38.0,Strugglers
baseline_adopters,baseline_adopters,adopters,p742,R1,oc20260727,False,False,,,2026-08-10T17:49:07.025338+00:00,,,3.0,True,False,True,,dont_know,28.0,bachelors,few_times_month,True,1,0,manual,4,3,3,3,3,3,True,36,9.0,21,True,23,41,-18.0,False,b7 c8 a7 g2!,1,False,2,4.0,6.0,0.667,0.0,0.0,2.0,28.0,Solvers
baseline_adopters,baseline_adopters,adopters,p742,R2,b220260706,False,True,,,2026-08-10T17:49:07.025338+00:00,,,3.0,True,False,True,,dont_know,28.0,bachelors,few_times_month,True,1,0,manual,3,2,3,2,2,2,True,14,4.7,8,True,31,33,-2.0,False,g7 h1 h2!,1,False,2,4.0,6.0,0.667,0.0,0.0,2.0,28.0,Solvers
baseline_adopters,baseline_adopters,adopters,p742,R3,bg20260726,False,True,,,2026-08-10T17:49:07.025338+00:00,,,3.0,True,False,True,,dont_know,28.0,bachelors,few_times_month,True,1,0,manual,3,2,3,2,1,1,True,14,4.7,4,True,27,37,-10.0,False,b2 g7! h7,1,False,2,4.0,6.0,0.667,0.0,0.0,2.0,28.0,Solvers
baseline_adopters,baseline_adopters,adopters,p743,R1,oc20260727,False,False,,,2026-08-10T23:08:20.485367+00:00,,,3.0,True,False,True,,2,55.0,postgrad,several_times_day,False,1,0,manual,4,2,3,1,1,1,True,38,9.5,83,True,22,42,-20.0,False,b7 g2! b6! b8,1,False,2,3.0,5.0,0.6,1.0,1.0,1.0,26.0,Solvers
baseline_adopters,baseline_adopters,adopters,p743,R2,b220260706,False,True,,,2026-08-10T23:08:20.485367+00:00,,,3.0,True,False,True,,2,55.0,postgrad,several_times_day,False,1,0,manual,3,3,3,3,3,3,True,0,0.0,14,True,38,26,12.0,True,g7 h1 g2,1,True,2,3.0,5.0,0.6,1.0,1.0,1.0,26.0,Solvers
baseline_adopters,baseline_adopters,adopters,p743,R3,bg20260726,False,True,,,2026-08-10T23:08:20.485367+00:00,,,3.0,True,False,True,,2,55.0,postgrad,several_times_day,False,1,0,manual,2,0,2,0,0,0,False,26,13.0,20,True,21,43,-22.0,False,h7! g7!,1,False,2,3.0,5.0,0.6,1.0,1.0,1.0,26.0,Solvers
baseline_adopters,baseline_adopters,adopters,p76,R1,oc20260727,False,False,,,2026-08-07T12:47:46.989456+00:00,,,2.667,True,False,True,,2,37.0,postgrad,daily,False,2,0,manual,3,1,3,1,0,0,False,42,14.0,30,True,20,44,-24.0,False,c8! a7 b6!,1,False,2,2.0,4.0,0.5,0.0,0.0,0.0,24.0,Strugglers
baseline_adopters,baseline_adopters,adopters,p76,R2,b220260706,False,True,,,2026-08-07T12:47:46.989456+00:00,,,2.667,True,False,True,,2,37.0,postgrad,daily,False,2,0,manual,2,1,2,1,0,0,False,16,8.0,10,True,30,34,-4.0,False,g2! g7,1,False,2,2.0,4.0,0.5,0.0,0.0,0.0,24.0,Strugglers
baseline_adopters,baseline_adopters,adopters,p76,R3,bg20260726,False,True,,,2026-08-07T12:47:46.989456+00:00,,,2.667,True,False,True,,2,37.0,postgrad,daily,False,2,0,manual,2,1,2,1,0,0,False,8,4.0,9,True,30,34,-4.0,False,g8! g7,1,False,2,2.0,4.0,0.5,0.0,0.0,0.0,24.0,Strugglers
baseline_adopters,baseline_adopters,adopters,p768,R1,oc20260727,False,False,,,2026-08-10T22:29:20.141083+00:00,,,3.0,True,False,True,,1,60.0,bachelors,several_times_day,False,2,0,manual,4,1,3,1,2,2,True,36,9.0,47,True,23,41,-18.0,False,b7 a7! c8! g2!,1,False,2,1.0,4.0,0.25,0.0,0.0,0.0,46.0,Strugglers
baseline_adopters,baseline_adopters,adopters,p768,R2,b220260706,False,True,,,2026-08-10T22:29:20.141083+00:00,,,3.0,True,False,True,,1,60.0,bachelors,several_times_day,False,2,0,manual,2,0,2,0,0,0,False,30,15.0,20,True,23,41,-18.0,False,g1! g2!,1,False,2,1.0,4.0,0.25,0.0,0.0,0.0,46.0,Strugglers
baseline_adopters,baseline_adopters,adopters,p768,R3,bg20260726,False,True,,,2026-08-10T22:29:20.141083+00:00,,,3.0,True,False,True,,1,60.0,bachelors,several_times_day,False,2,0,manual,2,1,2,1,0,0,False,16,8.0,8,True,26,38,-12.0,False,g7! b2,1,False,2,1.0,4.0,0.25,0.0,0.0,0.0,46.0,Strugglers
baseline_adopters,baseline_adopters,adopters,p78,R1,oc20260727,False,False,,,2026-08-10T20:28:23.440183+00:00,,,3.0,True,False,True,,dont_know,68.0,bachelors,daily,True,1,0,manual,3,2,3,2,1,1,True,38,12.7,27,True,22,42,-20.0,False,b7 b6! b8,1,False,2,2.0,4.0,0.5,0.0,0.0,1.0,20.0,Strugglers
baseline_adopters,baseline_adopters,adopters,p78,R2,b220260706,False,True,,,2026-08-10T20:28:23.440183+00:00,,,3.0,True,False,True,,dont_know,68.0,bachelors,daily,True,1,0,manual,2,1,2,1,1,1,True,12,6.0,8,True,32,32,0.0,False,g7 g2!,1,False,2,2.0,4.0,0.5,0.0,0.0,1.0,20.0,Strugglers
baseline_adopters,baseline_adopters,adopters,p78,R3,bg20260726,False,True,,,2026-08-10T20:28:23.440183+00:00,,,3.0,True,False,True,,dont_know,68.0,bachelors,daily,True,1,0,manual,2,1,2,1,0,0,False,8,4.0,5,True,30,34,-4.0,False,g8! g7,1,False,2,2.0,4.0,0.5,0.0,0.0,1.0,20.0,Strugglers
baseline_adopters,baseline_adopters,adopters,p786,R1,oc20260727,False,False,,,2026-08-07T15:53:33.430029+00:00,,,3.333,True,False,True,,1,34.0,postgrad,daily,True,3,0,manual,5,2,3,1,1,1,True,34,6.8,102,True,24,40,-16.0,False,b7 g2! a7! b6 a1!,1,False,2,0.0,4.0,0.0,0.0,0.0,0.0,44.0,Strugglers
baseline_adopters,baseline_adopters,adopters,p786,R2,b220260706,False,True,,,2026-08-07T15:53:33.430029+00:00,,,3.333,True,False,True,,1,34.0,postgrad,daily,True,3,0,manual,2,0,2,0,0,0,False,30,15.0,14,True,23,41,-18.0,False,g1! g2!,1,False,2,0.0,4.0,0.0,0.0,0.0,0.0,44.0,Strugglers
baseline_adopters,baseline_adopters,adopters,p786,R3,bg20260726,False,True,,,2026-08-07T15:53:33.430029+00:00,,,3.333,True,False,True,,1,34.0,postgrad,daily,True,3,0,manual,2,0,2,0,0,0,False,14,7.0,6,True,27,37,-10.0,False,g8! h7!,1,False,2,0.0,4.0,0.0,0.0,0.0,0.0,44.0,Strugglers
baseline_adopters,baseline_adopters,adopters,p788,R1,oc20260727,False,False,,,2026-08-07T22:13:00.441920+00:00,,,3.0,True,False,True,,2,57.0,bachelors,daily,False,1,0,manual,3,0,3,0,0,0,False,44,14.7,25,True,19,45,-26.0,False,g2! b8! c8!,1,False,2,4.0,5.0,0.8,1.0,1.0,1.0,16.0,Solvers
baseline_adopters,baseline_adopters,adopters,p788,R2,b220260706,False,True,,,2026-08-07T22:13:00.441920+00:00,,,3.0,True,False,True,,2,57.0,bachelors,daily,False,1,0,manual,3,3,3,3,3,3,True,0,0.0,8,True,38,26,12.0,True,g7 h1 g2,1,True,2,4.0,5.0,0.8,1.0,1.0,1.0,16.0,Solvers
baseline_adopters,baseline_adopters,adopters,p788,R3,bg20260726,False,True,,,2026-08-07T22:13:00.441920+00:00,,,3.0,True,False,True,,2,57.0,bachelors,daily,False,1,0,manual,2,1,2,1,0,0,False,16,8.0,7,True,26,38,-12.0,False,h7! g8,1,False,2,4.0,5.0,0.8,1.0,1.0,1.0,16.0,Solvers
baseline_adopters,baseline_adopters,adopters,p794,R1,oc20260727,False,False,,,2026-08-07T21:30:57.656549+00:00,,,3.0,True,False,True,,1,34.0,postgrad,few_times_week,False,1,0,manual,4,2,3,2,0,0,False,40,10.0,16,True,21,43,-22.0,False,g2! b7 b6 a7!,1,False,2,1.0,4.0,0.25,0.0,0.0,0.0,30.0,Strugglers
baseline_adopters,baseline_adopters,adopters,p794,R2,b220260706,False,True,,,2026-08-07T21:30:57.656549+00:00,,,3.0,True,False,True,,1,34.0,postgrad,few_times_week,False,1,0,manual,2,1,2,1,0,0,False,16,8.0,3,True,30,34,-4.0,False,g2! g7,1,False,2,1.0,4.0,0.25,0.0,0.0,0.0,30.0,Strugglers
baseline_adopters,baseline_adopters,adopters,p794,R3,bg20260726,False,True,,,2026-08-07T21:30:57.656549+00:00,,,3.0,True,False,True,,1,34.0,postgrad,few_times_week,False,1,0,manual,2,0,2,0,0,0,False,14,7.0,5,True,27,37,-10.0,False,g8! h7!,1,False,2,1.0,4.0,0.25,0.0,0.0,0.0,30.0,Strugglers
baseline_adopters,baseline_adopters,adopters,p808,R1,oc20260727,False,False,,,2026-08-07T15:11:54.453127+00:00,,,2.667,True,False,True,,dont_know,38.0,postgrad,several_times_day,False,1,0,manual,4,1,3,0,0,0,False,40,10.0,62,True,21,43,-22.0,False,g2! c8! b8! b6,1,False,2,0.0,4.0,0.0,0.0,0.0,0.0,46.0,Strugglers
baseline_adopters,baseline_adopters,adopters,p808,R2,b220260706,False,True,,,2026-08-07T15:11:54.453127+00:00,,,2.667,True,False,True,,dont_know,38.0,postgrad,several_times_day,False,1,0,manual,2,0,2,0,0,0,False,24,12.0,5,True,26,38,-12.0,False,g2! h2!,1,False,2,0.0,4.0,0.0,0.0,0.0,0.0,46.0,Strugglers
baseline_adopters,baseline_adopters,adopters,p808,R3,bg20260726,False,True,,,2026-08-07T15:11:54.453127+00:00,,,2.667,True,False,True,,dont_know,38.0,postgrad,several_times_day,False,1,0,manual,2,0,2,0,0,0,False,22,11.0,9,True,23,41,-18.0,False,g7! h7!,1,False,2,0.0,4.0,0.0,0.0,0.0,0.0,46.0,Strugglers
baseline_adopters,baseline_adopters,adopters,p836,R1,oc20260727,False,False,,,2026-08-07T21:59:26.835977+00:00,,,2.667,True,False,True,,3,55.0,bachelors,weekly,False,1,0,manual,3,0,3,0,0,0,False,52,17.3,7,True,15,49,-34.0,False,c8! b8! b6!,1,False,2,4.0,5.0,0.8,1.0,1.0,1.0,8.0,Solvers
baseline_adopters,baseline_adopters,adopters,p836,R2,b220260706,False,True,,,2026-08-07T21:59:26.835977+00:00,,,2.667,True,False,True,,3,55.0,bachelors,weekly,False,1,0,manual,3,3,3,3,3,3,True,0,0.0,6,True,38,26,12.0,True,g7 h1 g2,1,True,2,4.0,5.0,0.8,1.0,1.0,1.0,8.0,Solvers
baseline_adopters,baseline_adopters,adopters,p836,R3,bg20260726,False,True,,,2026-08-07T21:59:26.835977+00:00,,,2.667,True,False,True,,3,55.0,bachelors,weekly,False,1,0,manual,2,1,2,1,0,0,False,8,4.0,6,True,30,34,-4.0,False,g8! g7,1,False,2,4.0,5.0,0.8,1.0,1.0,1.0,8.0,Solvers
baseline_adopters,baseline_adopters,adopters,p839,R1,oc20260727,False,False,,,2026-08-07T16:24:15.406674+00:00,,,3.0,True,False,True,,1,35.0,bachelors,about_monthly,False,1,0,manual,5,3,3,2,0,0,False,40,8.0,25,True,21,43,-22.0,False,g2! b6 b7 c8 a7!,1,False,2,2.0,4.0,0.5,0.0,0.0,0.0,32.0,Strugglers
baseline_adopters,baseline_adopters,adopters,p839,R2,b220260706,False,True,,,2026-08-07T16:24:15.406674+00:00,,,3.0,True,False,True,,1,35.0,bachelors,about_monthly,False,1,0,manual,2,1,2,1,0,0,False,16,8.0,14,True,30,34,-4.0,False,g2! g7,1,False,2,2.0,4.0,0.5,0.0,0.0,0.0,32.0,Strugglers
baseline_adopters,baseline_adopters,adopters,p839,R3,bg20260726,False,True,,,2026-08-07T16:24:15.406674+00:00,,,3.0,True,False,True,,1,35.0,bachelors,about_monthly,False,1,0,manual,2,1,2,1,0,0,False,16,8.0,6,True,26,38,-12.0,False,h7! g8,1,False,2,2.0,4.0,0.5,0.0,0.0,0.0,32.0,Strugglers
baseline_adopters,baseline_adopters,adopters,p87,R1,oc20260727,False,False,,,2026-08-10T17:29:55.437007+00:00,,,2.667,True,False,True,,2,45.0,bachelors,several_times_day,False,1,0,manual,3,0,3,0,0,0,False,44,14.7,19,True,19,45,-26.0,False,c8! b6! b8!,1,False,2,5.0,6.0,0.833,1.0,1.0,2.0,14.0,Solvers
baseline_adopters,baseline_adopters,adopters,p87,R2,b220260706,False,True,,,2026-08-10T17:29:55.437007+00:00,,,2.667,True,False,True,,2,45.0,bachelors,several_times_day,False,1,0,manual,3,2,3,2,2,2,True,14,4.7,15,True,31,33,-2.0,False,g7 h1 h2!,1,False,2,5.0,6.0,0.833,1.0,1.0,2.0,14.0,Solvers
baseline_adopters,baseline_adopters,adopters,p87,R3,bg20260726,False,True,,,2026-08-10T17:29:55.437007+00:00,,,2.667,True,False,True,,2,45.0,bachelors,several_times_day,False,1,0,manual,3,3,3,3,3,3,True,0,0.0,16,True,34,30,4.0,True,b2 g8 h7,1,True,2,5.0,6.0,0.833,1.0,1.0,2.0,14.0,Solvers
baseline_adopters,baseline_adopters,adopters,p9,R1,oc20260727,False,False,,,2026-08-07T16:49:49.043835+00:00,,,3.0,True,False,True,,1,38.0,postgrad,daily,True,3,0,manual,4,2,3,1,1,1,True,38,9.5,62,True,22,42,-20.0,False,b7 g2! b6! b8,1,False,2,5.0,6.0,0.833,1.0,1.0,2.0,14.0,Solvers
baseline_adopters,baseline_adopters,adopters,p9,R2,b220260706,False,True,,,2026-08-07T16:49:49.043835+00:00,,,3.0,True,False,True,,1,38.0,postgrad,daily,True,3,0,manual,3,2,3,2,2,2,True,14,4.7,24,True,31,33,-2.0,False,g7 h1 h2!,1,False,2,5.0,6.0,0.833,1.0,1.0,2.0,14.0,Solvers
baseline_adopters,baseline_adopters,adopters,p9,R3,bg20260726,False,True,,,2026-08-07T16:49:49.043835+00:00,,,3.0,True,False,True,,1,38.0,postgrad,daily,True,3,0,manual,3,3,3,3,3,3,True,0,0.0,30,True,34,30,4.0,True,b2 g8 h7,1,True,2,5.0,6.0,0.833,1.0,1.0,2.0,14.0,Solvers
baseline_adopters,baseline_adopters,adopters,p90,R1,oc20260727,False,False,,,2026-08-10T16:13:22.436790+00:00,,,2.667,True,False,True,,1,36.0,bachelors,several_times_day,True,2,0,manual,4,2,3,1,1,1,True,38,9.5,21,True,22,42,-20.0,False,b7 g2! b6! b8,1,False,2,2.0,5.0,0.4,0.0,0.0,1.0,28.0,Strugglers
baseline_adopters,baseline_adopters,adopters,p90,R2,b220260706,False,True,,,2026-08-10T16:13:22.436790+00:00,,,2.667,True,False,True,,1,36.0,bachelors,several_times_day,True,2,0,manual,3,2,3,2,2,2,True,14,4.7,18,True,31,33,-2.0,False,g7 h1 h2!,1,False,2,2.0,5.0,0.4,0.0,0.0,1.0,28.0,Strugglers
baseline_adopters,baseline_adopters,adopters,p90,R3,bg20260726,False,True,,,2026-08-10T16:13:22.436790+00:00,,,2.667,True,False,True,,1,36.0,bachelors,several_times_day,True,2,0,manual,2,0,2,0,0,0,False,14,7.0,4,True,27,37,-10.0,False,g8! h7!,1,False,2,2.0,5.0,0.4,0.0,0.0,1.0,28.0,Strugglers
baseline_adopters,baseline_adopters,adopters,p98,R1,oc20260727,False,False,,,2026-08-10T19:39:41.167036+00:00,,,3.0,True,False,True,,dont_know,38.0,bachelors,few_times_week,False,1,0,manual,4,2,3,2,0,0,False,40,10.0,28,True,21,43,-22.0,False,g2! b7 b6 a7!,1,False,2,2.0,5.0,0.4,0.0,0.0,2.0,34.0,Strugglers
baseline_adopters,baseline_adopters,adopters,p98,R2,b220260706,False,True,,,2026-08-10T19:39:41.167036+00:00,,,3.0,True,False,True,,dont_know,38.0,bachelors,few_times_week,False,1,0,manual,2,1,2,1,1,1,True,12,6.0,7,True,32,32,0.0,False,g7 g2!,1,False,2,2.0,5.0,0.4,0.0,0.0,2.0,34.0,Strugglers
baseline_adopters,baseline_adopters,adopters,p98,R3,bg20260726,False,True,,,2026-08-10T19:39:41.167036+00:00,,,3.0,True,False,True,,dont_know,38.0,bachelors,few_times_week,False,1,0,manual,3,1,3,1,1,1,True,22,7.3,8,True,23,41,-18.0,False,b2 g7! h8!,1,False,2,2.0,5.0,0.4,0.0,0.0,2.0,34.0,Strugglers
vanilla_adopters,vanilla_adopters,adopters,p123,R1,oc20260727,True,False,,,2026-08-05T12:54:13.606894+00:00,,,3.0,True,False,True,,1,26.0,hs_graduate,less_than_monthly,False,1,5,manual,4,1,3,0,0,0,False,42,10.5,30,True,20,44,-24.0,False,b6! b7! c8! a7,1,False,2,3.0,5.0,0.6,0.0,0.0,1.0,26.0,Solvers
vanilla_adopters,vanilla_adopters,adopters,p123,R2,b220260706,False,True,,,2026-08-05T12:54:13.606894+00:00,,,3.0,True,False,True,,1,26.0,hs_graduate,less_than_monthly,False,1,0,manual,2,1,2,1,0,0,False,16,8.0,5,True,30,34,-4.0,False,g2! g7,1,False,2,3.0,5.0,0.6,0.0,0.0,1.0,26.0,Solvers
vanilla_adopters,vanilla_adopters,adopters,p123,R3,bg20260726,False,True,,,2026-08-05T12:54:13.606894+00:00,,,3.0,True,False,True,,1,26.0,hs_graduate,less_than_monthly,False,1,0,manual,3,2,3,2,1,1,True,10,3.3,11,True,29,35,-6.0,False,b2 h7! g8,1,False,2,3.0,5.0,0.6,0.0,0.0,1.0,26.0,Solvers
vanilla_adopters,vanilla_adopters,adopters,p127,R1,oc20260727,True,False,,,2026-08-05T14:32:54.261246+00:00,,,2.667,True,False,True,,1,27.0,hs_graduate,about_monthly,True,2,5,manual,4,3,3,2,2,2,True,24,6.0,87,True,29,35,-6.0,False,b7 c8 g2! a7,1,False,2,3.0,5.0,0.6,0.0,0.0,1.0,30.0,Solvers
vanilla_adopters,vanilla_adopters,adopters,p127,R2,b220260706,False,True,,,2026-08-05T14:32:54.261246+00:00,,,2.667,True,False,True,,1,27.0,hs_graduate,about_monthly,True,2,0,manual,2,1,2,1,0,0,False,16,8.0,6,True,30,34,-4.0,False,g2! g7,1,False,2,3.0,5.0,0.6,0.0,0.0,1.0,30.0,Solvers
vanilla_adopters,vanilla_adopters,adopters,p127,R3,bg20260726,False,True,,,2026-08-05T14:32:54.261246+00:00,,,2.667,True,False,True,,1,27.0,hs_graduate,about_monthly,True,2,0,manual,3,2,3,2,1,1,True,14,4.7,13,True,27,37,-10.0,False,b2 g7! h7,1,False,2,3.0,5.0,0.6,0.0,0.0,1.0,30.0,Solvers
vanilla_adopters,vanilla_adopters,adopters,p131,R1,oc20260727,True,False,,,2026-08-05T17:08:34.931683+00:00,,,2.667,True,False,True,,2,40.0,postgrad,several_times_day,False,4,5,manual,3,1,3,1,0,0,False,42,14.0,20,True,20,44,-24.0,False,c8! a7 b6!,1,False,2,2.0,5.0,0.4,0.0,0.0,1.0,38.0,Strugglers
vanilla_adopters,vanilla_adopters,adopters,p131,R2,b220260706,False,True,,,2026-08-05T17:08:34.931683+00:00,,,2.667,True,False,True,,2,40.0,postgrad,several_times_day,False,4,0,manual,2,1,2,1,0,0,False,16,8.0,9,True,30,34,-4.0,False,g2! g7,1,False,2,2.0,5.0,0.4,0.0,0.0,1.0,38.0,Strugglers
vanilla_adopters,vanilla_adopters,adopters,p131,R3,bg20260726,False,True,,,2026-08-05T17:08:34.931683+00:00,,,2.667,True,False,True,,2,40.0,postgrad,several_times_day,False,4,0,manual,3,1,3,1,1,1,True,22,7.3,25,True,23,41,-18.0,False,b2 g7! h8!,1,False,2,2.0,5.0,0.4,0.0,0.0,1.0,38.0,Strugglers
vanilla_adopters,vanilla_adopters,adopters,p137,R1,oc20260727,True,False,,,2026-08-07T12:46:49.378149+00:00,,,3.0,True,False,True,,3,63.0,bachelors,daily,False,1,7,manual,5,4,3,2,5,3,True,2,0.4,308,True,40,24,16.0,True,b7 a7! a1 h1 b6,1,False,2,3.0,5.0,0.6,1.0,1.0,1.0,24.0,Solvers
vanilla_adopters,vanilla_adopters,adopters,p137,R2,b220260706,False,True,,,2026-08-07T12:46:49.378149+00:00,,,3.0,True,False,True,,3,63.0,bachelors,daily,False,1,0,manual,2,0,2,0,0,0,False,24,12.0,11,True,26,38,-12.0,False,g2! h2!,1,False,2,3.0,5.0,0.6,1.0,1.0,1.0,24.0,Solvers
vanilla_adopters,vanilla_adopters,adopters,p137,R3,bg20260726,False,True,,,2026-08-07T12:46:49.378149+00:00,,,3.0,True,False,True,,3,63.0,bachelors,daily,False,1,0,manual,3,3,3,3,3,3,True,0,0.0,31,True,34,30,4.0,True,b2 g8 h7,1,True,2,3.0,5.0,0.6,1.0,1.0,1.0,24.0,Solvers
vanilla_adopters,vanilla_adopters,adopters,p150,R1,oc20260727,True,False,,,2026-08-03T19:53:57.570237+00:00,,,3.0,True,False,True,,1,44.0,bachelors,few_times_week,False,1,9,manual,4,3,3,3,3,3,True,36,9.0,164,True,23,41,-18.0,False,b7 c8 a7 g2!,1,False,2,5.0,6.0,0.833,1.0,1.0,2.0,14.0,Solvers
vanilla_adopters,vanilla_adopters,adopters,p150,R2,b220260706,False,True,,,2026-08-03T19:53:57.570237+00:00,,,3.0,True,False,True,,1,44.0,bachelors,few_times_week,False,1,0,manual,3,2,3,2,2,2,True,14,4.7,16,True,31,33,-2.0,False,g7 h1 h2!,1,False,2,5.0,6.0,0.833,1.0,1.0,2.0,14.0,Solvers
vanilla_adopters,vanilla_adopters,adopters,p150,R3,bg20260726,False,True,,,2026-08-03T19:53:57.570237+00:00,,,3.0,True,False,True,,1,44.0,bachelors,few_times_week,False,1,0,manual,3,3,3,3,3,3,True,0,0.0,14,True,34,30,4.0,True,b2 g8 h7,1,True,2,5.0,6.0,0.833,1.0,1.0,2.0,14.0,Solvers
vanilla_adopters,vanilla_adopters,adopters,p155,R1,oc20260727,True,False,,,2026-08-04T13:21:47.945874+00:00,,,2.667,True,False,True,,3,37.0,hs_graduate,few_times_week,False,2,5,manual,3,2,3,2,2,2,True,38,12.7,29,True,22,42,-20.0,False,b7 c8 b6!,1,False,2,3.0,5.0,0.6,0.0,0.0,2.0,26.0,Solvers
vanilla_adopters,vanilla_adopters,adopters,p155,R2,b220260706,False,True,,,2026-08-04T13:21:47.945874+00:00,,,2.667,True,False,True,,3,37.0,hs_graduate,few_times_week,False,2,0,manual,2,1,2,1,1,1,True,12,6.0,3,True,32,32,0.0,False,g7 g2!,1,False,2,3.0,5.0,0.6,0.0,0.0,2.0,26.0,Solvers
vanilla_adopters,vanilla_adopters,adopters,p155,R3,bg20260726,False,True,,,2026-08-04T13:21:47.945874+00:00,,,2.667,True,False,True,,3,37.0,hs_graduate,few_times_week,False,2,0,manual,3,2,3,2,1,1,True,14,4.7,12,True,27,37,-10.0,False,b2 g7! h7,1,False,2,3.0,5.0,0.6,0.0,0.0,2.0,26.0,Solvers
vanilla_adopters,vanilla_adopters,adopters,p157,R1,oc20260727,True,False,,,2026-08-07T13:55:04.119510+00:00,,,3.333,True,False,True,,1,33.0,postgrad,few_times_week,False,2,5,manual,3,2,3,2,0,0,False,44,14.7,120,True,19,45,-26.0,False,b8! g2 b6,1,False,2,2.0,4.0,0.5,0.0,0.0,0.0,22.0,Strugglers
vanilla_adopters,vanilla_adopters,adopters,p157,R2,b220260706,False,True,,,2026-08-07T13:55:04.119510+00:00,,,3.333,True,False,True,,1,33.0,postgrad,few_times_week,False,2,0,manual,2,1,2,1,0,0,False,14,7.0,7,True,31,33,-2.0,False,g1! g7,1,False,2,2.0,4.0,0.5,0.0,0.0,0.0,22.0,Strugglers
vanilla_adopters,vanilla_adopters,adopters,p157,R3,bg20260726,False,True,,,2026-08-07T13:55:04.119510+00:00,,,3.333,True,False,True,,1,33.0,postgrad,few_times_week,False,2,0,manual,2,1,2,1,0,0,False,8,4.0,16,True,30,34,-4.0,False,g8! g7,1,False,2,2.0,4.0,0.5,0.0,0.0,0.0,22.0,Strugglers
vanilla_adopters,vanilla_adopters,adopters,p158,R1,oc20260727,True,False,,,2026-08-07T15:09:10.569784+00:00,,,3.0,True,False,True,,dont_know,49.0,bachelors,weekly,False,2,5,manual,5,3,3,2,0,0,False,46,9.2,124,True,18,46,-28.0,False,a7! g2 b6 b7! c8,1,False,2,3.0,5.0,0.6,1.0,1.0,1.0,30.0,Solvers
vanilla_adopters,vanilla_adopters,adopters,p158,R2,b220260706,False,True,,,2026-08-07T15:09:10.569784+00:00,,,3.0,True,False,True,,dont_know,49.0,bachelors,weekly,False,2,0,manual,2,0,2,0,0,0,False,30,15.0,7,True,23,41,-18.0,False,g1! g2!,1,False,2,3.0,5.0,0.6,1.0,1.0,1.0,30.0,Solvers
vanilla_adopters,vanilla_adopters,adopters,p158,R3,bg20260726,False,True,,,2026-08-07T15:09:10.569784+00:00,,,3.0,True,False,True,,dont_know,49.0,bachelors,weekly,False,2,0,manual,3,3,3,3,3,3,True,0,0.0,37,True,34,30,4.0,True,b2 g8 h7,1,True,2,3.0,5.0,0.6,1.0,1.0,1.0,30.0,Solvers
vanilla_adopters,vanilla_adopters,adopters,p161,R1,oc20260727,True,False,,,2026-08-04T13:28:02.064678+00:00,,,3.0,True,False,True,,dont_know,32.0,bachelors,several_times_day,False,2,10,timeout,6,6,3,3,6,3,True,0,0.0,323,True,41,23,18.0,True,b7 c8 a7 a3 a1 h1,1,True,2,2.0,5.0,0.4,0.0,0.0,0.0,40.0,Strugglers
vanilla_adopters,vanilla_adopters,adopters,p161,R2,b220260706,False,True,,,2026-08-04T13:28:02.064678+00:00,,,3.0,True,False,True,,dont_know,32.0,bachelors,several_times_day,False,2,0,manual,2,0,2,0,0,0,False,24,12.0,9,True,26,38,-12.0,False,g2! h2!,1,False,2,2.0,5.0,0.4,0.0,0.0,0.0,40.0,Strugglers
vanilla_adopters,vanilla_adopters,adopters,p161,R3,bg20260726,False,True,,,2026-08-04T13:28:02.064678+00:00,,,3.0,True,False,True,,dont_know,32.0,bachelors,several_times_day,False,2,0,manual,3,2,3,2,0,0,False,16,5.3,18,True,26,38,-12.0,False,h7! b2 g8,1,False,2,2.0,5.0,0.4,0.0,0.0,0.0,40.0,Strugglers
vanilla_adopters,vanilla_adopters,adopters,p17,R1,oc20260727,True,False,,,2026-08-05T14:20:53.202320+00:00,,,4.0,True,False,True,,1,59.0,bachelors,several_times_day,False,1,5,timeout,6,6,3,3,6,3,True,0,0.0,224,True,41,23,18.0,True,b7 c8 a7 a3 a1 h1,1,True,2,3.0,6.0,0.5,0.0,0.0,2.0,36.0,Strugglers
vanilla_adopters,vanilla_adopters,adopters,p17,R2,b220260706,False,True,,,2026-08-05T14:20:53.202320+00:00,,,4.0,True,False,True,,1,59.0,bachelors,several_times_day,False,1,0,manual,3,2,3,2,2,2,True,14,4.7,30,True,31,33,-2.0,False,g7 h1 h2!,1,False,2,3.0,6.0,0.5,0.0,0.0,2.0,36.0,Strugglers
vanilla_adopters,vanilla_adopters,adopters,p17,R3,bg20260726,False,True,,,2026-08-05T14:20:53.202320+00:00,,,4.0,True,False,True,,1,59.0,bachelors,several_times_day,False,1,0,manual,3,1,3,1,1,1,True,22,7.3,41,True,23,41,-18.0,False,b2 g7! h8!,1,False,2,3.0,6.0,0.5,0.0,0.0,2.0,36.0,Strugglers
vanilla_adopters,vanilla_adopters,adopters,p199,R1,oc20260727,True,False,,,2026-08-07T15:47:07.169137+00:00,,,3.0,True,False,True,,1,62.0,hs_graduate,few_times_month,False,1,5,manual,6,6,3,3,6,3,True,0,0.0,143,True,41,23,18.0,True,b7 c8 a7 a3 a1 h1,1,True,2,0.0,4.0,0.0,0.0,0.0,0.0,46.0,Strugglers
vanilla_adopters,vanilla_adopters,adopters,p199,R2,b220260706,False,True,,,2026-08-07T15:47:07.169137+00:00,,,3.0,True,False,True,,1,62.0,hs_graduate,few_times_month,False,1,0,manual,2,0,2,0,0,0,False,24,12.0,4,True,26,38,-12.0,False,g2! h2!,1,False,2,0.0,4.0,0.0,0.0,0.0,0.0,46.0,Strugglers
vanilla_adopters,vanilla_adopters,adopters,p199,R3,bg20260726,False,True,,,2026-08-07T15:47:07.169137+00:00,,,3.0,True,False,True,,1,62.0,hs_graduate,few_times_month,False,1,0,manual,2,0,2,0,0,0,False,22,11.0,6,True,23,41,-18.0,False,g7! h7!,1,False,2,0.0,4.0,0.0,0.0,0.0,0.0,46.0,Strugglers
vanilla_adopters,vanilla_adopters,adopters,p212,R1,oc20260727,True,False,,,2026-08-05T14:08:03.153404+00:00,,,3.0,True,False,True,,1,46.0,associate,few_times_week,False,1,5,manual,5,4,3,3,3,3,True,22,4.4,115,True,30,34,-4.0,False,b7 c8 a7 a1! h1,1,False,2,1.0,4.0,0.25,0.0,0.0,0.0,32.0,Strugglers
vanilla_adopters,vanilla_adopters,adopters,p212,R2,b220260706,False,True,,,2026-08-05T14:08:03.153404+00:00,,,3.0,True,False,True,,1,46.0,associate,few_times_week,False,1,0,manual,2,0,2,0,0,0,False,24,12.0,7,True,26,38,-12.0,False,g2! h2!,1,False,2,1.0,4.0,0.25,0.0,0.0,0.0,32.0,Strugglers
vanilla_adopters,vanilla_adopters,adopters,p212,R3,bg20260726,False,True,,,2026-08-05T14:08:03.153404+00:00,,,3.0,True,False,True,,1,46.0,associate,few_times_week,False,1,0,manual,2,1,2,1,0,0,False,8,4.0,10,True,30,34,-4.0,False,g8! g7,1,False,2,1.0,4.0,0.25,0.0,0.0,0.0,32.0,Strugglers
vanilla_adopters,vanilla_adopters,adopters,p222,R1,oc20260727,True,False,,,2026-08-07T12:32:40.808389+00:00,,,3.0,True,False,True,,2,51.0,postgrad,several_times_day,False,1,5,manual,5,3,3,2,4,3,True,20,4.0,66,True,31,33,-2.0,False,b7 a7! a1 h1 g2!,1,False,2,5.0,6.0,0.833,1.0,1.0,2.0,14.0,Solvers
vanilla_adopters,vanilla_adopters,adopters,p222,R2,b220260706,False,True,,,2026-08-07T12:32:40.808389+00:00,,,3.0,True,False,True,,2,51.0,postgrad,several_times_day,False,1,0,manual,3,2,3,2,2,2,True,14,4.7,28,True,31,33,-2.0,False,g7 h1 h2!,1,False,2,5.0,6.0,0.833,1.0,1.0,2.0,14.0,Solvers
vanilla_adopters,vanilla_adopters,adopters,p222,R3,bg20260726,False,True,,,2026-08-07T12:32:40.808389+00:00,,,3.0,True,False,True,,2,51.0,postgrad,several_times_day,False,1,0,manual,3,3,3,3,3,3,True,0,0.0,36,True,34,30,4.0,True,b2 g8 h7,1,True,2,5.0,6.0,0.833,1.0,1.0,2.0,14.0,Solvers
vanilla_adopters,vanilla_adopters,adopters,p226,R1,oc20260727,True,False,,,2026-08-04T13:21:38.158448+00:00,,,3.0,True,False,True,,2,36.0,bachelors,about_monthly,False,1,5,manual,3,1,3,1,0,0,False,42,14.0,23,True,20,44,-24.0,False,c8! a7 b6!,1,False,2,2.0,4.0,0.5,0.0,0.0,0.0,24.0,Strugglers
vanilla_adopters,vanilla_adopters,adopters,p226,R2,b220260706,False,True,,,2026-08-04T13:21:38.158448+00:00,,,3.0,True,False,True,,2,36.0,bachelors,about_monthly,False,1,0,manual,2,1,2,1,0,0,False,16,8.0,17,True,30,34,-4.0,False,g2! g7,1,False,2,2.0,4.0,0.5,0.0,0.0,0.0,24.0,Strugglers
vanilla_adopters,vanilla_adopters,adopters,p226,R3,bg20260726,False,True,,,2026-08-04T13:21:38.158448+00:00,,,3.0,True,False,True,,2,36.0,bachelors,about_monthly,False,1,0,manual,2,1,2,1,0,0,False,8,4.0,4,True,30,34,-4.0,False,g8! g7,1,False,2,2.0,4.0,0.5,0.0,0.0,0.0,24.0,Strugglers
vanilla_adopters,vanilla_adopters,adopters,p233,R1,oc20260727,True,False,,,2026-08-04T13:18:40.490279+00:00,,,4.0,True,False,True,,2,33.0,some_college,weekly,False,1,5,manual,5,4,3,3,5,3,True,16,3.2,164,True,33,31,2.0,True,b7 c8 a7 a3 g2!,1,False,2,0.0,4.0,0.0,0.0,0.0,0.0,48.0,Strugglers
vanilla_adopters,vanilla_adopters,adopters,p233,R2,b220260706,False,True,,,2026-08-04T13:18:40.490279+00:00,,,4.0,True,False,True,,2,33.0,some_college,weekly,False,1,0,manual,2,0,2,0,0,0,False,24,12.0,4,True,26,38,-12.0,False,g2! h2!,1,False,2,0.0,4.0,0.0,0.0,0.0,0.0,48.0,Strugglers
vanilla_adopters,vanilla_adopters,adopters,p233,R3,bg20260726,False,True,,,2026-08-04T13:18:40.490279+00:00,,,4.0,True,False,True,,2,33.0,some_college,weekly,False,1,0,manual,2,0,2,0,0,0,False,24,12.0,2,True,22,42,-20.0,False,g7! g8!,1,False,2,0.0,4.0,0.0,0.0,0.0,0.0,48.0,Strugglers
vanilla_adopters,vanilla_adopters,adopters,p240,R1,oc20260727,True,False,,,2026-08-07T13:45:34.169425+00:00,,,3.0,True,False,True,,dont_know,31.0,postgrad,several_times_day,False,1,5,manual,4,1,3,0,0,0,False,42,10.5,15,True,20,44,-24.0,False,b6! b7! c8! a7,1,False,2,3.0,5.0,0.6,0.0,0.0,2.0,26.0,Solvers
vanilla_adopters,vanilla_adopters,adopters,p240,R2,b220260706,False,True,,,2026-08-07T13:45:34.169425+00:00,,,3.0,True,False,True,,dont_know,31.0,postgrad,several_times_day,False,1,0,manual,2,1,2,1,1,1,True,12,6.0,3,True,32,32,0.0,False,g7 g2!,1,False,2,3.0,5.0,0.6,0.0,0.0,2.0,26.0,Solvers
vanilla_adopters,vanilla_adopters,adopters,p240,R3,bg20260726,False,True,,,2026-08-07T13:45:34.169425+00:00,,,3.0,True,False,True,,dont_know,31.0,postgrad,several_times_day,False,1,0,manual,3,2,3,2,1,1,True,14,4.7,5,True,27,37,-10.0,False,b2 g7! h7,1,False,2,3.0,5.0,0.6,0.0,0.0,2.0,26.0,Solvers
vanilla_adopters,vanilla_adopters,adopters,p241,R1,oc20260727,True,False,,,2026-08-07T14:51:14.587569+00:00,,,3.0,True,False,True,,1,63.0,bachelors,several_times_day,False,2,5,timeout,1,1,1,1,1,1,True,0,0.0,0,False,24,32,,,b7,1,False,2,1.0,4.0,0.25,0.0,0.0,0.0,42.0,Strugglers
vanilla_adopters,vanilla_adopters,adopters,p241,R2,b220260706,False,True,,,2026-08-07T14:51:14.587569+00:00,,,3.0,True,False,True,,1,63.0,bachelors,several_times_day,False,2,0,manual,2,1,2,1,0,0,False,16,8.0,12,True,30,34,-4.0,False,g2! g7,1,False,2,1.0,4.0,0.25,0.0,0.0,0.0,42.0,Strugglers
vanilla_adopters,vanilla_adopters,adopters,p241,R3,bg20260726,False,True,,,2026-08-07T14:51:14.587569+00:00,,,3.0,True,False,True,,1,63.0,bachelors,several_times_day,False,2,0,manual,2,0,2,0,0,0,False,26,13.0,12,True,21,43,-22.0,False,h7! g7!,1,False,2,1.0,4.0,0.25,0.0,0.0,0.0,42.0,Strugglers
vanilla_adopters,vanilla_adopters,adopters,p258,R1,oc20260727,True,False,,,2026-08-05T13:08:38.537913+00:00,,,2.667,True,False,True,,1,69.0,postgrad,daily,False,1,5,manual,5,4,3,3,5,3,True,16,3.2,70,True,33,31,2.0,True,b7 c8 a7 a3 g2!,1,False,2,0.0,4.0,0.0,0.0,0.0,0.0,48.0,Strugglers
vanilla_adopters,vanilla_adopters,adopters,p258,R2,b220260706,False,True,,,2026-08-05T13:08:38.537913+00:00,,,2.667,True,False,True,,1,69.0,postgrad,daily,False,1,0,manual,2,0,2,0,0,0,False,24,12.0,8,True,26,38,-12.0,False,g2! h2!,1,False,2,0.0,4.0,0.0,0.0,0.0,0.0,48.0,Strugglers
vanilla_adopters,vanilla_adopters,adopters,p258,R3,bg20260726,False,True,,,2026-08-05T13:08:38.537913+00:00,,,2.667,True,False,True,,1,69.0,postgrad,daily,False,1,0,manual,2,0,2,0,0,0,False,24,12.0,4,True,22,42,-20.0,False,g7! g8!,1,False,2,0.0,4.0,0.0,0.0,0.0,0.0,48.0,Strugglers
vanilla_adopters,vanilla_adopters,adopters,p262,R1,oc20260727,True,False,,,2026-08-04T18:15:20.746847+00:00,,,3.0,True,False,True,,dont_know,59.0,some_postgrad,few_times_week,False,1,5,manual,6,6,3,3,6,3,True,0,0.0,213,True,41,23,18.0,True,b7 c8 a7 a3 a1 h1,1,True,2,0.0,4.0,0.0,0.0,0.0,0.0,48.0,Strugglers
vanilla_adopters,vanilla_adopters,adopters,p262,R2,b220260706,False,True,,,2026-08-04T18:15:20.746847+00:00,,,3.0,True,False,True,,dont_know,59.0,some_postgrad,few_times_week,False,1,0,manual,2,0,2,0,0,0,False,24,12.0,4,True,26,38,-12.0,False,g2! h2!,1,False,2,0.0,4.0,0.0,0.0,0.0,0.0,48.0,Strugglers
vanilla_adopters,vanilla_adopters,adopters,p262,R3,bg20260726,False,True,,,2026-08-04T18:15:20.746847+00:00,,,3.0,True,False,True,,dont_know,59.0,some_postgrad,few_times_week,False,1,0,manual,2,0,2,0,0,0,False,24,12.0,4,True,22,42,-20.0,False,g7! g8!,1,False,2,0.0,4.0,0.0,0.0,0.0,0.0,48.0,Strugglers
vanilla_adopters,vanilla_adopters,adopters,p266,R1,oc20260727,True,False,,,2026-08-05T15:23:43.546138+00:00,,,3.333,True,False,True,,dont_know,35.0,bachelors,few_times_week,True,1,5,manual,6,6,3,3,6,3,True,0,0.0,212,True,41,23,18.0,True,b7 c8 a7 a3 a1 h1,1,True,2,2.0,5.0,0.4,0.0,0.0,2.0,28.0,Strugglers
vanilla_adopters,vanilla_adopters,adopters,p266,R2,b220260706,False,True,,,2026-08-05T15:23:43.546138+00:00,,,3.333,True,False,True,,dont_know,35.0,bachelors,few_times_week,True,1,0,manual,2,1,2,1,1,1,True,12,6.0,10,True,32,32,0.0,False,g7 g2!,1,False,2,2.0,5.0,0.4,0.0,0.0,2.0,28.0,Strugglers
vanilla_adopters,vanilla_adopters,adopters,p266,R3,bg20260726,False,True,,,2026-08-05T15:23:43.546138+00:00,,,3.333,True,False,True,,dont_know,35.0,bachelors,few_times_week,True,1,0,manual,3,1,3,1,1,1,True,16,5.3,21,True,26,38,-12.0,False,b2 h7! g7!,1,False,2,2.0,5.0,0.4,0.0,0.0,2.0,28.0,Strugglers
vanilla_adopters,vanilla_adopters,adopters,p268,R1,oc20260727,True,False,,,2026-08-05T12:44:05.346758+00:00,,,3.0,True,False,True,,2,44.0,postgrad,few_times_week,False,1,3,timeout,4,3,3,3,3,3,True,36,9.0,129,True,23,41,-18.0,False,b7 c8 a7 g2!,1,False,2,2.0,4.0,0.5,0.0,0.0,0.0,32.0,Strugglers
vanilla_adopters,vanilla_adopters,adopters,p268,R2,b220260706,False,True,,,2026-08-05T12:44:05.346758+00:00,,,3.0,True,False,True,,2,44.0,postgrad,few_times_week,False,1,0,manual,2,1,2,1,0,0,False,16,8.0,8,True,30,34,-4.0,False,g2! g7,1,False,2,2.0,4.0,0.5,0.0,0.0,0.0,32.0,Strugglers
vanilla_adopters,vanilla_adopters,adopters,p268,R3,bg20260726,False,True,,,2026-08-05T12:44:05.346758+00:00,,,3.0,True,False,True,,2,44.0,postgrad,few_times_week,False,1,0,manual,2,1,2,1,0,0,False,16,8.0,14,True,26,38,-12.0,False,h7! g8,1,False,2,2.0,4.0,0.5,0.0,0.0,0.0,32.0,Strugglers
vanilla_adopters,vanilla_adopters,adopters,p277,R1,oc20260727,True,False,,,2026-08-05T12:32:58.048293+00:00,,,3.0,True,False,True,,1,45.0,bachelors,several_times_day,False,1,5,manual,4,3,3,2,0,0,False,40,10.0,94,True,21,43,-22.0,False,c8! g2 b6 a8,1,False,2,5.0,6.0,0.833,1.0,1.0,2.0,14.0,Solvers
vanilla_adopters,vanilla_adopters,adopters,p277,R2,b220260706,False,True,,,2026-08-05T12:32:58.048293+00:00,,,3.0,True,False,True,,1,45.0,bachelors,several_times_day,False,1,0,manual,3,3,3,3,3,3,True,0,0.0,33,True,38,26,12.0,True,g7 h1 g2,1,True,2,5.0,6.0,0.833,1.0,1.0,2.0,14.0,Solvers
vanilla_adopters,vanilla_adopters,adopters,p277,R3,bg20260726,False,True,,,2026-08-05T12:32:58.048293+00:00,,,3.0,True,False,True,,1,45.0,bachelors,several_times_day,False,1,0,manual,3,2,3,2,1,1,True,14,4.7,66,True,27,37,-10.0,False,b2 g7! h7,1,False,2,5.0,6.0,0.833,1.0,1.0,2.0,14.0,Solvers
vanilla_adopters,vanilla_adopters,adopters,p284,R1,oc20260727,True,False,,,2026-08-05T13:23:00.952420+00:00,,,4.0,True,False,True,,3,22.0,hs_graduate,daily,False,3,8,manual,4,2,3,2,0,0,False,44,11.0,93,True,19,45,-26.0,False,a7! g2 b6 c8!,1,False,1,,,,,,,,
vanilla_adopters,vanilla_adopters,adopters,p284,R3,bg20260726,False,True,,,2026-08-05T13:23:00.952420+00:00,,,4.0,True,False,True,,3,22.0,hs_graduate,daily,False,3,0,manual,3,1,3,1,1,1,True,22,7.3,10,True,23,41,-18.0,False,b2 g7! h8!,1,False,1,,,,,,,,
vanilla_adopters,vanilla_adopters,adopters,p286,R1,oc20260727,True,False,,,2026-08-04T13:02:04.016965+00:00,,,2.667,True,False,True,,2,41.0,postgrad,about_monthly,False,1,5,manual,4,2,3,1,1,1,True,38,9.5,27,True,22,42,-20.0,False,b7 g2! b6! b8,1,False,2,6.0,6.0,1.0,2.0,2.0,2.0,0.0,Solvers
vanilla_adopters,vanilla_adopters,adopters,p286,R2,b220260706,False,True,,,2026-08-04T13:02:04.016965+00:00,,,2.667,True,False,True,,2,41.0,postgrad,about_monthly,False,1,0,manual,3,3,3,3,3,3,True,0,0.0,12,True,38,26,12.0,True,g7 h1 g2,1,True,2,6.0,6.0,1.0,2.0,2.0,2.0,0.0,Solvers
vanilla_adopters,vanilla_adopters,adopters,p286,R3,bg20260726,False,True,,,2026-08-04T13:02:04.016965+00:00,,,2.667,True,False,True,,2,41.0,postgrad,about_monthly,False,1,0,manual,3,3,3,3,3,3,True,0,0.0,8,True,34,30,4.0,True,b2 g8 h7,1,True,2,6.0,6.0,1.0,2.0,2.0,2.0,0.0,Solvers
vanilla_adopters,vanilla_adopters,adopters,p30,R1,oc20260727,True,False,,,2026-08-05T17:13:27.278924+00:00,,,2.667,True,False,True,,dont_know,30.0,bachelors,few_times_week,False,1,5,manual,4,1,3,0,0,0,False,44,11.0,23,True,19,45,-26.0,False,b6! b7! g2! b8,1,False,2,2.0,4.0,0.5,0.0,0.0,0.0,30.0,Strugglers
vanilla_adopters,vanilla_adopters,adopters,p30,R2,b220260706,False,True,,,2026-08-05T17:13:27.278924+00:00,,,2.667,True,False,True,,dont_know,30.0,bachelors,few_times_week,False,1,0,manual,2,1,2,1,0,0,False,14,7.0,8,True,31,33,-2.0,False,g1! g7,1,False,2,2.0,4.0,0.5,0.0,0.0,0.0,30.0,Strugglers
vanilla_adopters,vanilla_adopters,adopters,p30,R3,bg20260726,False,True,,,2026-08-05T17:13:27.278924+00:00,,,2.667,True,False,True,,dont_know,30.0,bachelors,few_times_week,False,1,0,manual,2,1,2,1,0,0,False,16,8.0,4,True,26,38,-12.0,False,g7! b2,1,False,2,2.0,4.0,0.5,0.0,0.0,0.0,30.0,Strugglers
vanilla_adopters,vanilla_adopters,adopters,p314,R1,oc20260727,True,False,,,2026-08-05T13:44:54.398108+00:00,,,3.0,True,False,True,,1,34.0,postgrad,several_times_day,True,3,5,manual,4,3,3,3,3,3,True,36,9.0,136,True,23,41,-18.0,False,b7 c8 a7 g2!,1,False,2,1.0,4.0,0.25,0.0,0.0,0.0,30.0,Strugglers
vanilla_adopters,vanilla_adopters,adopters,p314,R2,b220260706,False,True,,,2026-08-05T13:44:54.398108+00:00,,,3.0,True,False,True,,1,34.0,postgrad,several_times_day,True,3,0,manual,2,1,2,1,0,0,False,16,8.0,9,True,30,34,-4.0,False,g2! g7,1,False,2,1.0,4.0,0.25,0.0,0.0,0.0,30.0,Strugglers
vanilla_adopters,vanilla_adopters,adopters,p314,R3,bg20260726,False,True,,,2026-08-05T13:44:54.398108+00:00,,,3.0,True,False,True,,1,34.0,postgrad,several_times_day,True,3,0,manual,2,0,2,0,0,0,False,14,7.0,9,True,27,37,-10.0,False,g8! h7!,1,False,2,1.0,4.0,0.25,0.0,0.0,0.0,30.0,Strugglers
vanilla_adopters,vanilla_adopters,adopters,p322,R1,oc20260727,True,False,,,2026-08-07T15:24:42.082682+00:00,,,2.667,True,False,True,,1,35.0,postgrad,about_monthly,True,3,9,manual,6,6,3,3,6,3,True,0,0.0,361,True,41,23,18.0,True,b7 c8 a7 a3 a1 h1,1,True,2,6.0,6.0,1.0,2.0,2.0,2.0,0.0,Solvers
vanilla_adopters,vanilla_adopters,adopters,p322,R2,b220260706,False,True,,,2026-08-07T15:24:42.082682+00:00,,,2.667,True,False,True,,1,35.0,postgrad,about_monthly,True,3,0,manual,3,3,3,3,3,3,True,0,0.0,10,True,38,26,12.0,True,g7 h1 g2,1,True,2,6.0,6.0,1.0,2.0,2.0,2.0,0.0,Solvers
vanilla_adopters,vanilla_adopters,adopters,p322,R3,bg20260726,False,True,,,2026-08-07T15:24:42.082682+00:00,,,2.667,True,False,True,,1,35.0,postgrad,about_monthly,True,3,0,manual,3,3,3,3,3,3,True,0,0.0,12,True,34,30,4.0,True,b2 g8 h7,1,True,2,6.0,6.0,1.0,2.0,2.0,2.0,0.0,Solvers
vanilla_adopters,vanilla_adopters,adopters,p329,R1,oc20260727,True,False,,,2026-08-03T19:51:25.479485+00:00,,,3.0,True,False,True,,2,49.0,bachelors,daily,False,2,5,manual,4,3,3,3,3,3,True,36,9.0,194,True,23,41,-18.0,False,b7 c8 a7 g2!,1,False,2,5.0,6.0,0.833,1.0,1.0,2.0,14.0,Solvers
vanilla_adopters,vanilla_adopters,adopters,p329,R2,b220260706,False,True,,,2026-08-03T19:51:25.479485+00:00,,,3.0,True,False,True,,2,49.0,bachelors,daily,False,2,0,manual,3,2,3,2,2,2,True,14,4.7,27,True,31,33,-2.0,False,g7 h1 h2!,1,False,2,5.0,6.0,0.833,1.0,1.0,2.0,14.0,Solvers
vanilla_adopters,vanilla_adopters,adopters,p329,R3,bg20260726,False,True,,,2026-08-03T19:51:25.479485+00:00,,,3.0,True,False,True,,2,49.0,bachelors,daily,False,2,0,manual,3,3,3,3,3,3,True,0,0.0,15,True,34,30,4.0,True,b2 g8 h7,1,True,2,5.0,6.0,0.833,1.0,1.0,2.0,14.0,Solvers
vanilla_adopters,vanilla_adopters,adopters,p33,R1,oc20260727,True,False,,,2026-08-04T14:15:15.822084+00:00,,,3.0,True,False,True,,3,57.0,bachelors,never,False,2,5,manual,5,3,3,2,4,3,True,20,4.0,97,True,31,33,-2.0,False,b7 a7! a1 h1 g2!,1,False,2,5.0,6.0,0.833,1.0,1.0,2.0,10.0,Solvers
vanilla_adopters,vanilla_adopters,adopters,p33,R2,b220260706,False,True,,,2026-08-04T14:15:15.822084+00:00,,,3.0,True,False,True,,3,57.0,bachelors,never,False,2,0,manual,3,3,3,3,3,3,True,0,0.0,18,True,38,26,12.0,True,g7 h1 g2,1,True,2,5.0,6.0,0.833,1.0,1.0,2.0,10.0,Solvers
vanilla_adopters,vanilla_adopters,adopters,p33,R3,bg20260726,False,True,,,2026-08-04T14:15:15.822084+00:00,,,3.0,True,False,True,,3,57.0,bachelors,never,False,2,0,manual,3,2,3,2,1,1,True,10,3.3,35,True,29,35,-6.0,False,b2 h7! g8,1,False,2,5.0,6.0,0.833,1.0,1.0,2.0,10.0,Solvers
vanilla_adopters,vanilla_adopters,adopters,p334,R1,oc20260727,True,False,,,2026-08-05T14:49:17.121162+00:00,,,3.0,True,False,True,,1,25.0,postgrad,several_times_day,False,1,5,manual,5,4,3,3,3,3,True,22,4.4,214,True,30,34,-4.0,False,b7 c8 a7 a1! h1,1,False,2,1.0,5.0,0.2,0.0,0.0,1.0,46.0,Strugglers
vanilla_adopters,vanilla_adopters,adopters,p334,R2,b220260706,False,True,,,2026-08-05T14:49:17.121162+00:00,,,3.0,True,False,True,,1,25.0,postgrad,several_times_day,False,1,0,manual,2,0,2,0,0,0,False,24,12.0,2,True,26,38,-12.0,False,g2! h2!,1,False,2,1.0,5.0,0.2,0.0,0.0,1.0,46.0,Strugglers
vanilla_adopters,vanilla_adopters,adopters,p334,R3,bg20260726,False,True,,,2026-08-05T14:49:17.121162+00:00,,,3.0,True,False,True,,1,25.0,postgrad,several_times_day,False,1,0,manual,3,1,3,1,1,1,True,22,7.3,14,True,23,41,-18.0,False,b2 g7! h8!,1,False,2,1.0,5.0,0.2,0.0,0.0,1.0,46.0,Strugglers
vanilla_adopters,vanilla_adopters,adopters,p346,R1,oc20260727,True,False,,,2026-08-05T14:29:13.235907+00:00,,,3.0,True,False,True,,1,52.0,hs_graduate,less_than_monthly,True,3,5,manual,3,2,3,2,2,2,True,38,12.7,185,True,22,42,-20.0,False,b7 c8 b6!,1,False,2,5.0,6.0,0.833,1.0,1.0,2.0,14.0,Solvers
vanilla_adopters,vanilla_adopters,adopters,p346,R2,b220260706,False,True,,,2026-08-05T14:29:13.235907+00:00,,,3.0,True,False,True,,1,52.0,hs_graduate,less_than_monthly,True,3,0,manual,3,2,3,2,2,2,True,14,4.7,14,True,31,33,-2.0,False,g7 h1 h2!,1,False,2,5.0,6.0,0.833,1.0,1.0,2.0,14.0,Solvers
vanilla_adopters,vanilla_adopters,adopters,p346,R3,bg20260726,False,True,,,2026-08-05T14:29:13.235907+00:00,,,3.0,True,False,True,,1,52.0,hs_graduate,less_than_monthly,True,3,0,manual,3,3,3,3,3,3,True,0,0.0,21,True,34,30,4.0,True,b2 g8 h7,1,True,2,5.0,6.0,0.833,1.0,1.0,2.0,14.0,Solvers
vanilla_adopters,vanilla_adopters,adopters,p357,R1,oc20260727,True,False,,,2026-08-05T14:35:09.836261+00:00,,,3.0,True,False,True,,1,36.0,postgrad,weekly,False,3,6,manual,3,2,3,2,0,0,False,40,13.3,63,True,21,43,-22.0,False,c8! a7 g2,1,False,2,4.0,5.0,0.8,1.0,1.0,1.0,16.0,Solvers
vanilla_adopters,vanilla_adopters,adopters,p357,R2,b220260706,False,True,,,2026-08-05T14:35:09.836261+00:00,,,3.0,True,False,True,,1,36.0,postgrad,weekly,False,3,0,manual,2,1,2,1,0,0,False,16,8.0,5,True,30,34,-4.0,False,g2! g7,1,False,2,4.0,5.0,0.8,1.0,1.0,1.0,16.0,Solvers
vanilla_adopters,vanilla_adopters,adopters,p357,R3,bg20260726,False,True,,,2026-08-05T14:35:09.836261+00:00,,,3.0,True,False,True,,1,36.0,postgrad,weekly,False,3,0,manual,3,3,3,3,3,3,True,0,0.0,10,True,34,30,4.0,True,b2 g8 h7,1,True,2,4.0,5.0,0.8,1.0,1.0,1.0,16.0,Solvers
vanilla_adopters,vanilla_adopters,adopters,p368,R1,oc20260727,True,False,,,2026-08-04T18:29:44.461713+00:00,,,2.667,True,False,True,,1,36.0,associate,daily,False,2,5,manual,3,0,3,0,0,0,False,44,14.7,8,True,19,45,-26.0,False,g2! c8! a7!,1,False,2,4.0,6.0,0.667,1.0,1.0,2.0,16.0,Solvers
vanilla_adopters,vanilla_adopters,adopters,p368,R2,b220260706,False,True,,,2026-08-04T18:29:44.461713+00:00,,,2.667,True,False,True,,1,36.0,associate,daily,False,2,0,manual,3,3,3,3,3,3,True,0,0.0,7,True,38,26,12.0,True,g7 h1 g2,1,True,2,4.0,6.0,0.667,1.0,1.0,2.0,16.0,Solvers
vanilla_adopters,vanilla_adopters,adopters,p368,R3,bg20260726,False,True,,,2026-08-04T18:29:44.461713+00:00,,,2.667,True,False,True,,1,36.0,associate,daily,False,2,0,manual,3,1,3,1,1,1,True,16,5.3,15,True,26,38,-12.0,False,b2 h7! g7!,1,False,2,4.0,6.0,0.667,1.0,1.0,2.0,16.0,Solvers
vanilla_adopters,vanilla_adopters,adopters,p380,R1,oc20260727,True,False,,,2026-08-07T13:19:37.001852+00:00,,,3.0,True,False,True,,1,53.0,postgrad,few_times_week,False,1,5,manual,5,4,3,2,5,3,True,2,0.4,126,True,40,24,16.0,True,b7 a7! a1 h1 b6,1,False,2,1.0,4.0,0.25,0.0,0.0,1.0,38.0,Strugglers
vanilla_adopters,vanilla_adopters,adopters,p380,R2,b220260706,False,True,,,2026-08-07T13:19:37.001852+00:00,,,3.0,True,False,True,,1,53.0,postgrad,few_times_week,False,1,0,manual,2,1,2,1,1,1,True,12,6.0,10,True,32,32,0.0,False,g7 g2!,1,False,2,1.0,4.0,0.25,0.0,0.0,1.0,38.0,Strugglers
vanilla_adopters,vanilla_adopters,adopters,p380,R3,bg20260726,False,True,,,2026-08-07T13:19:37.001852+00:00,,,3.0,True,False,True,,1,53.0,postgrad,few_times_week,False,1,0,manual,2,0,2,0,0,0,False,26,13.0,7,True,21,43,-22.0,False,h7! g7!,1,False,2,1.0,4.0,0.25,0.0,0.0,1.0,38.0,Strugglers
vanilla_adopters,vanilla_adopters,adopters,p383,R1,oc20260727,True,False,,,2026-08-05T15:12:44.622039+00:00,,,3.0,True,False,True,,2,39.0,bachelors,few_times_month,False,2,5,manual,5,3,3,2,4,3,True,26,5.2,83,True,28,36,-8.0,False,b7 a7! b6 c8 g2!,1,False,2,4.0,5.0,0.8,1.0,1.0,1.0,14.0,Solvers
vanilla_adopters,vanilla_adopters,adopters,p383,R2,b220260706,False,True,,,2026-08-05T15:12:44.622039+00:00,,,3.0,True,False,True,,2,39.0,bachelors,few_times_month,False,2,0,manual,2,1,2,1,0,0,False,14,7.0,9,True,31,33,-2.0,False,g1! g7,1,False,2,4.0,5.0,0.8,1.0,1.0,1.0,14.0,Solvers
vanilla_adopters,vanilla_adopters,adopters,p383,R3,bg20260726,False,True,,,2026-08-05T15:12:44.622039+00:00,,,3.0,True,False,True,,2,39.0,bachelors,few_times_month,False,2,0,manual,3,3,3,3,3,3,True,0,0.0,12,True,34,30,4.0,True,b2 g8 h7,1,True,2,4.0,5.0,0.8,1.0,1.0,1.0,14.0,Solvers
vanilla_adopters,vanilla_adopters,adopters,p392,R1,oc20260727,True,False,,,2026-08-05T13:19:37.217484+00:00,,,3.0,True,False,True,,1,69.0,postgrad,few_times_week,False,1,7,timeout,2,2,2,2,2,2,True,0,0.0,94,False,22,36,,,b7 c8,1,False,2,3.0,5.0,0.6,1.0,1.0,1.0,24.0,Solvers
vanilla_adopters,vanilla_adopters,adopters,p392,R2,b220260706,False,True,,,2026-08-05T13:19:37.217484+00:00,,,3.0,True,False,True,,1,69.0,postgrad,few_times_week,False,1,0,manual,2,0,2,0,0,0,False,24,12.0,9,True,26,38,-12.0,False,g2! h2!,1,False,2,3.0,5.0,0.6,1.0,1.0,1.0,24.0,Solvers
vanilla_adopters,vanilla_adopters,adopters,p392,R3,bg20260726,False,True,,,2026-08-05T13:19:37.217484+00:00,,,3.0,True,False,True,,1,69.0,postgrad,few_times_week,False,1,0,manual,3,3,3,3,3,3,True,0,0.0,18,True,34,30,4.0,True,b2 g8 h7,1,True,2,3.0,5.0,0.6,1.0,1.0,1.0,24.0,Solvers
vanilla_adopters,vanilla_adopters,adopters,p393,R1,oc20260727,True,False,,,2026-08-05T14:51:35.125329+00:00,,,3.333,True,False,True,,dont_know,50.0,associate,daily,True,1,4,timeout,2,2,2,2,2,2,True,0,0.0,391,False,22,36,,,b7 c8,1,False,2,1.0,4.0,0.25,0.0,0.0,0.0,42.0,Strugglers
vanilla_adopters,vanilla_adopters,adopters,p393,R2,b220260706,False,True,,,2026-08-05T14:51:35.125329+00:00,,,3.333,True,False,True,,dont_know,50.0,associate,daily,True,1,0,manual,2,1,2,1,0,0,False,16,8.0,27,True,30,34,-4.0,False,g2! g7,1,False,2,1.0,4.0,0.25,0.0,0.0,0.0,42.0,Strugglers
vanilla_adopters,vanilla_adopters,adopters,p393,R3,bg20260726,False,True,,,2026-08-05T14:51:35.125329+00:00,,,3.333,True,False,True,,dont_know,50.0,associate,daily,True,1,0,manual,2,0,2,0,0,0,False,26,13.0,9,True,21,43,-22.0,False,h7! g7!,1,False,2,1.0,4.0,0.25,0.0,0.0,0.0,42.0,Strugglers
vanilla_adopters,vanilla_adopters,adopters,p395,R1,oc20260727,True,False,,,2026-08-05T13:33:16.993658+00:00,,,2.667,True,False,True,,dont_know,54.0,postgrad,never,False,1,5,manual,3,0,3,0,0,0,False,40,13.3,40,True,21,43,-22.0,False,b6! c8! b8!,1,False,2,3.0,5.0,0.6,0.0,0.0,1.0,30.0,Solvers
vanilla_adopters,vanilla_adopters,adopters,p395,R2,b220260706,False,True,,,2026-08-05T13:33:16.993658+00:00,,,2.667,True,False,True,,dont_know,54.0,postgrad,never,False,1,0,manual,2,1,2,1,0,0,False,16,8.0,7,True,30,34,-4.0,False,g2! g7,1,False,2,3.0,5.0,0.6,0.0,0.0,1.0,30.0,Solvers
vanilla_adopters,vanilla_adopters,adopters,p395,R3,bg20260726,False,True,,,2026-08-05T13:33:16.993658+00:00,,,2.667,True,False,True,,dont_know,54.0,postgrad,never,False,1,0,manual,3,2,3,2,1,1,True,14,4.7,17,True,27,37,-10.0,False,b2 g7! h7,1,False,2,3.0,5.0,0.6,0.0,0.0,1.0,30.0,Solvers
vanilla_adopters,vanilla_adopters,adopters,p404,R1,oc20260727,True,False,,,2026-08-05T12:44:10.306077+00:00,,,3.0,True,False,True,,2,40.0,bachelors,daily,True,2,5,manual,5,4,3,2,2,2,True,24,4.8,449,True,29,35,-6.0,False,b7 c8 g2! a1 a7,1,False,2,2.0,4.0,0.5,0.0,0.0,0.0,22.0,Strugglers
vanilla_adopters,vanilla_adopters,adopters,p404,R2,b220260706,False,True,,,2026-08-05T12:44:10.306077+00:00,,,3.0,True,False,True,,2,40.0,bachelors,daily,True,2,0,manual,2,1,2,1,0,0,False,14,7.0,20,True,31,33,-2.0,False,g1! g7,1,False,2,2.0,4.0,0.5,0.0,0.0,0.0,22.0,Strugglers
vanilla_adopters,vanilla_adopters,adopters,p404,R3,bg20260726,False,True,,,2026-08-05T12:44:10.306077+00:00,,,3.0,True,False,True,,2,40.0,bachelors,daily,True,2,0,manual,2,1,2,1,0,0,False,8,4.0,8,True,30,34,-4.0,False,g8! g7,1,False,2,2.0,4.0,0.5,0.0,0.0,0.0,22.0,Strugglers
vanilla_adopters,vanilla_adopters,adopters,p405,R1,oc20260727,True,False,,,2026-08-05T15:20:21.722085+00:00,,,3.0,True,False,True,,3,53.0,bachelors,about_monthly,True,3,6,manual,4,3,3,3,3,3,True,36,9.0,317,True,23,41,-18.0,False,b7 c8 a7 g2!,1,False,2,4.0,5.0,0.8,1.0,1.0,2.0,12.0,Solvers
vanilla_adopters,vanilla_adopters,adopters,p405,R2,b220260706,False,True,,,2026-08-05T15:20:21.722085+00:00,,,3.0,True,False,True,,3,53.0,bachelors,about_monthly,True,3,0,manual,2,1,2,1,1,1,True,12,6.0,7,True,32,32,0.0,False,g7 g2!,1,False,2,4.0,5.0,0.8,1.0,1.0,2.0,12.0,Solvers
vanilla_adopters,vanilla_adopters,adopters,p405,R3,bg20260726,False,True,,,2026-08-05T15:20:21.722085+00:00,,,3.0,True,False,True,,3,53.0,bachelors,about_monthly,True,3,0,manual,3,3,3,3,3,3,True,0,0.0,29,True,34,30,4.0,True,b2 g8 h7,1,True,2,4.0,5.0,0.8,1.0,1.0,2.0,12.0,Solvers
vanilla_adopters,vanilla_adopters,adopters,p426,R1,oc20260727,True,False,,,2026-08-07T15:34:44.577377+00:00,,,2.667,True,False,True,,1,25.0,postgrad,never,False,3,5,manual,3,2,3,2,0,0,False,40,13.3,13,True,21,43,-22.0,False,c8! a7 g2,1,False,2,2.0,4.0,0.5,0.0,0.0,0.0,24.0,Strugglers
vanilla_adopters,vanilla_adopters,adopters,p426,R2,b220260706,False,True,,,2026-08-07T15:34:44.577377+00:00,,,2.667,True,False,True,,1,25.0,postgrad,never,False,3,0,manual,2,1,2,1,0,0,False,16,8.0,12,True,30,34,-4.0,False,g2! g7,1,False,2,2.0,4.0,0.5,0.0,0.0,0.0,24.0,Strugglers
vanilla_adopters,vanilla_adopters,adopters,p426,R3,bg20260726,False,True,,,2026-08-07T15:34:44.577377+00:00,,,2.667,True,False,True,,1,25.0,postgrad,never,False,3,0,manual,2,1,2,1,0,0,False,8,4.0,4,True,30,34,-4.0,False,g8! g7,1,False,2,2.0,4.0,0.5,0.0,0.0,0.0,24.0,Strugglers
vanilla_adopters,vanilla_adopters,adopters,p454,R1,oc20260727,True,False,,,2026-08-05T12:31:58.529977+00:00,,,2.667,True,False,True,,2,36.0,associate,daily,False,2,5,manual,4,1,3,1,2,2,True,34,8.5,99,True,24,40,-16.0,False,b7 a7! g2! b8!,1,False,2,1.0,5.0,0.2,0.0,0.0,1.0,46.0,Strugglers
vanilla_adopters,vanilla_adopters,adopters,p454,R2,b220260706,False,True,,,2026-08-05T12:31:58.529977+00:00,,,2.667,True,False,True,,2,36.0,associate,daily,False,2,0,manual,2,0,2,0,0,0,False,24,12.0,2,True,26,38,-12.0,False,g2! h2!,1,False,2,1.0,5.0,0.2,0.0,0.0,1.0,46.0,Strugglers
vanilla_adopters,vanilla_adopters,adopters,p454,R3,bg20260726,False,True,,,2026-08-05T12:31:58.529977+00:00,,,2.667,True,False,True,,2,36.0,associate,daily,False,2,0,manual,3,1,3,1,1,1,True,22,7.3,11,True,23,41,-18.0,False,b2 g7! h8!,1,False,2,1.0,5.0,0.2,0.0,0.0,1.0,46.0,Strugglers
vanilla_adopters,vanilla_adopters,adopters,p460,R1,oc20260727,True,False,,,2026-08-05T13:50:48.388330+00:00,,,3.0,True,False,True,,dont_know,22.0,bachelors,few_times_month,False,2,6,manual,3,1,3,1,0,0,False,36,12.0,76,True,23,41,-18.0,False,g2! b7 c8!,1,False,2,2.0,5.0,0.4,0.0,0.0,1.0,28.0,Strugglers
vanilla_adopters,vanilla_adopters,adopters,p460,R2,b220260706,False,True,,,2026-08-05T13:50:48.388330+00:00,,,3.0,True,False,True,,dont_know,22.0,bachelors,few_times_month,False,2,0,manual,3,2,3,2,2,2,True,14,4.7,12,True,31,33,-2.0,False,g7 h1 h2!,1,False,2,2.0,5.0,0.4,0.0,0.0,1.0,28.0,Strugglers
vanilla_adopters,vanilla_adopters,adopters,p460,R3,bg20260726,False,True,,,2026-08-05T13:50:48.388330+00:00,,,3.0,True,False,True,,dont_know,22.0,bachelors,few_times_month,False,2,0,manual,2,0,2,0,0,0,False,14,7.0,5,True,27,37,-10.0,False,g8! h7!,1,False,2,2.0,5.0,0.4,0.0,0.0,1.0,28.0,Strugglers
vanilla_adopters,vanilla_adopters,adopters,p477,R1,oc20260727,True,False,,,2026-08-07T14:58:40.322601+00:00,,,3.0,True,False,True,,dont_know,47.0,bachelors,few_times_week,False,2,5,manual,4,2,3,2,1,1,True,42,10.5,23,True,20,44,-24.0,False,b7 b6! g2 c8!,1,False,2,3.0,5.0,0.6,0.0,0.0,1.0,30.0,Solvers
vanilla_adopters,vanilla_adopters,adopters,p477,R2,b220260706,False,True,,,2026-08-07T14:58:40.322601+00:00,,,3.0,True,False,True,,dont_know,47.0,bachelors,few_times_week,False,2,0,manual,2,1,2,1,0,0,False,16,8.0,3,True,30,34,-4.0,False,g2! g7,1,False,2,3.0,5.0,0.6,0.0,0.0,1.0,30.0,Solvers
vanilla_adopters,vanilla_adopters,adopters,p477,R3,bg20260726,False,True,,,2026-08-07T14:58:40.322601+00:00,,,3.0,True,False,True,,dont_know,47.0,bachelors,few_times_week,False,2,0,manual,3,2,3,2,1,1,True,14,4.7,7,True,27,37,-10.0,False,b2 g7! h7,1,False,2,3.0,5.0,0.6,0.0,0.0,1.0,30.0,Solvers
vanilla_adopters,vanilla_adopters,adopters,p484,R1,oc20260727,True,False,,,2026-08-04T13:29:46.135497+00:00,,,3.0,True,False,True,,1,38.0,bachelors,several_times_day,False,1,5,manual,4,2,3,1,1,1,True,38,9.5,149,True,22,42,-20.0,False,b7 g2! b6! b8,1,False,2,3.0,5.0,0.6,1.0,1.0,1.0,24.0,Solvers
vanilla_adopters,vanilla_adopters,adopters,p484,R2,b220260706,False,True,,,2026-08-04T13:29:46.135497+00:00,,,3.0,True,False,True,,1,38.0,bachelors,several_times_day,False,1,0,manual,2,0,2,0,0,0,False,24,12.0,10,True,26,38,-12.0,False,g2! h2!,1,False,2,3.0,5.0,0.6,1.0,1.0,1.0,24.0,Solvers
vanilla_adopters,vanilla_adopters,adopters,p484,R3,bg20260726,False,True,,,2026-08-04T13:29:46.135497+00:00,,,3.0,True,False,True,,1,38.0,bachelors,several_times_day,False,1,0,manual,3,3,3,3,3,3,True,0,0.0,9,True,34,30,4.0,True,b2 g8 h7,1,True,2,3.0,5.0,0.6,1.0,1.0,1.0,24.0,Solvers
vanilla_adopters,vanilla_adopters,adopters,p523,R1,oc20260727,True,False,,,2026-08-05T12:32:55.665390+00:00,,,2.667,True,False,True,,dont_know,26.0,some_postgrad,few_times_month,False,4,5,manual,3,1,3,1,0,0,False,38,12.7,269,True,22,42,-20.0,False,g2! b6 b8!,1,False,2,0.0,4.0,0.0,0.0,0.0,0.0,44.0,Strugglers
vanilla_adopters,vanilla_adopters,adopters,p523,R2,b220260706,False,True,,,2026-08-05T12:32:55.665390+00:00,,,2.667,True,False,True,,dont_know,26.0,some_postgrad,few_times_month,False,4,0,manual,2,0,2,0,0,0,False,30,15.0,13,True,23,41,-18.0,False,g1! g2!,1,False,2,0.0,4.0,0.0,0.0,0.0,0.0,44.0,Strugglers
vanilla_adopters,vanilla_adopters,adopters,p523,R3,bg20260726,False,True,,,2026-08-05T12:32:55.665390+00:00,,,2.667,True,False,True,,dont_know,26.0,some_postgrad,few_times_month,False,4,0,manual,2,0,2,0,0,0,False,14,7.0,9,True,27,37,-10.0,False,g8! h7!,1,False,2,0.0,4.0,0.0,0.0,0.0,0.0,44.0,Strugglers
vanilla_adopters,vanilla_adopters,adopters,p528,R1,oc20260727,True,False,,,2026-08-07T13:45:35.402367+00:00,,,2.667,True,False,True,,dont_know,41.0,bachelors,several_times_day,True,3,5,manual,3,2,3,2,1,1,True,38,12.7,65,True,22,42,-20.0,False,b7 b6! b8,1,False,2,1.0,4.0,0.25,0.0,0.0,0.0,28.0,Strugglers
vanilla_adopters,vanilla_adopters,adopters,p528,R2,b220260706,False,True,,,2026-08-07T13:45:35.402367+00:00,,,2.667,True,False,True,,dont_know,41.0,bachelors,several_times_day,True,3,0,manual,2,1,2,1,0,0,False,14,7.0,15,True,31,33,-2.0,False,g1! g7,1,False,2,1.0,4.0,0.25,0.0,0.0,0.0,28.0,Strugglers
vanilla_adopters,vanilla_adopters,adopters,p528,R3,bg20260726,False,True,,,2026-08-07T13:45:35.402367+00:00,,,2.667,True,False,True,,dont_know,41.0,bachelors,several_times_day,True,3,0,manual,2,0,2,0,0,0,False,14,7.0,15,True,27,37,-10.0,False,g8! h7!,1,False,2,1.0,4.0,0.25,0.0,0.0,0.0,28.0,Strugglers
vanilla_adopters,vanilla_adopters,adopters,p530,R1,oc20260727,True,False,,,2026-08-07T13:38:56.541477+00:00,,,3.0,True,False,True,,dont_know,34.0,postgrad,few_times_week,True,2,5,manual,4,2,3,1,1,1,True,38,9.5,96,True,22,42,-20.0,False,b7 g2! b6! b8,1,False,2,3.0,6.0,0.5,0.0,0.0,2.0,36.0,Strugglers
vanilla_adopters,vanilla_adopters,adopters,p530,R2,b220260706,False,True,,,2026-08-07T13:38:56.541477+00:00,,,3.0,True,False,True,,dont_know,34.0,postgrad,few_times_week,True,2,0,manual,3,2,3,2,2,2,True,14,4.7,16,True,31,33,-2.0,False,g7 h1 h2!,1,False,2,3.0,6.0,0.5,0.0,0.0,2.0,36.0,Strugglers
vanilla_adopters,vanilla_adopters,adopters,p530,R3,bg20260726,False,True,,,2026-08-07T13:38:56.541477+00:00,,,3.0,True,False,True,,dont_know,34.0,postgrad,few_times_week,True,2,0,manual,3,1,3,1,1,1,True,22,7.3,13,True,23,41,-18.0,False,b2 g7! h8!,1,False,2,3.0,6.0,0.5,0.0,0.0,2.0,36.0,Strugglers
vanilla_adopters,vanilla_adopters,adopters,p534,R1,oc20260727,True,False,,,2026-08-04T13:03:05.850102+00:00,,,2.667,True,False,True,,1,53.0,bachelors,few_times_week,True,1,5,timeout,3,3,3,3,3,3,True,0,0.0,325,False,20,40,,,b7 c8 a7,1,False,2,3.0,5.0,0.6,1.0,1.0,1.0,24.0,Solvers
vanilla_adopters,vanilla_adopters,adopters,p534,R2,b220260706,False,True,,,2026-08-04T13:03:05.850102+00:00,,,2.667,True,False,True,,1,53.0,bachelors,few_times_week,True,1,0,manual,2,0,2,0,0,0,False,24,12.0,19,True,26,38,-12.0,False,g2! h2!,1,False,2,3.0,5.0,0.6,1.0,1.0,1.0,24.0,Solvers
vanilla_adopters,vanilla_adopters,adopters,p534,R3,bg20260726,False,True,,,2026-08-04T13:03:05.850102+00:00,,,2.667,True,False,True,,1,53.0,bachelors,few_times_week,True,1,0,manual,3,3,3,3,3,3,True,0,0.0,25,True,34,30,4.0,True,b2 g8 h7,1,True,2,3.0,5.0,0.6,1.0,1.0,1.0,24.0,Solvers
vanilla_adopters,vanilla_adopters,adopters,p535,R1,oc20260727,True,False,,,2026-08-05T13:50:36.373928+00:00,,,4.0,True,False,True,,3,35.0,postgrad,several_times_day,False,2,5,manual,5,4,3,2,1,1,True,20,4.0,179,True,31,33,-2.0,False,b7 g2! c8 a7 b6,1,False,2,1.0,4.0,0.25,0.0,0.0,1.0,26.0,Strugglers
vanilla_adopters,vanilla_adopters,adopters,p535,R2,b220260706,False,True,,,2026-08-05T13:50:36.373928+00:00,,,4.0,True,False,True,,3,35.0,postgrad,several_times_day,False,2,0,manual,2,1,2,1,1,1,True,12,6.0,2,True,32,32,0.0,False,g7 g2!,1,False,2,1.0,4.0,0.25,0.0,0.0,1.0,26.0,Strugglers
vanilla_adopters,vanilla_adopters,adopters,p535,R3,bg20260726,False,True,,,2026-08-05T13:50:36.373928+00:00,,,4.0,True,False,True,,3,35.0,postgrad,several_times_day,False,2,0,manual,2,0,2,0,0,0,False,14,7.0,9,True,27,37,-10.0,False,g8! h7!,1,False,2,1.0,4.0,0.25,0.0,0.0,1.0,26.0,Strugglers
vanilla_adopters,vanilla_adopters,adopters,p545,R1,oc20260727,True,False,,,2026-08-07T13:49:46.065964+00:00,,,2.667,True,False,True,,1,48.0,bachelors,few_times_week,False,2,5,manual,3,1,3,1,1,1,True,42,14.0,14,True,20,44,-24.0,False,b7 b6! c8!,1,False,2,3.0,5.0,0.6,0.0,0.0,2.0,22.0,Solvers
vanilla_adopters,vanilla_adopters,adopters,p545,R2,b220260706,False,True,,,2026-08-07T13:49:46.065964+00:00,,,2.667,True,False,True,,1,48.0,bachelors,few_times_week,False,2,0,manual,2,1,2,1,1,1,True,12,6.0,3,True,32,32,0.0,False,g7 g2!,1,False,2,3.0,5.0,0.6,0.0,0.0,2.0,22.0,Solvers
vanilla_adopters,vanilla_adopters,adopters,p545,R3,bg20260726,False,True,,,2026-08-07T13:49:46.065964+00:00,,,2.667,True,False,True,,1,48.0,bachelors,few_times_week,False,2,0,manual,3,2,3,2,1,1,True,10,3.3,11,True,29,35,-6.0,False,b2 h7! g8,1,False,2,3.0,5.0,0.6,0.0,0.0,2.0,22.0,Solvers
vanilla_adopters,vanilla_adopters,adopters,p55,R1,oc20260727,True,False,,,2026-08-05T13:39:04.628106+00:00,,,3.0,True,False,True,,1,45.0,bachelors,few_times_week,True,2,4,timeout,3,2,3,2,2,2,True,38,12.7,159,True,22,42,-20.0,False,b7 c8 b6!,1,False,2,4.0,5.0,0.8,1.0,1.0,1.0,16.0,Solvers
vanilla_adopters,vanilla_adopters,adopters,p55,R2,b220260706,False,True,,,2026-08-05T13:39:04.628106+00:00,,,3.0,True,False,True,,1,45.0,bachelors,few_times_week,True,2,0,manual,3,3,3,3,3,3,True,0,0.0,14,True,38,26,12.0,True,g7 h1 g2,1,True,2,4.0,5.0,0.8,1.0,1.0,1.0,16.0,Solvers
vanilla_adopters,vanilla_adopters,adopters,p55,R3,bg20260726,False,True,,,2026-08-05T13:39:04.628106+00:00,,,3.0,True,False,True,,1,45.0,bachelors,few_times_week,True,2,0,manual,2,1,2,1,0,0,False,16,8.0,5,True,26,38,-12.0,False,h7! g8,1,False,2,4.0,5.0,0.8,1.0,1.0,1.0,16.0,Solvers
vanilla_adopters,vanilla_adopters,adopters,p573,R1,oc20260727,True,False,,,2026-08-07T14:19:39.259695+00:00,,,2.667,True,False,True,,3,48.0,bachelors,weekly,False,3,6,manual,6,6,3,3,6,3,True,0,0.0,288,True,41,23,18.0,True,b7 c8 a7 a3 a1 h1,1,True,2,1.0,4.0,0.25,0.0,0.0,1.0,34.0,Strugglers
vanilla_adopters,vanilla_adopters,adopters,p573,R2,b220260706,False,True,,,2026-08-07T14:19:39.259695+00:00,,,2.667,True,False,True,,3,48.0,bachelors,weekly,False,3,0,manual,2,1,2,1,1,1,True,12,6.0,12,True,32,32,0.0,False,g7 g2!,1,False,2,1.0,4.0,0.25,0.0,0.0,1.0,34.0,Strugglers
vanilla_adopters,vanilla_adopters,adopters,p573,R3,bg20260726,False,True,,,2026-08-07T14:19:39.259695+00:00,,,2.667,True,False,True,,3,48.0,bachelors,weekly,False,3,0,manual,2,0,2,0,0,0,False,22,11.0,12,True,23,41,-18.0,False,g7! h7!,1,False,2,1.0,4.0,0.25,0.0,0.0,1.0,34.0,Strugglers
vanilla_adopters,vanilla_adopters,adopters,p576,R1,oc20260727,True,False,,,2026-08-05T13:55:22.653890+00:00,,,3.0,True,False,True,,dont_know,35.0,postgrad,less_than_monthly,False,2,5,manual,5,3,3,2,1,1,True,36,7.2,224,True,23,41,-18.0,False,b7 g2! c8 a7 a1!,1,False,2,1.0,4.0,0.25,0.0,0.0,1.0,38.0,Strugglers
vanilla_adopters,vanilla_adopters,adopters,p576,R2,b220260706,False,True,,,2026-08-05T13:55:22.653890+00:00,,,3.0,True,False,True,,dont_know,35.0,postgrad,less_than_monthly,False,2,0,manual,2,1,2,1,1,1,True,12,6.0,3,True,32,32,0.0,False,g7 g2!,1,False,2,1.0,4.0,0.25,0.0,0.0,1.0,38.0,Strugglers
vanilla_adopters,vanilla_adopters,adopters,p576,R3,bg20260726,False,True,,,2026-08-05T13:55:22.653890+00:00,,,3.0,True,False,True,,dont_know,35.0,postgrad,less_than_monthly,False,2,0,manual,2,0,2,0,0,0,False,26,13.0,3,True,21,43,-22.0,False,h7! g7!,1,False,2,1.0,4.0,0.25,0.0,0.0,1.0,38.0,Strugglers
vanilla_adopters,vanilla_adopters,adopters,p578,R1,oc20260727,True,False,,,2026-08-04T13:04:05.767838+00:00,,,2.667,True,False,True,,1,58.0,bachelors,few_times_week,False,2,5,manual,4,2,3,2,1,1,True,36,9.0,58,True,23,41,-18.0,False,b7 g2! c8 b6!,1,False,2,1.0,4.0,0.25,0.0,0.0,0.0,38.0,Strugglers
vanilla_adopters,vanilla_adopters,adopters,p578,R2,b220260706,False,True,,,2026-08-04T13:04:05.767838+00:00,,,2.667,True,False,True,,1,58.0,bachelors,few_times_week,False,2,0,manual,2,1,2,1,0,0,False,16,8.0,15,True,30,34,-4.0,False,g2! g7,1,False,2,1.0,4.0,0.25,0.0,0.0,0.0,38.0,Strugglers
vanilla_adopters,vanilla_adopters,adopters,p578,R3,bg20260726,False,True,,,2026-08-04T13:04:05.767838+00:00,,,2.667,True,False,True,,1,58.0,bachelors,few_times_week,False,2,0,manual,2,0,2,0,0,0,False,22,11.0,5,True,23,41,-18.0,False,g7! h7!,1,False,2,1.0,4.0,0.25,0.0,0.0,0.0,38.0,Strugglers
vanilla_adopters,vanilla_adopters,adopters,p591,R1,oc20260727,True,False,,,2026-08-04T14:03:01.051995+00:00,,,3.0,True,False,True,,1,52.0,postgrad,daily,False,1,5,manual,3,2,3,2,0,0,False,40,13.3,203,True,21,43,-22.0,False,c8! g2 a7,1,False,2,4.0,6.0,0.667,1.0,1.0,2.0,22.0,Solvers
vanilla_adopters,vanilla_adopters,adopters,p591,R2,b220260706,False,True,,,2026-08-04T14:03:01.051995+00:00,,,3.0,True,False,True,,1,52.0,postgrad,daily,False,1,0,manual,3,3,3,3,3,3,True,0,0.0,30,True,38,26,12.0,True,g7 h1 g2,1,True,2,4.0,6.0,0.667,1.0,1.0,2.0,22.0,Solvers
vanilla_adopters,vanilla_adopters,adopters,p591,R3,bg20260726,False,True,,,2026-08-04T14:03:01.051995+00:00,,,3.0,True,False,True,,1,52.0,postgrad,daily,False,1,0,manual,3,1,3,1,1,1,True,22,7.3,37,True,23,41,-18.0,False,b2 g7! h8!,1,False,2,4.0,6.0,0.667,1.0,1.0,2.0,22.0,Solvers
vanilla_adopters,vanilla_adopters,adopters,p593,R1,oc20260727,True,False,,,2026-08-04T18:01:29.149618+00:00,,,2.667,True,False,True,,1,38.0,bachelors,less_than_monthly,False,1,5,manual,4,3,3,2,1,1,True,38,9.5,37,True,22,42,-20.0,False,b7 b6! g2 b8,1,False,2,3.0,5.0,0.6,0.0,1.0,2.0,22.0,Solvers
vanilla_adopters,vanilla_adopters,adopters,p593,R2,b220260706,False,True,,,2026-08-04T18:01:29.149618+00:00,,,2.667,True,False,True,,1,38.0,bachelors,less_than_monthly,False,1,0,timeout,2,2,2,2,2,2,True,0,0.0,6,False,29,33,,,g7 h1,1,False,2,3.0,5.0,0.6,0.0,1.0,2.0,22.0,Solvers
vanilla_adopters,vanilla_adopters,adopters,p593,R3,bg20260726,False,True,,,2026-08-04T18:01:29.149618+00:00,,,2.667,True,False,True,,1,38.0,bachelors,less_than_monthly,False,1,0,manual,3,1,3,1,1,1,True,22,7.3,22,True,23,41,-18.0,False,b2 g7! h8!,1,False,2,3.0,5.0,0.6,0.0,1.0,2.0,22.0,Solvers
vanilla_adopters,vanilla_adopters,adopters,p602,R1,oc20260727,True,False,,,2026-08-04T13:42:31.053939+00:00,,,3.0,True,False,True,,1,28.0,some_college,few_times_month,False,3,5,manual,3,1,3,1,1,1,True,42,14.0,19,True,20,44,-24.0,False,b7 b6! c8!,1,False,2,4.0,6.0,0.667,0.0,0.0,2.0,24.0,Solvers
vanilla_adopters,vanilla_adopters,adopters,p602,R2,b220260706,False,True,,,2026-08-04T13:42:31.053939+00:00,,,3.0,True,False,True,,1,28.0,some_college,few_times_month,False,3,0,manual,3,2,3,2,2,2,True,14,4.7,18,True,31,33,-2.0,False,g7 h1 h2!,1,False,2,4.0,6.0,0.667,0.0,0.0,2.0,24.0,Solvers
vanilla_adopters,vanilla_adopters,adopters,p602,R3,bg20260726,False,True,,,2026-08-04T13:42:31.053939+00:00,,,3.0,True,False,True,,1,28.0,some_college,few_times_month,False,3,0,manual,3,2,3,2,1,1,True,10,3.3,10,True,29,35,-6.0,False,b2 h7! g8,1,False,2,4.0,6.0,0.667,0.0,0.0,2.0,24.0,Solvers
vanilla_adopters,vanilla_adopters,adopters,p608,R1,oc20260727,True,False,,,2026-08-07T13:11:17.033334+00:00,,,3.333,True,False,True,,2,40.0,postgrad,few_times_week,False,2,5,manual,4,2,3,1,1,1,True,38,9.5,23,True,22,42,-20.0,False,b7 g2! b6! b8,1,False,2,6.0,6.0,1.0,2.0,2.0,2.0,0.0,Solvers
vanilla_adopters,vanilla_adopters,adopters,p608,R2,b220260706,False,True,,,2026-08-07T13:11:17.033334+00:00,,,3.333,True,False,True,,2,40.0,postgrad,few_times_week,False,2,0,manual,3,3,3,3,3,3,True,0,0.0,15,True,38,26,12.0,True,g7 h1 g2,1,True,2,6.0,6.0,1.0,2.0,2.0,2.0,0.0,Solvers
vanilla_adopters,vanilla_adopters,adopters,p608,R3,bg20260726,False,True,,,2026-08-07T13:11:17.033334+00:00,,,3.333,True,False,True,,2,40.0,postgrad,few_times_week,False,2,0,manual,3,3,3,3,3,3,True,0,0.0,10,True,34,30,4.0,True,b2 g8 h7,1,True,2,6.0,6.0,1.0,2.0,2.0,2.0,0.0,Solvers
vanilla_adopters,vanilla_adopters,adopters,p61,R1,oc20260727,True,False,,,2026-08-07T13:31:33.561683+00:00,,,4.0,True,False,True,,2,26.0,postgrad,weekly,False,1,3,timeout,4,1,3,1,1,1,True,36,9.0,23,True,23,41,-18.0,False,b7 g2! a7! c8!,1,False,2,1.0,4.0,0.25,0.0,0.0,0.0,38.0,Strugglers
vanilla_adopters,vanilla_adopters,adopters,p61,R2,b220260706,False,True,,,2026-08-07T13:31:33.561683+00:00,,,4.0,True,False,True,,2,26.0,postgrad,weekly,False,1,0,manual,2,1,2,1,0,0,False,14,7.0,3,True,31,33,-2.0,False,g1! g7,1,False,2,1.0,4.0,0.25,0.0,0.0,0.0,38.0,Strugglers
vanilla_adopters,vanilla_adopters,adopters,p61,R3,bg20260726,False,True,,,2026-08-07T13:31:33.561683+00:00,,,4.0,True,False,True,,2,26.0,postgrad,weekly,False,1,0,manual,2,0,2,0,0,0,False,24,12.0,2,True,22,42,-20.0,False,g7! g8!,1,False,2,1.0,4.0,0.25,0.0,0.0,0.0,38.0,Strugglers
vanilla_adopters,vanilla_adopters,adopters,p611,R1,oc20260727,True,False,,,2026-08-04T13:02:39.813459+00:00,,,3.0,True,False,True,,1,37.0,bachelors,several_times_day,False,2,7,timeout,3,3,3,3,3,3,True,0,0.0,228,False,20,40,,,b7 c8 a7,1,False,2,1.0,4.0,0.25,0.0,0.0,0.0,28.0,Strugglers
vanilla_adopters,vanilla_adopters,adopters,p611,R2,b220260706,False,True,,,2026-08-04T13:02:39.813459+00:00,,,3.0,True,False,True,,1,37.0,bachelors,several_times_day,False,2,0,manual,2,1,2,1,0,0,False,14,7.0,9,True,31,33,-2.0,False,g1! g7,1,False,2,1.0,4.0,0.25,0.0,0.0,0.0,28.0,Strugglers
vanilla_adopters,vanilla_adopters,adopters,p611,R3,bg20260726,False,True,,,2026-08-04T13:02:39.813459+00:00,,,3.0,True,False,True,,1,37.0,bachelors,several_times_day,False,2,0,manual,2,0,2,0,0,0,False,14,7.0,14,True,27,37,-10.0,False,g8! h7!,1,False,2,1.0,4.0,0.25,0.0,0.0,0.0,28.0,Strugglers
vanilla_adopters,vanilla_adopters,adopters,p616,R1,oc20260727,True,False,,,2026-08-05T15:09:24.882030+00:00,,,2.667,True,False,True,,1,40.0,hs_graduate,weekly,False,2,5,manual,4,3,3,3,3,3,True,36,9.0,164,True,23,41,-18.0,False,b7 c8 a7 g2!,1,False,2,1.0,4.0,0.25,0.0,0.0,0.0,42.0,Strugglers
vanilla_adopters,vanilla_adopters,adopters,p616,R2,b220260706,False,True,,,2026-08-05T15:09:24.882030+00:00,,,2.667,True,False,True,,1,40.0,hs_graduate,weekly,False,2,0,manual,2,1,2,1,0,0,False,16,8.0,18,True,30,34,-4.0,False,g2! g7,1,False,2,1.0,4.0,0.25,0.0,0.0,0.0,42.0,Strugglers
vanilla_adopters,vanilla_adopters,adopters,p616,R3,bg20260726,False,True,,,2026-08-05T15:09:24.882030+00:00,,,2.667,True,False,True,,1,40.0,hs_graduate,weekly,False,2,0,manual,2,0,2,0,0,0,False,26,13.0,7,True,21,43,-22.0,False,h7! g7!,1,False,2,1.0,4.0,0.25,0.0,0.0,0.0,42.0,Strugglers
vanilla_adopters,vanilla_adopters,adopters,p62,R1,oc20260727,True,False,,,2026-08-04T13:33:54.872697+00:00,,,3.0,True,False,True,,dont_know,61.0,postgrad,never,False,2,5,manual,4,2,3,2,0,0,False,38,9.5,245,True,22,42,-20.0,False,g2! b7 b6 a8!,1,False,2,3.0,5.0,0.6,1.0,1.0,1.0,24.0,Solvers
vanilla_adopters,vanilla_adopters,adopters,p62,R2,b220260706,False,True,,,2026-08-04T13:33:54.872697+00:00,,,3.0,True,False,True,,dont_know,61.0,postgrad,never,False,2,0,manual,3,3,3,3,3,3,True,0,0.0,17,True,38,26,12.0,True,g7 h1 g2,1,True,2,3.0,5.0,0.6,1.0,1.0,1.0,24.0,Solvers
vanilla_adopters,vanilla_adopters,adopters,p62,R3,bg20260726,False,True,,,2026-08-04T13:33:54.872697+00:00,,,3.0,True,False,True,,dont_know,61.0,postgrad,never,False,2,0,manual,2,0,2,0,0,0,False,24,12.0,14,True,22,42,-20.0,False,g7! g8!,1,False,2,3.0,5.0,0.6,1.0,1.0,1.0,24.0,Solvers
vanilla_adopters,vanilla_adopters,adopters,p621,R1,oc20260727,True,False,,,2026-08-07T13:07:07.711692+00:00,,,3.0,True,False,True,,1,47.0,postgrad,about_monthly,True,2,6,manual,3,2,3,2,1,1,True,38,12.7,326,True,22,42,-20.0,False,b7 b6! b8,1,False,2,2.0,5.0,0.4,0.0,0.0,1.0,28.0,Strugglers
vanilla_adopters,vanilla_adopters,adopters,p621,R2,b220260706,False,True,,,2026-08-07T13:07:07.711692+00:00,,,3.0,True,False,True,,1,47.0,postgrad,about_monthly,True,2,0,manual,3,2,3,2,2,2,True,14,4.7,23,True,31,33,-2.0,False,g7 h1 h2!,1,False,2,2.0,5.0,0.4,0.0,0.0,1.0,28.0,Strugglers
vanilla_adopters,vanilla_adopters,adopters,p621,R3,bg20260726,False,True,,,2026-08-07T13:07:07.711692+00:00,,,3.0,True,False,True,,1,47.0,postgrad,about_monthly,True,2,0,manual,2,0,2,0,0,0,False,14,7.0,9,True,27,37,-10.0,False,g8! h7!,1,False,2,2.0,5.0,0.4,0.0,0.0,1.0,28.0,Strugglers
vanilla_adopters,vanilla_adopters,adopters,p628,R1,oc20260727,True,False,,,2026-08-05T13:06:56.554608+00:00,,,3.0,True,False,True,,1,43.0,postgrad,several_times_day,False,1,7,manual,6,6,3,3,6,3,True,0,0.0,161,True,41,23,18.0,True,b7 c8 a7 a3 a1 h1,1,True,2,1.0,4.0,0.25,0.0,0.0,1.0,38.0,Strugglers
vanilla_adopters,vanilla_adopters,adopters,p628,R2,b220260706,False,True,,,2026-08-05T13:06:56.554608+00:00,,,3.0,True,False,True,,1,43.0,postgrad,several_times_day,False,1,0,manual,2,1,2,1,1,1,True,14,7.0,5,True,31,33,-2.0,False,g7 h2!,1,False,2,1.0,4.0,0.25,0.0,0.0,1.0,38.0,Strugglers
vanilla_adopters,vanilla_adopters,adopters,p628,R3,bg20260726,False,True,,,2026-08-05T13:06:56.554608+00:00,,,3.0,True,False,True,,1,43.0,postgrad,several_times_day,False,1,0,manual,2,0,2,0,0,0,False,24,12.0,3,True,22,42,-20.0,False,g7! g8!,1,False,2,1.0,4.0,0.25,0.0,0.0,1.0,38.0,Strugglers
vanilla_adopters,vanilla_adopters,adopters,p629,R1,oc20260727,True,False,,,2026-08-05T15:34:17.127687+00:00,,,2.667,True,False,True,,1,43.0,some_college,few_times_week,False,3,5,manual,4,3,3,2,1,1,True,38,9.5,210,True,22,42,-20.0,False,b7 b6! g2 b8,1,False,2,3.0,5.0,0.6,0.0,0.0,1.0,28.0,Solvers
vanilla_adopters,vanilla_adopters,adopters,p629,R2,b220260706,False,True,,,2026-08-05T15:34:17.127687+00:00,,,2.667,True,False,True,,1,43.0,some_college,few_times_week,False,3,0,manual,2,1,2,1,0,0,False,14,7.0,7,True,31,33,-2.0,False,g1! g7,1,False,2,3.0,5.0,0.6,0.0,0.0,1.0,28.0,Solvers
vanilla_adopters,vanilla_adopters,adopters,p629,R3,bg20260726,False,True,,,2026-08-05T15:34:17.127687+00:00,,,2.667,True,False,True,,1,43.0,some_college,few_times_week,False,3,0,manual,3,2,3,2,1,1,True,14,4.7,23,True,27,37,-10.0,False,b2 g7! h7,1,False,2,3.0,5.0,0.6,0.0,0.0,1.0,28.0,Solvers
vanilla_adopters,vanilla_adopters,adopters,p632,R2,b220260706,False,True,,,2026-08-04T18:02:08.130089+00:00,,,2.667,True,False,True,,1,74.0,postgrad,weekly,False,3,0,manual,2,0,2,0,0,0,False,24,12.0,12,True,26,38,-12.0,False,g2! h2!,1,False,2,1.0,5.0,0.2,0.0,0.0,1.0,46.0,Strugglers
vanilla_adopters,vanilla_adopters,adopters,p632,R3,bg20260726,False,True,,,2026-08-04T18:02:08.130089+00:00,,,2.667,True,False,True,,1,74.0,postgrad,weekly,False,3,0,manual,3,1,3,1,1,1,True,22,7.3,20,True,23,41,-18.0,False,b2 g7! h8!,1,False,2,1.0,5.0,0.2,0.0,0.0,1.0,46.0,Strugglers
vanilla_adopters,vanilla_adopters,adopters,p635,R1,oc20260727,True,False,,,2026-08-04T18:30:05.221516+00:00,,,3.0,True,False,True,,dont_know,39.0,some_college,few_times_week,True,3,5,manual,6,6,3,3,6,3,True,0,0.0,319,True,41,23,18.0,True,b7 c8 a7 a3 a1 h1,1,True,2,3.0,5.0,0.6,0.0,0.0,0.0,32.0,Solvers
vanilla_adopters,vanilla_adopters,adopters,p635,R2,b220260706,False,True,,,2026-08-04T18:30:05.221516+00:00,,,3.0,True,False,True,,dont_know,39.0,some_college,few_times_week,True,3,0,manual,2,1,2,1,0,0,False,16,8.0,12,True,30,34,-4.0,False,g2! g7,1,False,2,3.0,5.0,0.6,0.0,0.0,0.0,32.0,Solvers
vanilla_adopters,vanilla_adopters,adopters,p635,R3,bg20260726,False,True,,,2026-08-04T18:30:05.221516+00:00,,,3.0,True,False,True,,dont_know,39.0,some_college,few_times_week,True,3,0,manual,3,2,3,2,0,0,False,16,5.3,9,True,26,38,-12.0,False,h7! b2 g8,1,False,2,3.0,5.0,0.6,0.0,0.0,0.0,32.0,Solvers
vanilla_adopters,vanilla_adopters,adopters,p636,R1,oc20260727,True,False,,,2026-08-05T12:58:11.082945+00:00,,,3.0,True,False,True,,2,29.0,postgrad,less_than_monthly,False,2,5,manual,6,6,3,3,6,3,True,0,0.0,210,True,41,23,18.0,True,b7 c8 a7 a3 a1 h1,1,True,2,2.0,5.0,0.4,0.0,0.0,1.0,36.0,Strugglers
vanilla_adopters,vanilla_adopters,adopters,p636,R2,b220260706,False,True,,,2026-08-05T12:58:11.082945+00:00,,,3.0,True,False,True,,2,29.0,postgrad,less_than_monthly,False,2,0,manual,2,1,2,1,0,0,False,14,7.0,17,True,31,33,-2.0,False,g1! g7,1,False,2,2.0,5.0,0.4,0.0,0.0,1.0,36.0,Strugglers
vanilla_adopters,vanilla_adopters,adopters,p636,R3,bg20260726,False,True,,,2026-08-05T12:58:11.082945+00:00,,,3.0,True,False,True,,2,29.0,postgrad,less_than_monthly,False,2,0,manual,3,1,3,1,1,1,True,22,7.3,37,True,23,41,-18.0,False,b2 g7! h8!,1,False,2,2.0,5.0,0.4,0.0,0.0,1.0,36.0,Strugglers
vanilla_adopters,vanilla_adopters,adopters,p642,R1,oc20260727,True,False,,,2026-08-05T14:13:15.327978+00:00,,,3.0,True,False,True,,dont_know,49.0,bachelors,weekly,True,2,5,manual,6,6,3,3,6,3,True,0,0.0,413,True,41,23,18.0,True,b7 c8 a7 a3 a1 h1,1,True,2,2.0,4.0,0.5,0.0,0.0,1.0,28.0,Strugglers
vanilla_adopters,vanilla_adopters,adopters,p642,R2,b220260706,False,True,,,2026-08-05T14:13:15.327978+00:00,,,3.0,True,False,True,,dont_know,49.0,bachelors,weekly,True,2,0,manual,2,1,2,1,1,1,True,12,6.0,7,True,32,32,0.0,False,g7 g2!,1,False,2,2.0,4.0,0.5,0.0,0.0,1.0,28.0,Strugglers
vanilla_adopters,vanilla_adopters,adopters,p642,R3,bg20260726,False,True,,,2026-08-05T14:13:15.327978+00:00,,,3.0,True,False,True,,dont_know,49.0,bachelors,weekly,True,2,0,manual,2,1,2,1,0,0,False,16,8.0,24,True,26,38,-12.0,False,h7! g8,1,False,2,2.0,4.0,0.5,0.0,0.0,1.0,28.0,Strugglers
vanilla_adopters,vanilla_adopters,adopters,p658,R1,oc20260727,True,False,,,2026-08-04T13:49:52.305579+00:00,,,4.0,True,False,True,,dont_know,38.0,bachelors,less_than_monthly,False,1,5,manual,5,4,3,2,0,0,False,32,6.4,164,True,25,39,-14.0,False,b6! g2 b7 c8 a8,1,False,2,1.0,5.0,0.2,0.0,0.0,1.0,40.0,Strugglers
vanilla_adopters,vanilla_adopters,adopters,p658,R2,b220260706,False,True,,,2026-08-04T13:49:52.305579+00:00,,,4.0,True,False,True,,dont_know,38.0,bachelors,less_than_monthly,False,1,0,manual,2,0,2,0,0,0,False,24,12.0,9,True,26,38,-12.0,False,g2! h2!,1,False,2,1.0,5.0,0.2,0.0,0.0,1.0,40.0,Strugglers
vanilla_adopters,vanilla_adopters,adopters,p658,R3,bg20260726,False,True,,,2026-08-04T13:49:52.305579+00:00,,,4.0,True,False,True,,dont_know,38.0,bachelors,less_than_monthly,False,1,0,manual,3,1,3,1,1,1,True,16,5.3,26,True,26,38,-12.0,False,b2 h7! g7!,1,False,2,1.0,5.0,0.2,0.0,0.0,1.0,40.0,Strugglers
vanilla_adopters,vanilla_adopters,adopters,p669,R1,oc20260727,True,False,,,2026-08-05T15:15:38.534022+00:00,,,3.0,True,False,True,,dont_know,53.0,bachelors,few_times_week,False,1,5,timeout,1,1,1,1,1,1,True,0,0.0,0,False,24,32,,,b7,1,False,2,3.0,6.0,0.5,0.0,0.0,2.0,36.0,Strugglers
vanilla_adopters,vanilla_adopters,adopters,p669,R2,b220260706,False,True,,,2026-08-05T15:15:38.534022+00:00,,,3.0,True,False,True,,dont_know,53.0,bachelors,few_times_week,False,1,0,manual,3,2,3,2,2,2,True,14,4.7,14,True,31,33,-2.0,False,g7 h1 h2!,1,False,2,3.0,6.0,0.5,0.0,0.0,2.0,36.0,Strugglers
vanilla_adopters,vanilla_adopters,adopters,p669,R3,bg20260726,False,True,,,2026-08-05T15:15:38.534022+00:00,,,3.0,True,False,True,,dont_know,53.0,bachelors,few_times_week,False,1,0,manual,3,1,3,1,1,1,True,22,7.3,14,True,23,41,-18.0,False,b2 g7! h8!,1,False,2,3.0,6.0,0.5,0.0,0.0,2.0,36.0,Strugglers
vanilla_adopters,vanilla_adopters,adopters,p679,R1,oc20260727,True,False,,,2026-08-07T12:55:16.957636+00:00,,,2.667,True,False,True,,3,63.0,bachelors,daily,False,1,5,manual,4,2,3,2,2,2,True,28,7.0,153,True,27,37,-10.0,False,b7 c8 g2! b6!,1,False,2,0.0,4.0,0.0,0.0,0.0,0.0,38.0,Strugglers
vanilla_adopters,vanilla_adopters,adopters,p679,R2,b220260706,False,True,,,2026-08-07T12:55:16.957636+00:00,,,2.667,True,False,True,,3,63.0,bachelors,daily,False,1,0,manual,2,0,2,0,0,0,False,24,12.0,5,True,26,38,-12.0,False,g2! h2!,1,False,2,0.0,4.0,0.0,0.0,0.0,0.0,38.0,Strugglers
vanilla_adopters,vanilla_adopters,adopters,p679,R3,bg20260726,False,True,,,2026-08-07T12:55:16.957636+00:00,,,2.667,True,False,True,,3,63.0,bachelors,daily,False,1,0,manual,2,0,2,0,0,0,False,14,7.0,4,True,27,37,-10.0,False,g8! h7!,1,False,2,0.0,4.0,0.0,0.0,0.0,0.0,38.0,Strugglers
vanilla_adopters,vanilla_adopters,adopters,p688,R1,oc20260727,True,False,,,2026-08-07T13:00:50.829665+00:00,,,3.0,True,False,True,,1,39.0,some_postgrad,less_than_monthly,False,2,6,manual,6,6,3,3,6,3,True,0,0.0,233,True,41,23,18.0,True,b7 c8 a7 a3 a1 h1,1,True,2,4.0,5.0,0.8,1.0,1.0,1.0,14.0,Solvers
vanilla_adopters,vanilla_adopters,adopters,p688,R2,b220260706,False,True,,,2026-08-07T13:00:50.829665+00:00,,,3.0,True,False,True,,1,39.0,some_postgrad,less_than_monthly,False,2,0,manual,2,1,2,1,0,0,False,14,7.0,15,True,31,33,-2.0,False,g1! g7,1,False,2,4.0,5.0,0.8,1.0,1.0,1.0,14.0,Solvers
vanilla_adopters,vanilla_adopters,adopters,p688,R3,bg20260726,False,True,,,2026-08-07T13:00:50.829665+00:00,,,3.0,True,False,True,,1,39.0,some_postgrad,less_than_monthly,False,2,0,manual,3,3,3,3,3,3,True,0,0.0,26,True,34,30,4.0,True,b2 g8 h7,1,True,2,4.0,5.0,0.8,1.0,1.0,1.0,14.0,Solvers
vanilla_adopters,vanilla_adopters,adopters,p705,R1,oc20260727,True,False,,,2026-08-07T14:34:53.541161+00:00,,,2.667,True,False,True,,2,35.0,some_postgrad,few_times_month,True,1,5,manual,6,6,3,3,6,3,True,0,0.0,190,True,41,23,18.0,True,b7 c8 a7 a3 a1 h1,1,True,2,1.0,4.0,0.25,0.0,0.0,1.0,38.0,Strugglers
vanilla_adopters,vanilla_adopters,adopters,p705,R2,b220260706,False,True,,,2026-08-07T14:34:53.541161+00:00,,,2.667,True,False,True,,2,35.0,some_postgrad,few_times_month,True,1,0,manual,2,1,2,1,1,1,True,14,7.0,5,True,31,33,-2.0,False,g7 h2!,1,False,2,1.0,4.0,0.25,0.0,0.0,1.0,38.0,Strugglers
vanilla_adopters,vanilla_adopters,adopters,p705,R3,bg20260726,False,True,,,2026-08-07T14:34:53.541161+00:00,,,2.667,True,False,True,,2,35.0,some_postgrad,few_times_month,True,1,0,manual,2,0,2,0,0,0,False,24,12.0,2,True,22,42,-20.0,False,g7! g8!,1,False,2,1.0,4.0,0.25,0.0,0.0,1.0,38.0,Strugglers
vanilla_adopters,vanilla_adopters,adopters,p706,R1,oc20260727,True,False,,,2026-08-04T13:39:01.399029+00:00,,,3.0,True,False,True,,1,42.0,postgrad,less_than_monthly,False,1,8,manual,3,2,3,2,2,2,True,38,12.7,273,True,22,42,-20.0,False,b7 c8 b6!,1,False,2,1.0,5.0,0.2,0.0,0.0,0.0,60.0,Strugglers
vanilla_adopters,vanilla_adopters,adopters,p706,R2,b220260706,False,True,,,2026-08-04T13:39:01.399029+00:00,,,3.0,True,False,True,,1,42.0,postgrad,less_than_monthly,False,1,0,manual,3,0,3,0,0,0,False,44,14.7,15,True,23,41,-18.0,False,g1! g1! g2!,1,False,2,1.0,5.0,0.2,0.0,0.0,0.0,60.0,Strugglers
vanilla_adopters,vanilla_adopters,adopters,p706,R3,bg20260726,False,True,,,2026-08-04T13:39:01.399029+00:00,,,3.0,True,False,True,,1,42.0,postgrad,less_than_monthly,False,1,0,manual,2,1,2,1,0,0,False,16,8.0,7,True,26,38,-12.0,False,h7! g8,1,False,2,1.0,5.0,0.2,0.0,0.0,0.0,60.0,Strugglers
vanilla_adopters,vanilla_adopters,adopters,p707,R1,oc20260727,True,False,,,2026-08-04T17:42:45.203017+00:00,,,3.0,True,False,True,,dont_know,68.0,bachelors,less_than_monthly,False,1,10,timeout,5,5,3,3,5,3,True,0,0.0,207,False,28,34,,,b7 c8 a7 a3 a1,1,False,2,0.0,4.0,0.0,0.0,0.0,0.0,46.0,Strugglers
vanilla_adopters,vanilla_adopters,adopters,p707,R2,b220260706,False,True,,,2026-08-04T17:42:45.203017+00:00,,,3.0,True,False,True,,dont_know,68.0,bachelors,less_than_monthly,False,1,0,manual,2,0,2,0,0,0,False,24,12.0,10,True,26,38,-12.0,False,g2! h2!,1,False,2,0.0,4.0,0.0,0.0,0.0,0.0,46.0,Strugglers
vanilla_adopters,vanilla_adopters,adopters,p707,R3,bg20260726,False,True,,,2026-08-04T17:42:45.203017+00:00,,,3.0,True,False,True,,dont_know,68.0,bachelors,less_than_monthly,False,1,0,manual,2,0,2,0,0,0,False,22,11.0,5,True,23,41,-18.0,False,g7! h7!,1,False,2,0.0,4.0,0.0,0.0,0.0,0.0,46.0,Strugglers
vanilla_adopters,vanilla_adopters,adopters,p708,R1,oc20260727,True,False,,,2026-08-05T15:02:22.126301+00:00,,,3.0,True,False,True,,2,54.0,bachelors,few_times_week,False,1,6,manual,6,6,3,3,6,3,True,0,0.0,178,True,41,23,18.0,True,b7 c8 a7 a3 a1 h1,1,True,2,0.0,4.0,0.0,0.0,0.0,0.0,50.0,Strugglers
vanilla_adopters,vanilla_adopters,adopters,p708,R2,b220260706,False,True,,,2026-08-05T15:02:22.126301+00:00,,,3.0,True,False,True,,2,54.0,bachelors,few_times_week,False,1,0,manual,2,0,2,0,0,0,False,24,12.0,15,True,26,38,-12.0,False,g2! h2!,1,False,2,0.0,4.0,0.0,0.0,0.0,0.0,50.0,Strugglers
vanilla_adopters,vanilla_adopters,adopters,p708,R3,bg20260726,False,True,,,2026-08-05T15:02:22.126301+00:00,,,3.0,True,False,True,,2,54.0,bachelors,few_times_week,False,1,0,manual,2,0,2,0,0,0,False,26,13.0,9,True,21,43,-22.0,False,h7! g7!,1,False,2,0.0,4.0,0.0,0.0,0.0,0.0,50.0,Strugglers
vanilla_adopters,vanilla_adopters,adopters,p717,R1,oc20260727,True,False,,,2026-08-07T12:44:48.658805+00:00,,,3.0,True,False,True,,1,42.0,bachelors,weekly,False,1,6,manual,3,2,3,2,1,1,True,38,12.7,32,True,22,42,-20.0,False,b7 b6! b8,1,False,2,4.0,6.0,0.667,1.0,1.0,2.0,22.0,Solvers
vanilla_adopters,vanilla_adopters,adopters,p717,R2,b220260706,False,True,,,2026-08-07T12:44:48.658805+00:00,,,3.0,True,False,True,,1,42.0,bachelors,weekly,False,1,0,manual,3,3,3,3,3,3,True,0,0.0,12,True,38,26,12.0,True,g7 h1 g2,1,True,2,4.0,6.0,0.667,1.0,1.0,2.0,22.0,Solvers
vanilla_adopters,vanilla_adopters,adopters,p717,R3,bg20260726,False,True,,,2026-08-07T12:44:48.658805+00:00,,,3.0,True,False,True,,1,42.0,bachelors,weekly,False,1,0,manual,3,1,3,1,1,1,True,22,7.3,13,True,23,41,-18.0,False,b2 g7! h8!,1,False,2,4.0,6.0,0.667,1.0,1.0,2.0,22.0,Solvers
vanilla_adopters,vanilla_adopters,adopters,p72,R1,oc20260727,True,False,,,2026-08-05T16:49:58.137062+00:00,,,3.0,True,False,True,,2,51.0,some_postgrad,daily,True,2,6,manual,6,6,3,3,6,3,True,0,0.0,240,True,41,23,18.0,True,b7 c8 a7 a3 a1 h1,1,True,2,3.0,6.0,0.5,0.0,0.0,2.0,36.0,Strugglers
vanilla_adopters,vanilla_adopters,adopters,p72,R2,b220260706,False,True,,,2026-08-05T16:49:58.137062+00:00,,,3.0,True,False,True,,2,51.0,some_postgrad,daily,True,2,0,manual,3,2,3,2,2,2,True,14,4.7,28,True,31,33,-2.0,False,g7 h1 h2!,1,False,2,3.0,6.0,0.5,0.0,0.0,2.0,36.0,Strugglers
vanilla_adopters,vanilla_adopters,adopters,p72,R3,bg20260726,False,True,,,2026-08-05T16:49:58.137062+00:00,,,3.0,True,False,True,,2,51.0,some_postgrad,daily,True,2,0,manual,3,1,3,1,1,1,True,22,7.3,27,True,23,41,-18.0,False,b2 g7! h8!,1,False,2,3.0,6.0,0.5,0.0,0.0,2.0,36.0,Strugglers
vanilla_adopters,vanilla_adopters,adopters,p722,R1,oc20260727,True,False,,,2026-08-05T12:33:41.969185+00:00,,,3.333,True,False,True,,1,26.0,postgrad,daily,False,1,5,manual,4,0,3,0,0,0,False,48,12.0,20,True,17,47,-30.0,False,b6! b7! a7! c8!,1,False,2,1.0,3.0,0.333,0.0,0.0,0.0,22.0,Strugglers
vanilla_adopters,vanilla_adopters,adopters,p722,R2,b220260706,False,True,,,2026-08-05T12:33:41.969185+00:00,,,3.333,True,False,True,,1,26.0,postgrad,daily,False,1,0,timeout,1,0,1,0,0,0,False,14,14.0,0,False,19,42,,,g1!,1,False,2,1.0,3.0,0.333,0.0,0.0,0.0,22.0,Strugglers
vanilla_adopters,vanilla_adopters,adopters,p722,R3,bg20260726,False,True,,,2026-08-05T12:33:41.969185+00:00,,,3.333,True,False,True,,1,26.0,postgrad,daily,False,1,0,manual,2,1,2,1,0,0,False,8,4.0,4,True,30,34,-4.0,False,g8! g7,1,False,2,1.0,3.0,0.333,0.0,0.0,0.0,22.0,Strugglers
vanilla_adopters,vanilla_adopters,adopters,p723,R1,oc20260727,True,False,,,2026-08-05T15:01:18.877503+00:00,,,2.667,True,False,True,,dont_know,29.0,some_postgrad,few_times_week,True,2,5,manual,6,6,3,3,6,3,True,0,0.0,148,True,41,23,18.0,True,b7 c8 a7 a3 a1 h1,1,True,2,1.0,4.0,0.25,0.0,0.0,0.0,40.0,Strugglers
vanilla_adopters,vanilla_adopters,adopters,p723,R2,b220260706,False,True,,,2026-08-05T15:01:18.877503+00:00,,,2.667,True,False,True,,dont_know,29.0,some_postgrad,few_times_week,True,2,0,manual,2,1,2,1,0,0,False,14,7.0,6,True,31,33,-2.0,False,g1! g7,1,False,2,1.0,4.0,0.25,0.0,0.0,0.0,40.0,Strugglers
vanilla_adopters,vanilla_adopters,adopters,p723,R3,bg20260726,False,True,,,2026-08-05T15:01:18.877503+00:00,,,2.667,True,False,True,,dont_know,29.0,some_postgrad,few_times_week,True,2,0,manual,2,0,2,0,0,0,False,26,13.0,3,True,21,43,-22.0,False,h7! g7!,1,False,2,1.0,4.0,0.25,0.0,0.0,0.0,40.0,Strugglers
vanilla_adopters,vanilla_adopters,adopters,p726,R1,oc20260727,True,False,,,2026-08-04T18:33:21.283014+00:00,,,2.667,True,False,True,,dont_know,25.0,hs_graduate,daily,False,1,6,manual,4,2,3,2,2,2,True,28,7.0,130,True,27,37,-10.0,False,b7 c8 g2! b6!,1,False,2,2.0,4.0,0.5,0.0,0.0,0.0,22.0,Strugglers
vanilla_adopters,vanilla_adopters,adopters,p726,R2,b220260706,False,True,,,2026-08-04T18:33:21.283014+00:00,,,2.667,True,False,True,,dont_know,25.0,hs_graduate,daily,False,1,0,manual,2,1,2,1,0,0,False,14,7.0,10,True,31,33,-2.0,False,g1! g7,1,False,2,2.0,4.0,0.5,0.0,0.0,0.0,22.0,Strugglers
vanilla_adopters,vanilla_adopters,adopters,p726,R3,bg20260726,False,True,,,2026-08-04T18:33:21.283014+00:00,,,2.667,True,False,True,,dont_know,25.0,hs_graduate,daily,False,1,0,manual,2,1,2,1,0,0,False,8,4.0,10,True,30,34,-4.0,False,g8! g7,1,False,2,2.0,4.0,0.5,0.0,0.0,0.0,22.0,Strugglers
vanilla_adopters,vanilla_adopters,adopters,p729,R1,oc20260727,True,False,,,2026-08-05T12:43:24.617953+00:00,,,3.0,True,False,True,,dont_know,38.0,bachelors,weekly,True,3,3,timeout,3,2,3,2,2,2,True,38,12.7,183,True,22,42,-20.0,False,b7 c8 b6!,1,False,2,1.0,4.0,0.25,0.0,0.0,0.0,40.0,Strugglers
vanilla_adopters,vanilla_adopters,adopters,p729,R2,b220260706,False,True,,,2026-08-05T12:43:24.617953+00:00,,,3.0,True,False,True,,dont_know,38.0,bachelors,weekly,True,3,0,manual,2,0,2,0,0,0,False,24,12.0,7,True,26,38,-12.0,False,g2! h2!,1,False,2,1.0,4.0,0.25,0.0,0.0,0.0,40.0,Strugglers
vanilla_adopters,vanilla_adopters,adopters,p729,R3,bg20260726,False,True,,,2026-08-05T12:43:24.617953+00:00,,,3.0,True,False,True,,dont_know,38.0,bachelors,weekly,True,3,0,manual,2,1,2,1,0,0,False,16,8.0,7,True,26,38,-12.0,False,h7! g8,1,False,2,1.0,4.0,0.25,0.0,0.0,0.0,40.0,Strugglers
vanilla_adopters,vanilla_adopters,adopters,p735,R1,oc20260727,True,False,,,2026-08-04T13:56:45.921578+00:00,,,3.0,True,False,True,,dont_know,41.0,bachelors,daily,False,1,5,manual,4,1,3,1,0,0,False,44,11.0,30,True,19,45,-26.0,False,b6! g2 c8! a7!,1,False,2,3.0,5.0,0.6,0.0,0.0,2.0,26.0,Solvers
vanilla_adopters,vanilla_adopters,adopters,p735,R2,b220260706,False,True,,,2026-08-04T13:56:45.921578+00:00,,,3.0,True,False,True,,dont_know,41.0,bachelors,daily,False,1,0,manual,2,1,2,1,1,1,True,12,6.0,3,True,32,32,0.0,False,g7 g2!,1,False,2,3.0,5.0,0.6,0.0,0.0,2.0,26.0,Solvers
vanilla_adopters,vanilla_adopters,adopters,p735,R3,bg20260726,False,True,,,2026-08-04T13:56:45.921578+00:00,,,3.0,True,False,True,,dont_know,41.0,bachelors,daily,False,1,0,manual,3,2,3,2,1,1,True,14,4.7,6,True,27,37,-10.0,False,b2 g7! h7,1,False,2,3.0,5.0,0.6,0.0,0.0,2.0,26.0,Solvers
vanilla_adopters,vanilla_adopters,adopters,p736,R1,oc20260727,True,False,,,2026-08-04T13:05:10.359494+00:00,,,2.667,True,False,True,,dont_know,36.0,postgrad,daily,False,1,5,manual,4,2,3,1,1,1,True,38,9.5,19,True,22,42,-20.0,False,b7 g2! b6! b8,1,False,2,4.0,5.0,0.8,1.0,1.0,2.0,14.0,Solvers
vanilla_adopters,vanilla_adopters,adopters,p736,R2,b220260706,False,True,,,2026-08-04T13:05:10.359494+00:00,,,2.667,True,False,True,,dont_know,36.0,postgrad,daily,False,1,0,manual,2,1,2,1,1,1,True,14,7.0,4,True,31,33,-2.0,False,g7 h2!,1,False,2,4.0,5.0,0.8,1.0,1.0,2.0,14.0,Solvers
vanilla_adopters,vanilla_adopters,adopters,p736,R3,bg20260726,False,True,,,2026-08-04T13:05:10.359494+00:00,,,2.667,True,False,True,,dont_know,36.0,postgrad,daily,False,1,0,manual,3,3,3,3,3,3,True,0,0.0,12,True,34,30,4.0,True,b2 g8 h7,1,True,2,4.0,5.0,0.8,1.0,1.0,2.0,14.0,Solvers
vanilla_adopters,vanilla_adopters,adopters,p745,R1,oc20260727,True,False,,,2026-08-05T13:49:25.019248+00:00,,,3.0,True,False,True,,1,40.0,bachelors,daily,False,1,6,manual,5,4,3,3,3,3,True,22,4.4,152,True,30,34,-4.0,False,b7 c8 a7 a1! h1,1,False,2,4.0,6.0,0.667,0.0,0.0,2.0,28.0,Solvers
vanilla_adopters,vanilla_adopters,adopters,p745,R2,b220260706,False,True,,,2026-08-05T13:49:25.019248+00:00,,,3.0,True,False,True,,1,40.0,bachelors,daily,False,1,0,manual,3,2,3,2,2,2,True,14,4.7,46,True,31,33,-2.0,False,g7 h1 h2!,1,False,2,4.0,6.0,0.667,0.0,0.0,2.0,28.0,Solvers
vanilla_adopters,vanilla_adopters,adopters,p745,R3,bg20260726,False,True,,,2026-08-05T13:49:25.019248+00:00,,,3.0,True,False,True,,1,40.0,bachelors,daily,False,1,0,manual,3,2,3,2,1,1,True,14,4.7,17,True,27,37,-10.0,False,b2 g7! h7,1,False,2,4.0,6.0,0.667,0.0,0.0,2.0,28.0,Solvers
vanilla_adopters,vanilla_adopters,adopters,p749,R1,oc20260727,True,False,,,2026-08-07T15:40:18.243821+00:00,,,3.0,True,False,True,,1,46.0,bachelors,few_times_month,False,1,5,manual,6,5,3,2,6,3,True,2,0.3,69,True,40,24,16.0,True,b7 a7! b6 c8 a1 h1,1,False,2,2.0,4.0,0.5,0.0,0.0,1.0,30.0,Strugglers
vanilla_adopters,vanilla_adopters,adopters,p749,R2,b220260706,False,True,,,2026-08-07T15:40:18.243821+00:00,,,3.0,True,False,True,,1,46.0,bachelors,few_times_month,False,1,0,manual,2,1,2,1,1,1,True,14,7.0,10,True,31,33,-2.0,False,g7 h2!,1,False,2,2.0,4.0,0.5,0.0,0.0,1.0,30.0,Strugglers
vanilla_adopters,vanilla_adopters,adopters,p749,R3,bg20260726,False,True,,,2026-08-07T15:40:18.243821+00:00,,,3.0,True,False,True,,1,46.0,bachelors,few_times_month,False,1,0,manual,2,1,2,1,0,0,False,16,8.0,4,True,26,38,-12.0,False,h7! g8,1,False,2,2.0,4.0,0.5,0.0,0.0,1.0,30.0,Strugglers
vanilla_adopters,vanilla_adopters,adopters,p752,R1,oc20260727,True,False,,,2026-08-05T14:34:52.374159+00:00,,,3.0,True,False,True,,1,33.0,postgrad,few_times_week,True,3,6,timeout,4,3,3,3,3,3,True,22,5.5,456,False,17,45,,,b7 c8 a7 a1!,1,False,2,5.0,6.0,0.833,1.0,1.0,2.0,14.0,Solvers
vanilla_adopters,vanilla_adopters,adopters,p752,R2,b220260706,False,True,,,2026-08-05T14:34:52.374159+00:00,,,3.0,True,False,True,,1,33.0,postgrad,few_times_week,True,3,0,manual,3,2,3,2,2,2,True,14,4.7,17,True,31,33,-2.0,False,g7 h1 h2!,1,False,2,5.0,6.0,0.833,1.0,1.0,2.0,14.0,Solvers
vanilla_adopters,vanilla_adopters,adopters,p752,R3,bg20260726,False,True,,,2026-08-05T14:34:52.374159+00:00,,,3.0,True,False,True,,1,33.0,postgrad,few_times_week,True,3,0,manual,3,3,3,3,3,3,True,0,0.0,30,True,34,30,4.0,True,b2 g8 h7,1,True,2,5.0,6.0,0.833,1.0,1.0,2.0,14.0,Solvers
vanilla_adopters,vanilla_adopters,adopters,p76,R1,oc20260727,True,False,,,2026-08-07T13:57:15.646767+00:00,,,2.667,True,False,True,,2,37.0,postgrad,daily,False,1,9,manual,6,5,3,3,6,3,True,16,2.7,386,True,33,31,2.0,True,b7 c8 a7 a3 a1 g2!,1,False,2,2.0,5.0,0.4,0.0,0.0,1.0,36.0,Strugglers
vanilla_adopters,vanilla_adopters,adopters,p76,R2,b220260706,False,True,,,2026-08-07T13:57:15.646767+00:00,,,2.667,True,False,True,,2,37.0,postgrad,daily,False,1,0,manual,2,1,2,1,0,0,False,14,7.0,20,True,31,33,-2.0,False,g1! g7,1,False,2,2.0,5.0,0.4,0.0,0.0,1.0,36.0,Strugglers
vanilla_adopters,vanilla_adopters,adopters,p76,R3,bg20260726,False,True,,,2026-08-07T13:57:15.646767+00:00,,,2.667,True,False,True,,2,37.0,postgrad,daily,False,1,0,manual,3,1,3,1,1,1,True,22,7.3,29,True,23,41,-18.0,False,b2 g7! h8!,1,False,2,2.0,5.0,0.4,0.0,0.0,1.0,36.0,Strugglers
vanilla_adopters,vanilla_adopters,adopters,p777,R1,oc20260727,True,False,,,2026-08-05T13:39:09.204639+00:00,,,2.667,True,False,True,,2,43.0,bachelors,few_times_week,False,2,5,manual,3,2,3,2,1,1,True,38,12.7,121,True,22,42,-20.0,False,b7 b6! b8,1,False,2,2.0,5.0,0.4,0.0,0.0,1.0,38.0,Strugglers
vanilla_adopters,vanilla_adopters,adopters,p777,R2,b220260706,False,True,,,2026-08-05T13:39:09.204639+00:00,,,2.667,True,False,True,,2,43.0,bachelors,few_times_week,False,2,0,manual,2,0,2,0,0,0,False,24,12.0,11,True,26,38,-12.0,False,g2! h2!,1,False,2,2.0,5.0,0.4,0.0,0.0,1.0,38.0,Strugglers
vanilla_adopters,vanilla_adopters,adopters,p777,R3,bg20260726,False,True,,,2026-08-05T13:39:09.204639+00:00,,,2.667,True,False,True,,2,43.0,bachelors,few_times_week,False,2,0,manual,3,2,3,2,1,1,True,14,4.7,14,True,27,37,-10.0,False,b2 g7! h7,1,False,2,2.0,5.0,0.4,0.0,0.0,1.0,38.0,Strugglers
vanilla_adopters,vanilla_adopters,adopters,p780,R1,oc20260727,True,False,,,2026-08-04T14:03:38.766448+00:00,,,3.0,True,False,True,,1,34.0,bachelors,about_monthly,True,1,5,manual,5,3,3,3,3,3,True,38,7.6,293,True,22,42,-20.0,False,b7 c8 a7 a1! g2!,1,False,2,1.0,4.0,0.25,0.0,0.0,1.0,38.0,Strugglers
vanilla_adopters,vanilla_adopters,adopters,p780,R2,b220260706,False,True,,,2026-08-04T14:03:38.766448+00:00,,,3.0,True,False,True,,1,34.0,bachelors,about_monthly,True,1,0,manual,2,1,2,1,1,1,True,12,6.0,3,True,32,32,0.0,False,g7 g2!,1,False,2,1.0,4.0,0.25,0.0,0.0,1.0,38.0,Strugglers
vanilla_adopters,vanilla_adopters,adopters,p780,R3,bg20260726,False,True,,,2026-08-04T14:03:38.766448+00:00,,,3.0,True,False,True,,1,34.0,bachelors,about_monthly,True,1,0,manual,2,0,2,0,0,0,False,26,13.0,7,True,21,43,-22.0,False,h7! g7!,1,False,2,1.0,4.0,0.25,0.0,0.0,1.0,38.0,Strugglers
vanilla_adopters,vanilla_adopters,adopters,p783,R1,oc20260727,True,False,,,2026-08-05T13:13:43.295182+00:00,,,3.0,True,False,True,,dont_know,38.0,bachelors,weekly,False,1,5,manual,4,3,3,2,1,1,True,38,9.5,49,True,22,42,-20.0,False,b7 b6! g2 b8,1,False,2,1.0,4.0,0.25,0.0,0.0,0.0,30.0,Strugglers
vanilla_adopters,vanilla_adopters,adopters,p783,R2,b220260706,False,True,,,2026-08-05T13:13:43.295182+00:00,,,3.0,True,False,True,,dont_know,38.0,bachelors,weekly,False,1,0,manual,2,1,2,1,0,0,False,16,8.0,8,True,30,34,-4.0,False,g2! g7,1,False,2,1.0,4.0,0.25,0.0,0.0,0.0,30.0,Strugglers
vanilla_adopters,vanilla_adopters,adopters,p783,R3,bg20260726,False,True,,,2026-08-05T13:13:43.295182+00:00,,,3.0,True,False,True,,dont_know,38.0,bachelors,weekly,False,1,0,manual,2,0,2,0,0,0,False,14,7.0,11,True,27,37,-10.0,False,g8! h7!,1,False,2,1.0,4.0,0.25,0.0,0.0,0.0,30.0,Strugglers
vanilla_adopters,vanilla_adopters,adopters,p785,R1,oc20260727,True,False,,,2026-08-04T18:19:07.055479+00:00,,,2.667,True,False,True,,dont_know,64.0,bachelors,few_times_week,True,1,8,timeout,6,6,3,3,6,3,True,0,0.0,436,True,41,23,18.0,True,b7 c8 a7 a3 a1 h1,1,True,2,2.0,4.0,0.5,0.0,0.0,1.0,28.0,Strugglers
vanilla_adopters,vanilla_adopters,adopters,p785,R2,b220260706,False,True,,,2026-08-04T18:19:07.055479+00:00,,,2.667,True,False,True,,dont_know,64.0,bachelors,few_times_week,True,1,0,manual,2,1,2,1,1,1,True,12,6.0,20,True,32,32,0.0,False,g7 g2!,1,False,2,2.0,4.0,0.5,0.0,0.0,1.0,28.0,Strugglers
vanilla_adopters,vanilla_adopters,adopters,p785,R3,bg20260726,False,True,,,2026-08-04T18:19:07.055479+00:00,,,2.667,True,False,True,,dont_know,64.0,bachelors,few_times_week,True,1,0,manual,2,1,2,1,0,0,False,16,8.0,12,True,26,38,-12.0,False,h7! g8,1,False,2,2.0,4.0,0.5,0.0,0.0,1.0,28.0,Strugglers
vanilla_adopters,vanilla_adopters,adopters,p786,R1,oc20260727,True,False,,,2026-08-07T16:02:58.271446+00:00,,,3.333,True,False,True,,1,34.0,postgrad,daily,False,3,6,manual,4,2,3,1,0,0,False,44,11.0,234,True,19,45,-26.0,False,c8! b8! g2 a7,1,False,2,6.0,6.0,1.0,2.0,2.0,2.0,0.0,Solvers
vanilla_adopters,vanilla_adopters,adopters,p786,R2,b220260706,False,True,,,2026-08-07T16:02:58.271446+00:00,,,3.333,True,False,True,,1,34.0,postgrad,daily,False,3,0,manual,3,3,3,3,3,3,True,0,0.0,34,True,38,26,12.0,True,g7 h1 g2,1,True,2,6.0,6.0,1.0,2.0,2.0,2.0,0.0,Solvers
vanilla_adopters,vanilla_adopters,adopters,p786,R3,bg20260726,False,True,,,2026-08-07T16:02:58.271446+00:00,,,3.333,True,False,True,,1,34.0,postgrad,daily,False,3,0,manual,3,3,3,3,3,3,True,0,0.0,42,True,34,30,4.0,True,b2 g8 h7,1,True,2,6.0,6.0,1.0,2.0,2.0,2.0,0.0,Solvers
vanilla_adopters,vanilla_adopters,adopters,p791,R1,oc20260727,True,False,,,2026-08-04T13:49:37.624241+00:00,,,3.0,True,False,True,,1,55.0,postgrad,few_times_month,False,1,7,manual,6,6,3,3,6,3,True,0,0.0,194,True,41,23,18.0,True,b7 c8 a7 a3 a1 h1,1,True,2,1.0,4.0,0.25,0.0,0.0,0.0,32.0,Strugglers
vanilla_adopters,vanilla_adopters,adopters,p791,R2,b220260706,False,True,,,2026-08-04T13:49:37.624241+00:00,,,3.0,True,False,True,,1,55.0,postgrad,few_times_month,False,1,0,manual,2,0,2,0,0,0,False,24,12.0,12,True,26,38,-12.0,False,g2! h2!,1,False,2,1.0,4.0,0.25,0.0,0.0,0.0,32.0,Strugglers
vanilla_adopters,vanilla_adopters,adopters,p791,R3,bg20260726,False,True,,,2026-08-04T13:49:37.624241+00:00,,,3.0,True,False,True,,1,55.0,postgrad,few_times_month,False,1,0,manual,2,1,2,1,0,0,False,8,4.0,12,True,30,34,-4.0,False,g8! g7,1,False,2,1.0,4.0,0.25,0.0,0.0,0.0,32.0,Strugglers
vanilla_adopters,vanilla_adopters,adopters,p795,R1,oc20260727,True,False,,,2026-08-07T14:50:20.561246+00:00,,,2.667,True,False,True,,2,37.0,postgrad,less_than_monthly,True,2,5,manual,5,4,3,3,3,3,True,22,4.4,412,True,30,34,-4.0,False,b7 c8 a7 a1! h1,1,False,2,2.0,5.0,0.4,0.0,0.0,1.0,36.0,Strugglers
vanilla_adopters,vanilla_adopters,adopters,p795,R2,b220260706,False,True,,,2026-08-07T14:50:20.561246+00:00,,,2.667,True,False,True,,2,37.0,postgrad,less_than_monthly,True,2,0,manual,2,1,2,1,0,0,False,14,7.0,11,True,31,33,-2.0,False,g1! g7,1,False,2,2.0,5.0,0.4,0.0,0.0,1.0,36.0,Strugglers
vanilla_adopters,vanilla_adopters,adopters,p795,R3,bg20260726,False,True,,,2026-08-07T14:50:20.561246+00:00,,,2.667,True,False,True,,2,37.0,postgrad,less_than_monthly,True,2,0,manual,3,1,3,1,1,1,True,22,7.3,34,True,23,41,-18.0,False,b2 g7! h8!,1,False,2,2.0,5.0,0.4,0.0,0.0,1.0,36.0,Strugglers
vanilla_adopters,vanilla_adopters,adopters,p797,R1,oc20260727,True,False,,,2026-08-05T16:46:35.247895+00:00,,,2.667,True,False,True,,dont_know,30.0,postgrad,few_times_month,True,1,8,manual,6,6,3,3,6,3,True,0,0.0,279,True,41,23,18.0,True,b7 c8 a7 a3 a1 h1,1,True,2,3.0,5.0,0.6,0.0,0.0,1.0,30.0,Solvers
vanilla_adopters,vanilla_adopters,adopters,p797,R2,b220260706,False,True,,,2026-08-05T16:46:35.247895+00:00,,,2.667,True,False,True,,dont_know,30.0,postgrad,few_times_month,True,1,0,manual,3,2,3,2,2,2,True,14,4.7,10,True,31,33,-2.0,False,g7 h1 h2!,1,False,2,3.0,5.0,0.6,0.0,0.0,1.0,30.0,Solvers
vanilla_adopters,vanilla_adopters,adopters,p797,R3,bg20260726,False,True,,,2026-08-05T16:46:35.247895+00:00,,,2.667,True,False,True,,dont_know,30.0,postgrad,few_times_month,True,1,0,manual,2,1,2,1,0,0,False,16,8.0,10,True,26,38,-12.0,False,g7! b2,1,False,2,3.0,5.0,0.6,0.0,0.0,1.0,30.0,Solvers
vanilla_adopters,vanilla_adopters,adopters,p798,R1,oc20260727,True,False,,,2026-08-07T14:37:48.771781+00:00,,,3.333,True,False,True,,dont_know,37.0,bachelors,daily,False,2,9,manual,5,4,3,3,3,3,True,22,4.4,260,True,30,34,-4.0,False,b7 c8 a7 a1! h1,1,False,2,0.0,4.0,0.0,0.0,0.0,0.0,38.0,Strugglers
vanilla_adopters,vanilla_adopters,adopters,p798,R2,b220260706,False,True,,,2026-08-07T14:37:48.771781+00:00,,,3.333,True,False,True,,dont_know,37.0,bachelors,daily,False,2,0,manual,2,0,2,0,0,0,False,24,12.0,10,True,26,38,-12.0,False,g2! h2!,1,False,2,0.0,4.0,0.0,0.0,0.0,0.0,38.0,Strugglers
vanilla_adopters,vanilla_adopters,adopters,p798,R3,bg20260726,False,True,,,2026-08-07T14:37:48.771781+00:00,,,3.333,True,False,True,,dont_know,37.0,bachelors,daily,False,2,0,manual,2,0,2,0,0,0,False,14,7.0,10,True,27,37,-10.0,False,g8! h7!,1,False,2,0.0,4.0,0.0,0.0,0.0,0.0,38.0,Strugglers
vanilla_adopters,vanilla_adopters,adopters,p805,R1,oc20260727,True,False,,,2026-08-04T13:17:50.182647+00:00,,,3.0,True,False,True,,dont_know,50.0,postgrad,daily,False,1,5,manual,5,3,3,2,1,1,True,36,7.2,143,True,23,41,-18.0,False,b7 g2! c8 a7 a1!,1,False,2,3.0,5.0,0.6,0.0,0.0,1.0,28.0,Solvers
vanilla_adopters,vanilla_adopters,adopters,p805,R2,b220260706,False,True,,,2026-08-04T13:17:50.182647+00:00,,,3.0,True,False,True,,dont_know,50.0,postgrad,daily,False,1,0,manual,2,1,2,1,0,0,False,14,7.0,6,True,31,33,-2.0,False,g1! g7,1,False,2,3.0,5.0,0.6,0.0,0.0,1.0,28.0,Solvers
vanilla_adopters,vanilla_adopters,adopters,p805,R3,bg20260726,False,True,,,2026-08-04T13:17:50.182647+00:00,,,3.0,True,False,True,,dont_know,50.0,postgrad,daily,False,1,0,manual,3,2,3,2,1,1,True,14,4.7,11,True,27,37,-10.0,False,b2 g7! h7,1,False,2,3.0,5.0,0.6,0.0,0.0,1.0,28.0,Solvers
vanilla_adopters,vanilla_adopters,adopters,p807,R1,oc20260727,True,False,,,2026-08-05T13:09:37.014191+00:00,,,3.0,True,False,True,,1,44.0,bachelors,daily,False,1,5,manual,5,4,3,3,5,3,True,16,3.2,198,True,33,31,2.0,True,b7 c8 a7 a3 g2!,1,False,2,1.0,4.0,0.25,0.0,0.0,0.0,28.0,Strugglers
vanilla_adopters,vanilla_adopters,adopters,p807,R2,b220260706,False,True,,,2026-08-05T13:09:37.014191+00:00,,,3.0,True,False,True,,1,44.0,bachelors,daily,False,1,0,manual,2,1,2,1,0,0,False,14,7.0,3,True,31,33,-2.0,False,g1! g7,1,False,2,1.0,4.0,0.25,0.0,0.0,0.0,28.0,Strugglers
vanilla_adopters,vanilla_adopters,adopters,p807,R3,bg20260726,False,True,,,2026-08-05T13:09:37.014191+00:00,,,3.0,True,False,True,,1,44.0,bachelors,daily,False,1,0,manual,2,0,2,0,0,0,False,14,7.0,6,True,27,37,-10.0,False,g8! h7!,1,False,2,1.0,4.0,0.25,0.0,0.0,0.0,28.0,Strugglers
vanilla_adopters,vanilla_adopters,adopters,p812,R1,oc20260727,True,False,,,2026-08-07T13:15:47.674494+00:00,,,3.0,True,False,True,,3,71.0,bachelors,few_times_week,False,2,5,manual,4,3,3,2,1,1,True,38,9.5,72,True,22,42,-20.0,False,b7 b6! g2 b8,1,False,2,2.0,5.0,0.4,0.0,0.0,1.0,38.0,Strugglers
vanilla_adopters,vanilla_adopters,adopters,p812,R2,b220260706,False,True,,,2026-08-07T13:15:47.674494+00:00,,,3.0,True,False,True,,3,71.0,bachelors,few_times_week,False,2,0,manual,2,1,2,1,0,0,False,16,8.0,6,True,30,34,-4.0,False,g2! g7,1,False,2,2.0,5.0,0.4,0.0,0.0,1.0,38.0,Strugglers
vanilla_adopters,vanilla_adopters,adopters,p812,R3,bg20260726,False,True,,,2026-08-07T13:15:47.674494+00:00,,,3.0,True,False,True,,3,71.0,bachelors,few_times_week,False,2,0,manual,3,1,3,1,1,1,True,22,7.3,15,True,23,41,-18.0,False,b2 g7! h8!,1,False,2,2.0,5.0,0.4,0.0,0.0,1.0,38.0,Strugglers
vanilla_adopters,vanilla_adopters,adopters,p813,R1,oc20260727,True,False,,,2026-08-05T12:47:28.302484+00:00,,,2.667,True,False,True,,dont_know,57.0,less_than_hs,several_times_day,False,1,8,manual,5,3,3,2,1,1,True,36,7.2,296,True,23,41,-18.0,False,b7 g2! c8 a7 a1!,1,False,2,0.0,4.0,0.0,0.0,0.0,0.0,48.0,Strugglers
vanilla_adopters,vanilla_adopters,adopters,p813,R2,b220260706,False,True,,,2026-08-05T12:47:28.302484+00:00,,,2.667,True,False,True,,dont_know,57.0,less_than_hs,several_times_day,False,1,0,manual,2,0,2,0,0,0,False,24,12.0,17,True,26,38,-12.0,False,g2! h2!,1,False,2,0.0,4.0,0.0,0.0,0.0,0.0,48.0,Strugglers
vanilla_adopters,vanilla_adopters,adopters,p813,R3,bg20260726,False,True,,,2026-08-05T12:47:28.302484+00:00,,,2.667,True,False,True,,dont_know,57.0,less_than_hs,several_times_day,False,1,0,manual,2,0,2,0,0,0,False,24,12.0,7,True,22,42,-20.0,False,g7! g8!,1,False,2,0.0,4.0,0.0,0.0,0.0,0.0,48.0,Strugglers
vanilla_adopters,vanilla_adopters,adopters,p815,R1,oc20260727,True,False,,,2026-08-05T13:34:35.326795+00:00,,,3.0,True,False,True,,dont_know,61.0,postgrad,less_than_monthly,True,2,5,manual,5,4,3,3,3,3,True,22,4.4,242,True,30,34,-4.0,False,b7 c8 a7 a1! h1,1,False,2,3.0,6.0,0.5,0.0,0.0,2.0,36.0,Strugglers
vanilla_adopters,vanilla_adopters,adopters,p815,R2,b220260706,False,True,,,2026-08-05T13:34:35.326795+00:00,,,3.0,True,False,True,,dont_know,61.0,postgrad,less_than_monthly,True,2,0,manual,3,2,3,2,2,2,True,14,4.7,20,True,31,33,-2.0,False,g7 h1 h2!,1,False,2,3.0,6.0,0.5,0.0,0.0,2.0,36.0,Strugglers
vanilla_adopters,vanilla_adopters,adopters,p815,R3,bg20260726,False,True,,,2026-08-05T13:34:35.326795+00:00,,,3.0,True,False,True,,dont_know,61.0,postgrad,less_than_monthly,True,2,0,manual,3,1,3,1,1,1,True,22,7.3,14,True,23,41,-18.0,False,b2 g7! h8!,1,False,2,3.0,6.0,0.5,0.0,0.0,2.0,36.0,Strugglers
vanilla_adopters,vanilla_adopters,adopters,p823,R1,oc20260727,True,False,,,2026-08-04T18:22:12.873901+00:00,,,3.333,True,False,True,,dont_know,35.0,bachelors,daily,False,2,5,manual,4,1,3,1,0,0,False,40,10.0,89,True,21,43,-22.0,False,g2! b6 c8! b8!,1,False,2,2.0,4.0,0.5,0.0,0.0,1.0,28.0,Strugglers
vanilla_adopters,vanilla_adopters,adopters,p823,R2,b220260706,False,True,,,2026-08-04T18:22:12.873901+00:00,,,3.333,True,False,True,,dont_know,35.0,bachelors,daily,False,2,0,timeout,1,0,1,0,0,0,False,14,14.0,0,False,19,42,,,g1!,1,False,2,2.0,4.0,0.5,0.0,0.0,1.0,28.0,Strugglers
vanilla_adopters,vanilla_adopters,adopters,p823,R3,bg20260726,False,True,,,2026-08-04T18:22:12.873901+00:00,,,3.333,True,False,True,,dont_know,35.0,bachelors,daily,False,2,0,manual,3,2,3,2,1,1,True,14,4.7,20,True,27,37,-10.0,False,b2 g7! h7,1,False,2,2.0,4.0,0.5,0.0,0.0,1.0,28.0,Strugglers
vanilla_adopters,vanilla_adopters,adopters,p824,R1,oc20260727,True,False,,,2026-08-05T14:13:56.722680+00:00,,,3.0,True,False,True,,1,33.0,postgrad,daily,True,1,5,manual,5,4,3,3,5,3,True,16,3.2,121,True,33,31,2.0,True,b7 c8 a7 a3 g2!,1,False,2,1.0,4.0,0.25,0.0,0.0,0.0,46.0,Strugglers
vanilla_adopters,vanilla_adopters,adopters,p824,R2,b220260706,False,True,,,2026-08-05T14:13:56.722680+00:00,,,3.0,True,False,True,,1,33.0,postgrad,daily,True,1,0,manual,2,0,2,0,0,0,False,30,15.0,12,True,23,41,-18.0,False,g1! g2!,1,False,2,1.0,4.0,0.25,0.0,0.0,0.0,46.0,Strugglers
vanilla_adopters,vanilla_adopters,adopters,p824,R3,bg20260726,False,True,,,2026-08-05T14:13:56.722680+00:00,,,3.0,True,False,True,,1,33.0,postgrad,daily,True,1,0,manual,2,1,2,1,0,0,False,16,8.0,2,True,26,38,-12.0,False,h7! g8,1,False,2,1.0,4.0,0.25,0.0,0.0,0.0,46.0,Strugglers
vanilla_adopters,vanilla_adopters,adopters,p838,R1,oc20260727,True,False,,,2026-08-05T13:18:58.555383+00:00,,,3.0,True,False,True,,dont_know,28.0,postgrad,few_times_week,False,2,5,manual,4,2,3,1,1,1,True,38,9.5,51,True,22,42,-20.0,False,b7 g2! b6! b8,1,False,2,1.0,4.0,0.25,0.0,0.0,0.0,42.0,Strugglers
vanilla_adopters,vanilla_adopters,adopters,p838,R2,b220260706,False,True,,,2026-08-05T13:18:58.555383+00:00,,,3.0,True,False,True,,dont_know,28.0,postgrad,few_times_week,False,2,0,manual,2,1,2,1,0,0,False,16,8.0,19,True,30,34,-4.0,False,g2! g7,1,False,2,1.0,4.0,0.25,0.0,0.0,0.0,42.0,Strugglers
vanilla_adopters,vanilla_adopters,adopters,p838,R3,bg20260726,False,True,,,2026-08-05T13:18:58.555383+00:00,,,3.0,True,False,True,,dont_know,28.0,postgrad,few_times_week,False,2,0,manual,2,0,2,0,0,0,False,26,13.0,5,True,21,43,-22.0,False,h7! g7!,1,False,2,1.0,4.0,0.25,0.0,0.0,0.0,42.0,Strugglers
vanilla_adopters,vanilla_adopters,adopters,p843,R1,oc20260727,True,False,,,2026-08-07T14:07:57.551987+00:00,,,3.0,True,False,True,,1,49.0,associate,less_than_monthly,False,2,5,manual,5,4,3,3,5,3,True,16,3.2,175,True,33,31,2.0,True,b7 c8 a7 a3 g2!,1,False,2,1.0,4.0,0.25,0.0,0.0,0.0,30.0,Strugglers
vanilla_adopters,vanilla_adopters,adopters,p843,R2,b220260706,False,True,,,2026-08-07T14:07:57.551987+00:00,,,3.0,True,False,True,,1,49.0,associate,less_than_monthly,False,2,0,manual,2,1,2,1,0,0,False,16,8.0,49,True,30,34,-4.0,False,g2! g7,1,False,2,1.0,4.0,0.25,0.0,0.0,0.0,30.0,Strugglers
vanilla_adopters,vanilla_adopters,adopters,p843,R3,bg20260726,False,True,,,2026-08-07T14:07:57.551987+00:00,,,3.0,True,False,True,,1,49.0,associate,less_than_monthly,False,2,0,manual,2,0,2,0,0,0,False,14,7.0,12,True,27,37,-10.0,False,g8! h7!,1,False,2,1.0,4.0,0.25,0.0,0.0,0.0,30.0,Strugglers
vanilla_adopters,vanilla_adopters,adopters,p86,R1,oc20260727,True,False,,,2026-08-05T14:09:43.701731+00:00,,,2.667,True,False,True,,dont_know,44.0,postgrad,several_times_day,False,1,7,manual,3,2,3,2,0,0,False,40,13.3,111,True,21,43,-22.0,False,c8! a7 g2,1,False,2,3.0,5.0,0.6,0.0,0.0,1.0,30.0,Solvers
vanilla_adopters,vanilla_adopters,adopters,p86,R2,b220260706,False,True,,,2026-08-05T14:09:43.701731+00:00,,,2.667,True,False,True,,dont_know,44.0,postgrad,several_times_day,False,1,0,manual,3,2,3,2,2,2,True,14,4.7,21,True,31,33,-2.0,False,g7 h1 h2!,1,False,2,3.0,5.0,0.6,0.0,0.0,1.0,30.0,Solvers
vanilla_adopters,vanilla_adopters,adopters,p86,R3,bg20260726,False,True,,,2026-08-05T14:09:43.701731+00:00,,,2.667,True,False,True,,dont_know,44.0,postgrad,several_times_day,False,1,0,manual,2,1,2,1,0,0,False,16,8.0,7,True,26,38,-12.0,False,g7! b2,1,False,2,3.0,5.0,0.6,0.0,0.0,1.0,30.0,Solvers
vanilla_adopters,vanilla_adopters,adopters,p92,R1,oc20260727,True,False,,,2026-08-07T12:34:20.201447+00:00,,,3.0,True,False,True,,3,61.0,some_college,few_times_week,False,2,6,timeout,3,2,3,2,1,1,True,38,12.7,220,False,33,27,,,b7 b6! g2,1,False,2,4.0,6.0,0.667,1.0,1.0,2.0,16.0,Solvers
vanilla_adopters,vanilla_adopters,adopters,p92,R2,b220260706,False,True,,,2026-08-07T12:34:20.201447+00:00,,,3.0,True,False,True,,3,61.0,some_college,few_times_week,False,2,0,manual,3,3,3,3,3,3,True,0,0.0,32,True,38,26,12.0,True,g7 h1 g2,1,True,2,4.0,6.0,0.667,1.0,1.0,2.0,16.0,Solvers
vanilla_adopters,vanilla_adopters,adopters,p92,R3,bg20260726,False,True,,,2026-08-07T12:34:20.201447+00:00,,,3.0,True,False,True,,3,61.0,some_college,few_times_week,False,2,0,manual,3,1,3,1,1,1,True,16,5.3,31,True,26,38,-12.0,False,b2 h7! g7!,1,False,2,4.0,6.0,0.667,1.0,1.0,2.0,16.0,Solvers
vanilla_adopters,vanilla_adopters,adopters,p99,R1,oc20260727,True,False,,,2026-08-05T17:24:31.551018+00:00,,,3.333,True,False,True,,dont_know,28.0,bachelors,about_monthly,False,1,6,manual,6,6,3,3,6,3,True,0,0.0,214,True,41,23,18.0,True,b7 c8 a7 a3 a1 h1,1,True,2,5.0,6.0,0.833,1.0,1.0,2.0,14.0,Solvers
vanilla_adopters,vanilla_adopters,adopters,p99,R2,b220260706,False,True,,,2026-08-05T17:24:31.551018+00:00,,,3.333,True,False,True,,dont_know,28.0,bachelors,about_monthly,False,1,0,manual,3,2,3,2,2,2,True,14,4.7,6,True,31,33,-2.0,False,g7 h1 h2!,1,False,2,5.0,6.0,0.833,1.0,1.0,2.0,14.0,Solvers
vanilla_adopters,vanilla_adopters,adopters,p99,R3,bg20260726,False,True,,,2026-08-05T17:24:31.551018+00:00,,,3.333,True,False,True,,dont_know,28.0,bachelors,about_monthly,False,1,0,manual,3,3,3,3,3,3,True,0,0.0,11,True,34,30,4.0,True,b2 g8 h7,1,True,2,5.0,6.0,0.833,1.0,1.0,2.0,14.0,Solvers
baseline_non_adopters,baseline_non_adopters,non-adopters,p110,R1,oc20260727,False,False,,,2026-08-20T13:25:43.039506+00:00,,,1.667,True,False,True,,1,40.0,hs_graduate,less_than_monthly,False,1,0,manual,3,1,3,1,0,0,False,36,12.0,6,True,23,41,-18.0,False,g2! b7 c8!,1,False,2,3.0,5.0,0.6,0.0,0.0,2.0,22.0,Solvers
baseline_non_adopters,baseline_non_adopters,non-adopters,p110,R2,b220260706,False,True,,,2026-08-20T13:25:43.039506+00:00,,,1.667,True,False,True,,1,40.0,hs_graduate,less_than_monthly,False,1,0,manual,2,1,2,1,1,1,True,12,6.0,2,True,32,32,0.0,False,g7 g2!,1,False,2,3.0,5.0,0.6,0.0,0.0,2.0,22.0,Solvers
baseline_non_adopters,baseline_non_adopters,non-adopters,p110,R3,bg20260726,False,True,,,2026-08-20T13:25:43.039506+00:00,,,1.667,True,False,True,,1,40.0,hs_graduate,less_than_monthly,False,1,0,manual,3,2,3,2,2,2,True,10,3.3,4,True,29,35,-6.0,False,b2 g8 g7!,1,False,2,3.0,5.0,0.6,0.0,0.0,2.0,22.0,Solvers
baseline_non_adopters,baseline_non_adopters,non-adopters,p126,R1,oc20260727,False,False,,,2026-08-20T13:20:57.512694+00:00,,,2.333,True,False,True,,1,31.0,bachelors,daily,False,2,0,manual,3,0,3,0,0,0,False,44,14.7,12,True,19,45,-26.0,False,g2! c8! a7!,1,False,2,3.0,5.0,0.6,0.0,0.0,1.0,30.0,Solvers
baseline_non_adopters,baseline_non_adopters,non-adopters,p126,R2,b220260706,False,True,,,2026-08-20T13:20:57.512694+00:00,,,2.333,True,False,True,,1,31.0,bachelors,daily,False,2,0,manual,2,1,2,1,0,0,False,16,8.0,11,True,30,34,-4.0,False,g2! g7,1,False,2,3.0,5.0,0.6,0.0,0.0,1.0,30.0,Solvers
baseline_non_adopters,baseline_non_adopters,non-adopters,p126,R3,bg20260726,False,True,,,2026-08-20T13:20:57.512694+00:00,,,2.333,True,False,True,,1,31.0,bachelors,daily,False,2,0,manual,3,2,3,2,1,1,True,14,4.7,14,True,27,37,-10.0,False,b2 g7! h7,1,False,2,3.0,5.0,0.6,0.0,0.0,1.0,30.0,Solvers
baseline_non_adopters,baseline_non_adopters,non-adopters,p133,R1,oc20260727,False,False,,,2026-08-20T13:53:35.629294+00:00,,,2.333,True,False,True,,3,34.0,hs_graduate,less_than_monthly,False,3,0,manual,5,3,3,1,1,1,True,24,4.8,33,True,29,35,-6.0,False,b7 g2! a7! b6 c8,1,False,2,1.0,4.0,0.25,0.0,0.0,0.0,42.0,Strugglers
baseline_non_adopters,baseline_non_adopters,non-adopters,p133,R2,b220260706,False,True,,,2026-08-20T13:53:35.629294+00:00,,,2.333,True,False,True,,3,34.0,hs_graduate,less_than_monthly,False,3,0,manual,2,1,2,1,0,0,False,16,8.0,32,True,30,34,-4.0,False,g2! g7,1,False,2,1.0,4.0,0.25,0.0,0.0,0.0,42.0,Strugglers
baseline_non_adopters,baseline_non_adopters,non-adopters,p133,R3,bg20260726,False,True,,,2026-08-20T13:53:35.629294+00:00,,,2.333,True,False,True,,3,34.0,hs_graduate,less_than_monthly,False,3,0,manual,2,0,2,0,0,0,False,26,13.0,4,True,21,43,-22.0,False,h7! g7!,1,False,2,1.0,4.0,0.25,0.0,0.0,0.0,42.0,Strugglers
baseline_non_adopters,baseline_non_adopters,non-adopters,p148,R1,oc20260727,False,False,,,2026-08-20T13:33:27.520718+00:00,,,3.0,True,False,True,,dont_know,23.0,postgrad,few_times_week,False,4,0,manual,3,0,3,0,0,0,False,44,14.7,54,True,19,45,-26.0,False,g2! b8! c8!,1,False,2,4.0,6.0,0.667,0.0,0.0,2.0,24.0,Solvers
baseline_non_adopters,baseline_non_adopters,non-adopters,p148,R2,b220260706,False,True,,,2026-08-20T13:33:27.520718+00:00,,,3.0,True,False,True,,dont_know,23.0,postgrad,few_times_week,False,4,0,manual,3,2,3,2,2,2,True,14,4.7,13,True,31,33,-2.0,False,g7 h1 h2!,1,False,2,4.0,6.0,0.667,0.0,0.0,2.0,24.0,Solvers
baseline_non_adopters,baseline_non_adopters,non-adopters,p148,R3,bg20260726,False,True,,,2026-08-20T13:33:27.520718+00:00,,,3.0,True,False,True,,dont_know,23.0,postgrad,few_times_week,False,4,0,manual,3,2,3,2,1,1,True,10,3.3,12,True,29,35,-6.0,False,b2 h7! g8,1,False,2,4.0,6.0,0.667,0.0,0.0,2.0,24.0,Solvers
baseline_non_adopters,baseline_non_adopters,non-adopters,p170,R1,oc20260727,False,False,,,2026-08-20T14:01:13.232953+00:00,,,1.667,True,False,True,,1,56.0,hs_incomplete,few_times_week,False,1,0,manual,5,3,3,2,0,0,False,40,8.0,241,True,21,43,-22.0,False,g2! b6 b7 c8 a7!,1,False,2,2.0,5.0,0.4,0.0,0.0,0.0,42.0,Strugglers
baseline_non_adopters,baseline_non_adopters,non-adopters,p170,R2,b220260706,False,True,,,2026-08-20T14:01:13.232953+00:00,,,1.667,True,False,True,,1,56.0,hs_incomplete,few_times_week,False,1,0,manual,2,1,2,1,0,0,False,16,8.0,15,True,30,34,-4.0,False,g2! g7,1,False,2,2.0,5.0,0.4,0.0,0.0,0.0,42.0,Strugglers
baseline_non_adopters,baseline_non_adopters,non-adopters,p170,R3,bg20260726,False,True,,,2026-08-20T14:01:13.232953+00:00,,,1.667,True,False,True,,1,56.0,hs_incomplete,few_times_week,False,1,0,manual,3,1,3,1,0,0,False,26,8.7,24,True,21,43,-22.0,False,h7! b2 g7!,1,False,2,2.0,5.0,0.4,0.0,0.0,0.0,42.0,Strugglers
baseline_non_adopters,baseline_non_adopters,non-adopters,p200,R1,oc20260727,False,False,,,2026-08-20T13:15:34.026900+00:00,,,1.0,True,False,True,,1,34.0,postgrad,about_monthly,False,3,0,manual,3,0,3,0,0,0,False,40,13.3,12,True,21,43,-22.0,False,b6! c8! b8!,1,False,2,0.0,4.0,0.0,0.0,0.0,0.0,54.0,Strugglers
baseline_non_adopters,baseline_non_adopters,non-adopters,p200,R2,b220260706,False,True,,,2026-08-20T13:15:34.026900+00:00,,,1.0,True,False,True,,1,34.0,postgrad,about_monthly,False,3,0,manual,2,0,2,0,0,0,False,30,15.0,3,True,23,41,-18.0,False,g1! g2!,1,False,2,0.0,4.0,0.0,0.0,0.0,0.0,54.0,Strugglers
baseline_non_adopters,baseline_non_adopters,non-adopters,p200,R3,bg20260726,False,True,,,2026-08-20T13:15:34.026900+00:00,,,1.0,True,False,True,,1,34.0,postgrad,about_monthly,False,3,0,manual,2,0,2,0,0,0,False,24,12.0,2,True,22,42,-20.0,False,g7! g8!,1,False,2,0.0,4.0,0.0,0.0,0.0,0.0,54.0,Strugglers
baseline_non_adopters,baseline_non_adopters,non-adopters,p230,R1,oc20260727,False,False,,,2026-08-20T13:16:29.326041+00:00,,,1.333,True,False,True,,dont_know,35.0,some_college,weekly,False,1,0,manual,3,1,3,1,0,0,False,36,12.0,20,True,23,41,-18.0,False,g2! b7 c8!,1,False,2,1.0,4.0,0.25,0.0,0.0,0.0,32.0,Strugglers
baseline_non_adopters,baseline_non_adopters,non-adopters,p230,R2,b220260706,False,True,,,2026-08-20T13:16:29.326041+00:00,,,1.333,True,False,True,,dont_know,35.0,some_college,weekly,False,1,0,manual,2,0,2,0,0,0,False,24,12.0,8,True,26,38,-12.0,False,g2! h2!,1,False,2,1.0,4.0,0.25,0.0,0.0,0.0,32.0,Strugglers
baseline_non_adopters,baseline_non_adopters,non-adopters,p230,R3,bg20260726,False,True,,,2026-08-20T13:16:29.326041+00:00,,,1.333,True,False,True,,dont_know,35.0,some_college,weekly,False,1,0,manual,2,1,2,1,0,0,False,8,4.0,8,True,30,34,-4.0,False,g8! g7,1,False,2,1.0,4.0,0.25,0.0,0.0,0.0,32.0,Strugglers
baseline_non_adopters,baseline_non_adopters,non-adopters,p234,R1,oc20260727,False,False,,,2026-08-20T13:48:50.822932+00:00,,,1.0,True,False,True,,1,31.0,postgrad,less_than_monthly,False,3,0,manual,4,2,3,1,1,1,True,38,9.5,19,True,22,42,-20.0,False,b7 g2! b6! b8,1,False,2,1.0,4.0,0.25,0.0,0.0,0.0,28.0,Strugglers
baseline_non_adopters,baseline_non_adopters,non-adopters,p234,R2,b220260706,False,True,,,2026-08-20T13:48:50.822932+00:00,,,1.0,True,False,True,,1,31.0,postgrad,less_than_monthly,False,3,0,manual,2,1,2,1,0,0,False,14,7.0,6,True,31,33,-2.0,False,g1! g7,1,False,2,1.0,4.0,0.25,0.0,0.0,0.0,28.0,Strugglers
baseline_non_adopters,baseline_non_adopters,non-adopters,p234,R3,bg20260726,False,True,,,2026-08-20T13:48:50.822932+00:00,,,1.0,True,False,True,,1,31.0,postgrad,less_than_monthly,False,3,0,manual,2,0,2,0,0,0,False,14,7.0,3,True,27,37,-10.0,False,g8! h7!,1,False,2,1.0,4.0,0.25,0.0,0.0,0.0,28.0,Strugglers
baseline_non_adopters,baseline_non_adopters,non-adopters,p275,R1,oc20260727,False,False,,,2026-08-20T13:15:32.452383+00:00,,,2.333,True,False,True,,1,37.0,some_college,few_times_month,True,2,0,manual,5,4,3,2,5,3,True,2,0.4,39,True,40,24,16.0,True,b7 a7! a1 h1 b6,1,False,2,2.0,5.0,0.4,0.0,0.0,1.0,38.0,Strugglers
baseline_non_adopters,baseline_non_adopters,non-adopters,p275,R2,b220260706,False,True,,,2026-08-20T13:15:32.452383+00:00,,,2.333,True,False,True,,1,37.0,some_college,few_times_month,True,2,0,manual,3,2,3,2,2,2,True,14,4.7,7,True,31,33,-2.0,False,g7 h1 h2!,1,False,2,2.0,5.0,0.4,0.0,0.0,1.0,38.0,Strugglers
baseline_non_adopters,baseline_non_adopters,non-adopters,p275,R3,bg20260726,False,True,,,2026-08-20T13:15:32.452383+00:00,,,2.333,True,False,True,,1,37.0,some_college,few_times_month,True,2,0,manual,2,0,2,0,0,0,False,24,12.0,3,True,22,42,-20.0,False,g7! g8!,1,False,2,2.0,5.0,0.4,0.0,0.0,1.0,38.0,Strugglers
baseline_non_adopters,baseline_non_adopters,non-adopters,p29,R1,oc20260727,False,False,,,2026-08-20T14:18:22.784196+00:00,,,2.667,True,False,True,,1,34.0,bachelors,few_times_week,False,2,0,manual,3,1,3,1,0,0,False,44,14.7,7,True,19,45,-26.0,False,b6! b8! c8,1,False,2,4.0,5.0,0.8,1.0,1.0,1.0,16.0,Solvers
baseline_non_adopters,baseline_non_adopters,non-adopters,p29,R2,b220260706,False,True,,,2026-08-20T14:18:22.784196+00:00,,,2.667,True,False,True,,1,34.0,bachelors,few_times_week,False,2,0,manual,2,1,2,1,0,0,False,16,8.0,2,True,30,34,-4.0,False,g2! g7,1,False,2,4.0,5.0,0.8,1.0,1.0,1.0,16.0,Solvers
baseline_non_adopters,baseline_non_adopters,non-adopters,p29,R3,bg20260726,False,True,,,2026-08-20T14:18:22.784196+00:00,,,2.667,True,False,True,,1,34.0,bachelors,few_times_week,False,2,0,manual,3,3,3,3,3,3,True,0,0.0,3,True,34,30,4.0,True,b2 g8 h7,1,True,2,4.0,5.0,0.8,1.0,1.0,1.0,16.0,Solvers
baseline_non_adopters,baseline_non_adopters,non-adopters,p313,R1,oc20260727,False,False,,,2026-08-20T14:09:14.844698+00:00,,,2.333,True,False,True,,1,55.0,some_college,less_than_monthly,False,5,0,manual,4,0,3,0,0,0,False,46,11.5,17,True,18,46,-28.0,False,b6! b7! c8! g2!,1,False,2,2.0,4.0,0.5,0.0,0.0,0.0,32.0,Strugglers
baseline_non_adopters,baseline_non_adopters,non-adopters,p313,R2,b220260706,False,True,,,2026-08-20T14:09:14.844698+00:00,,,2.333,True,False,True,,1,55.0,some_college,less_than_monthly,False,5,0,manual,2,1,2,1,0,0,False,16,8.0,5,True,30,34,-4.0,False,g2! g7,1,False,2,2.0,4.0,0.5,0.0,0.0,0.0,32.0,Strugglers
baseline_non_adopters,baseline_non_adopters,non-adopters,p313,R3,bg20260726,False,True,,,2026-08-20T14:09:14.844698+00:00,,,2.333,True,False,True,,1,55.0,some_college,less_than_monthly,False,5,0,manual,2,1,2,1,0,0,False,16,8.0,4,True,26,38,-12.0,False,g7! b2,1,False,2,2.0,4.0,0.5,0.0,0.0,0.0,32.0,Strugglers
baseline_non_adopters,baseline_non_adopters,non-adopters,p326,R1,oc20260727,False,False,,,2026-08-20T13:02:10.897335+00:00,,,1.333,True,False,True,,3,51.0,associate,few_times_month,True,3,0,manual,3,1,3,1,1,1,True,42,14.0,27,True,20,44,-24.0,False,b7 b6! c8!,1,False,2,1.0,4.0,0.25,0.0,0.0,1.0,38.0,Strugglers
baseline_non_adopters,baseline_non_adopters,non-adopters,p326,R2,b220260706,False,True,,,2026-08-20T13:02:10.897335+00:00,,,1.333,True,False,True,,3,51.0,associate,few_times_month,True,3,0,manual,2,1,2,1,1,1,True,12,6.0,4,True,32,32,0.0,False,g7 g2!,1,False,2,1.0,4.0,0.25,0.0,0.0,1.0,38.0,Strugglers
baseline_non_adopters,baseline_non_adopters,non-adopters,p326,R3,bg20260726,False,True,,,2026-08-20T13:02:10.897335+00:00,,,1.333,True,False,True,,3,51.0,associate,few_times_month,True,3,0,manual,2,0,2,0,0,0,False,26,13.0,11,True,21,43,-22.0,False,h7! g7!,1,False,2,1.0,4.0,0.25,0.0,0.0,1.0,38.0,Strugglers
baseline_non_adopters,baseline_non_adopters,non-adopters,p330,R1,oc20260727,False,False,,,2026-08-20T13:42:08.484364+00:00,,,1.0,True,False,True,,3,57.0,hs_incomplete,daily,False,1,0,manual,5,3,3,2,0,0,False,40,8.0,53,True,21,43,-22.0,False,g2! b6 b7 c8 a7!,1,False,2,0.0,4.0,0.0,0.0,0.0,0.0,54.0,Strugglers
baseline_non_adopters,baseline_non_adopters,non-adopters,p330,R2,b220260706,False,True,,,2026-08-20T13:42:08.484364+00:00,,,1.0,True,False,True,,3,57.0,hs_incomplete,daily,False,1,0,manual,2,0,2,0,0,0,False,30,15.0,5,True,23,41,-18.0,False,g1! g2!,1,False,2,0.0,4.0,0.0,0.0,0.0,0.0,54.0,Strugglers
baseline_non_adopters,baseline_non_adopters,non-adopters,p330,R3,bg20260726,False,True,,,2026-08-20T13:42:08.484364+00:00,,,1.0,True,False,True,,3,57.0,hs_incomplete,daily,False,1,0,manual,2,0,2,0,0,0,False,24,12.0,4,True,22,42,-20.0,False,g7! g8!,1,False,2,0.0,4.0,0.0,0.0,0.0,0.0,54.0,Strugglers
baseline_non_adopters,baseline_non_adopters,non-adopters,p35,R1,oc20260727,False,False,,,2026-08-20T13:29:19.790397+00:00,,,3.0,True,False,True,,dont_know,31.0,bachelors,few_times_week,False,3,0,manual,4,1,3,0,0,0,False,42,10.5,15,True,20,44,-24.0,False,b6! b7! c8! a7,1,False,2,0.0,4.0,0.0,0.0,0.0,0.0,54.0,Strugglers
baseline_non_adopters,baseline_non_adopters,non-adopters,p35,R2,b220260706,False,True,,,2026-08-20T13:29:19.790397+00:00,,,3.0,True,False,True,,dont_know,31.0,bachelors,few_times_week,False,3,0,manual,2,0,2,0,0,0,False,30,15.0,2,True,23,41,-18.0,False,g1! g2!,1,False,2,0.0,4.0,0.0,0.0,0.0,0.0,54.0,Strugglers
baseline_non_adopters,baseline_non_adopters,non-adopters,p35,R3,bg20260726,False,True,,,2026-08-20T13:29:19.790397+00:00,,,3.0,True,False,True,,dont_know,31.0,bachelors,few_times_week,False,3,0,manual,2,0,2,0,0,0,False,24,12.0,2,True,22,42,-20.0,False,g7! g8!,1,False,2,0.0,4.0,0.0,0.0,0.0,0.0,54.0,Strugglers
baseline_non_adopters,baseline_non_adopters,non-adopters,p358,R1,oc20260727,False,False,,,2026-08-20T14:07:15.095952+00:00,,,1.667,True,False,True,,1,40.0,bachelors,never,True,2,0,manual,4,2,3,1,1,1,True,38,9.5,48,True,22,42,-20.0,False,b7 g2! b6! b8,1,False,2,3.0,5.0,0.6,0.0,0.0,1.0,28.0,Solvers
baseline_non_adopters,baseline_non_adopters,non-adopters,p358,R2,b220260706,False,True,,,2026-08-20T14:07:15.095952+00:00,,,1.667,True,False,True,,1,40.0,bachelors,never,True,2,0,manual,2,1,2,1,0,0,False,14,7.0,7,True,31,33,-2.0,False,g1! g7,1,False,2,3.0,5.0,0.6,0.0,0.0,1.0,28.0,Solvers
baseline_non_adopters,baseline_non_adopters,non-adopters,p358,R3,bg20260726,False,True,,,2026-08-20T14:07:15.095952+00:00,,,1.667,True,False,True,,1,40.0,bachelors,never,True,2,0,manual,3,2,3,2,1,1,True,14,4.7,26,True,27,37,-10.0,False,b2 g7! h7,1,False,2,3.0,5.0,0.6,0.0,0.0,1.0,28.0,Solvers
baseline_non_adopters,baseline_non_adopters,non-adopters,p364,R1,oc20260727,False,False,,,2026-08-20T13:09:40.935458+00:00,,,1.667,True,False,True,,1,49.0,hs_graduate,about_monthly,False,1,0,manual,4,1,3,1,0,0,False,44,11.0,44,True,19,45,-26.0,False,g2! b6 c8! a7!,1,False,2,0.0,4.0,0.0,0.0,0.0,0.0,38.0,Strugglers
baseline_non_adopters,baseline_non_adopters,non-adopters,p364,R2,b220260706,False,True,,,2026-08-20T13:09:40.935458+00:00,,,1.667,True,False,True,,1,49.0,hs_graduate,about_monthly,False,1,0,manual,2,0,2,0,0,0,False,24,12.0,5,True,26,38,-12.0,False,g2! h2!,1,False,2,0.0,4.0,0.0,0.0,0.0,0.0,38.0,Strugglers
baseline_non_adopters,baseline_non_adopters,non-adopters,p364,R3,bg20260726,False,True,,,2026-08-20T13:09:40.935458+00:00,,,1.667,True,False,True,,1,49.0,hs_graduate,about_monthly,False,1,0,manual,2,0,2,0,0,0,False,14,7.0,25,True,27,37,-10.0,False,g8! h7!,1,False,2,0.0,4.0,0.0,0.0,0.0,0.0,38.0,Strugglers
baseline_non_adopters,baseline_non_adopters,non-adopters,p381,R1,oc20260727,False,False,,,2026-08-20T13:36:07.550023+00:00,,,1.667,True,False,True,,2,41.0,bachelors,few_times_week,False,2,0,manual,3,0,3,0,0,0,False,54,18.0,12,True,14,50,-36.0,False,a7! b8! c8!,1,False,2,1.0,4.0,0.25,0.0,0.0,0.0,46.0,Strugglers
baseline_non_adopters,baseline_non_adopters,non-adopters,p381,R2,b220260706,False,True,,,2026-08-20T13:36:07.550023+00:00,,,1.667,True,False,True,,2,41.0,bachelors,few_times_week,False,2,0,manual,2,0,2,0,0,0,False,30,15.0,4,True,23,41,-18.0,False,g1! g2!,1,False,2,1.0,4.0,0.25,0.0,0.0,0.0,46.0,Strugglers
baseline_non_adopters,baseline_non_adopters,non-adopters,p381,R3,bg20260726,False,True,,,2026-08-20T13:36:07.550023+00:00,,,1.667,True,False,True,,2,41.0,bachelors,few_times_week,False,2,0,manual,2,1,2,1,0,0,False,16,8.0,2,True,26,38,-12.0,False,g7! b2,1,False,2,1.0,4.0,0.25,0.0,0.0,0.0,46.0,Strugglers
baseline_non_adopters,baseline_non_adopters,non-adopters,p39,R1,oc20260727,False,False,,,2026-08-20T13:15:34.504958+00:00,,,3.0,True,False,True,,dont_know,32.0,some_college,few_times_week,False,1,0,manual,3,1,3,1,0,0,False,42,14.0,8,True,20,44,-24.0,False,c8! b6! a8,1,False,2,0.0,4.0,0.0,0.0,0.0,0.0,48.0,Strugglers
baseline_non_adopters,baseline_non_adopters,non-adopters,p39,R2,b220260706,False,True,,,2026-08-20T13:15:34.504958+00:00,,,3.0,True,False,True,,dont_know,32.0,some_college,few_times_week,False,1,0,manual,2,0,2,0,0,0,False,24,12.0,5,True,26,38,-12.0,False,g2! h2!,1,False,2,0.0,4.0,0.0,0.0,0.0,0.0,48.0,Strugglers
baseline_non_adopters,baseline_non_adopters,non-adopters,p39,R3,bg20260726,False,True,,,2026-08-20T13:15:34.504958+00:00,,,3.0,True,False,True,,dont_know,32.0,some_college,few_times_week,False,1,0,manual,2,0,2,0,0,0,False,24,12.0,5,True,22,42,-20.0,False,g7! g8!,1,False,2,0.0,4.0,0.0,0.0,0.0,0.0,48.0,Strugglers
baseline_non_adopters,baseline_non_adopters,non-adopters,p390,R1,oc20260727,False,False,,,2026-08-20T11:01:10.724446+00:00,,,2.0,True,False,True,,2,49.0,hs_graduate,few_times_month,False,4,0,manual,5,3,3,2,0,0,False,40,8.0,7,True,21,43,-22.0,False,g2! b6 b7 c8 a7!,1,False,2,1.0,5.0,0.2,0.0,0.0,1.0,40.0,Strugglers
baseline_non_adopters,baseline_non_adopters,non-adopters,p390,R2,b220260706,False,True,,,2026-08-20T11:01:10.724446+00:00,,,2.0,True,False,True,,2,49.0,hs_graduate,few_times_month,False,4,0,manual,2,0,2,0,0,0,False,24,12.0,29,True,26,38,-12.0,False,g2! h2!,1,False,2,1.0,5.0,0.2,0.0,0.0,1.0,40.0,Strugglers
baseline_non_adopters,baseline_non_adopters,non-adopters,p390,R3,bg20260726,False,True,,,2026-08-20T11:01:10.724446+00:00,,,2.0,True,False,True,,2,49.0,hs_graduate,few_times_month,False,4,0,manual,3,1,3,1,1,1,True,16,5.3,22,True,26,38,-12.0,False,b2 h7! g7!,1,False,2,1.0,5.0,0.2,0.0,0.0,1.0,40.0,Strugglers
baseline_non_adopters,baseline_non_adopters,non-adopters,p402,R1,oc20260727,False,False,,,2026-08-20T11:46:02.627393+00:00,,,1.0,True,False,True,,3,33.0,associate,less_than_monthly,False,2,0,manual,4,2,3,2,0,0,False,40,10.0,26,True,21,43,-22.0,False,g2! b6 b7 a8!,1,False,2,2.0,5.0,0.4,0.0,0.0,0.0,40.0,Strugglers
baseline_non_adopters,baseline_non_adopters,non-adopters,p402,R2,b220260706,False,True,,,2026-08-20T11:46:02.627393+00:00,,,1.0,True,False,True,,3,33.0,associate,less_than_monthly,False,2,0,manual,2,1,2,1,0,0,False,14,7.0,4,True,31,33,-2.0,False,g1! g7,1,False,2,2.0,5.0,0.4,0.0,0.0,0.0,40.0,Strugglers
baseline_non_adopters,baseline_non_adopters,non-adopters,p402,R3,bg20260726,False,True,,,2026-08-20T11:46:02.627393+00:00,,,1.0,True,False,True,,3,33.0,associate,less_than_monthly,False,2,0,manual,3,1,3,1,0,0,False,26,8.7,6,True,21,43,-22.0,False,h7! b2 g7!,1,False,2,2.0,5.0,0.4,0.0,0.0,0.0,40.0,Strugglers
baseline_non_adopters,baseline_non_adopters,non-adopters,p411,R1,oc20260727,False,False,,,2026-08-20T11:00:59.724269+00:00,,,2.667,True,False,True,,dont_know,25.0,less_than_hs,about_monthly,False,2,0,manual,5,3,3,2,0,0,False,40,8.0,22,True,21,43,-22.0,False,b6! g2 b7 c8 a7!,1,False,2,1.0,4.0,0.25,0.0,0.0,0.0,36.0,Strugglers
baseline_non_adopters,baseline_non_adopters,non-adopters,p411,R2,b220260706,False,True,,,2026-08-20T11:00:59.724269+00:00,,,2.667,True,False,True,,dont_know,25.0,less_than_hs,about_monthly,False,2,0,manual,2,1,2,1,0,0,False,14,7.0,8,True,31,33,-2.0,False,g1! g7,1,False,2,1.0,4.0,0.25,0.0,0.0,0.0,36.0,Strugglers
baseline_non_adopters,baseline_non_adopters,non-adopters,p411,R3,bg20260726,False,True,,,2026-08-20T11:00:59.724269+00:00,,,2.667,True,False,True,,dont_know,25.0,less_than_hs,about_monthly,False,2,0,manual,2,0,2,0,0,0,False,22,11.0,5,True,23,41,-18.0,False,g7! h7!,1,False,2,1.0,4.0,0.25,0.0,0.0,0.0,36.0,Strugglers
baseline_non_adopters,baseline_non_adopters,non-adopters,p425,R1,oc20260727,False,False,,,2026-08-20T13:27:53.803197+00:00,,,3.0,True,False,True,,2,49.0,bachelors,few_times_week,False,3,0,manual,3,0,3,0,0,0,False,44,14.7,22,True,19,45,-26.0,False,g2! b8! c8!,1,False,2,2.0,4.0,0.5,0.0,0.0,1.0,28.0,Strugglers
baseline_non_adopters,baseline_non_adopters,non-adopters,p425,R2,b220260706,False,True,,,2026-08-20T13:27:53.803197+00:00,,,3.0,True,False,True,,2,49.0,bachelors,few_times_week,False,3,0,manual,2,1,2,1,1,1,True,12,6.0,3,True,32,32,0.0,False,g7 g2!,1,False,2,2.0,4.0,0.5,0.0,0.0,1.0,28.0,Strugglers
baseline_non_adopters,baseline_non_adopters,non-adopters,p425,R3,bg20260726,False,True,,,2026-08-20T13:27:53.803197+00:00,,,3.0,True,False,True,,2,49.0,bachelors,few_times_week,False,3,0,manual,2,1,2,1,0,0,False,16,8.0,6,True,26,38,-12.0,False,h7! g8,1,False,2,2.0,4.0,0.5,0.0,0.0,1.0,28.0,Strugglers
baseline_non_adopters,baseline_non_adopters,non-adopters,p432,R1,oc20260727,False,False,,,2026-08-20T13:56:13.660574+00:00,,,3.0,True,False,True,,3,46.0,some_postgrad,less_than_monthly,False,1,0,manual,4,1,3,0,0,0,False,44,11.0,9,True,19,45,-26.0,False,b6! b7! g2! b8,1,False,2,0.0,4.0,0.0,0.0,0.0,0.0,48.0,Strugglers
baseline_non_adopters,baseline_non_adopters,non-adopters,p432,R2,b220260706,False,True,,,2026-08-20T13:56:13.660574+00:00,,,3.0,True,False,True,,3,46.0,some_postgrad,less_than_monthly,False,1,0,manual,2,0,2,0,0,0,False,24,12.0,2,True,26,38,-12.0,False,g2! h2!,1,False,2,0.0,4.0,0.0,0.0,0.0,0.0,48.0,Strugglers
baseline_non_adopters,baseline_non_adopters,non-adopters,p432,R3,bg20260726,False,True,,,2026-08-20T13:56:13.660574+00:00,,,3.0,True,False,True,,3,46.0,some_postgrad,less_than_monthly,False,1,0,manual,2,0,2,0,0,0,False,24,12.0,1,True,22,42,-20.0,False,g7! g8!,1,False,2,0.0,4.0,0.0,0.0,0.0,0.0,48.0,Strugglers
baseline_non_adopters,baseline_non_adopters,non-adopters,p433,R1,oc20260727,False,False,,,2026-08-20T13:41:15.835406+00:00,,,2.333,True,False,True,,2,30.0,bachelors,few_times_week,False,2,0,manual,4,2,3,2,0,0,False,44,11.0,17,True,19,45,-26.0,False,c8! g2 b6 b8!,1,False,2,1.0,4.0,0.25,0.0,0.0,1.0,38.0,Strugglers
baseline_non_adopters,baseline_non_adopters,non-adopters,p433,R2,b220260706,False,True,,,2026-08-20T13:41:15.835406+00:00,,,2.333,True,False,True,,2,30.0,bachelors,few_times_week,False,2,0,manual,2,1,2,1,1,1,True,14,7.0,5,True,31,33,-2.0,False,g7 h2!,1,False,2,1.0,4.0,0.25,0.0,0.0,1.0,38.0,Strugglers
baseline_non_adopters,baseline_non_adopters,non-adopters,p433,R3,bg20260726,False,True,,,2026-08-20T13:41:15.835406+00:00,,,2.333,True,False,True,,2,30.0,bachelors,few_times_week,False,2,0,manual,2,0,2,0,0,0,False,24,12.0,5,True,22,42,-20.0,False,g7! g8!,1,False,2,1.0,4.0,0.25,0.0,0.0,1.0,38.0,Strugglers
baseline_non_adopters,baseline_non_adopters,non-adopters,p448,R1,oc20260727,False,False,,,2026-08-20T11:01:17.265003+00:00,,,3.0,True,False,True,,dont_know,35.0,some_college,weekly,False,3,0,manual,3,2,3,2,1,1,True,38,12.7,10,True,22,42,-20.0,False,b7 b6! b8,1,False,2,6.0,6.0,1.0,2.0,2.0,2.0,0.0,Solvers
baseline_non_adopters,baseline_non_adopters,non-adopters,p448,R2,b220260706,False,True,,,2026-08-20T11:01:17.265003+00:00,,,3.0,True,False,True,,dont_know,35.0,some_college,weekly,False,3,0,timeout,3,3,3,3,3,3,True,0,0.0,42,True,38,26,12.0,True,g7 h1 g2,1,True,2,6.0,6.0,1.0,2.0,2.0,2.0,0.0,Solvers
baseline_non_adopters,baseline_non_adopters,non-adopters,p448,R3,bg20260726,False,True,,,2026-08-20T11:01:17.265003+00:00,,,3.0,True,False,True,,dont_know,35.0,some_college,weekly,False,3,0,manual,3,3,3,3,3,3,True,0,0.0,48,True,34,30,4.0,True,b2 g8 h7,1,True,2,6.0,6.0,1.0,2.0,2.0,2.0,0.0,Solvers
baseline_non_adopters,baseline_non_adopters,non-adopters,p473,R1,oc20260727,False,False,,,2026-08-20T13:47:45.097109+00:00,,,2.333,True,False,True,,2,41.0,bachelors,few_times_month,True,3,0,manual,4,3,3,2,1,1,True,38,9.5,30,True,22,42,-20.0,False,b7 b6! g2 b8,1,False,2,3.0,5.0,0.6,1.0,1.0,1.0,24.0,Solvers
baseline_non_adopters,baseline_non_adopters,non-adopters,p473,R2,b220260706,False,True,,,2026-08-20T13:47:45.097109+00:00,,,2.333,True,False,True,,2,41.0,bachelors,few_times_month,True,3,0,manual,2,0,2,0,0,0,False,24,12.0,9,True,26,38,-12.0,False,g2! h2!,1,False,2,3.0,5.0,0.6,1.0,1.0,1.0,24.0,Solvers
baseline_non_adopters,baseline_non_adopters,non-adopters,p473,R3,bg20260726,False,True,,,2026-08-20T13:47:45.097109+00:00,,,2.333,True,False,True,,2,41.0,bachelors,few_times_month,True,3,0,manual,3,3,3,3,3,3,True,0,0.0,10,True,34,30,4.0,True,b2 g8 h7,1,True,2,3.0,5.0,0.6,1.0,1.0,1.0,24.0,Solvers
baseline_non_adopters,baseline_non_adopters,non-adopters,p48,R1,oc20260727,False,False,,,2026-08-20T13:19:47.008878+00:00,,,1.0,True,False,True,,1,49.0,hs_graduate,few_times_week,False,3,0,manual,3,1,3,1,0,0,False,36,12.0,20,True,23,41,-18.0,False,g2! b7 c8!,1,False,2,1.0,4.0,0.25,0.0,0.0,0.0,38.0,Strugglers
baseline_non_adopters,baseline_non_adopters,non-adopters,p48,R2,b220260706,False,True,,,2026-08-20T13:19:47.008878+00:00,,,1.0,True,False,True,,1,49.0,hs_graduate,few_times_week,False,3,0,manual,2,1,2,1,0,0,False,16,8.0,11,True,30,34,-4.0,False,g2! g7,1,False,2,1.0,4.0,0.25,0.0,0.0,0.0,38.0,Strugglers
baseline_non_adopters,baseline_non_adopters,non-adopters,p48,R3,bg20260726,False,True,,,2026-08-20T13:19:47.008878+00:00,,,1.0,True,False,True,,1,49.0,hs_graduate,few_times_week,False,3,0,manual,2,0,2,0,0,0,False,22,11.0,5,True,23,41,-18.0,False,g7! h7!,1,False,2,1.0,4.0,0.25,0.0,0.0,0.0,38.0,Strugglers
baseline_non_adopters,baseline_non_adopters,non-adopters,p483,R1,oc20260727,False,False,,,2026-08-20T11:01:22.228538+00:00,,,2.667,True,False,True,,1,39.0,hs_graduate,few_times_month,True,1,0,manual,4,2,3,1,1,1,True,38,9.5,43,True,22,42,-20.0,False,b7 g2! b6! b8,1,False,2,2.0,4.0,0.5,0.0,0.0,0.0,24.0,Strugglers
baseline_non_adopters,baseline_non_adopters,non-adopters,p483,R2,b220260706,False,True,,,2026-08-20T11:01:22.228538+00:00,,,2.667,True,False,True,,1,39.0,hs_graduate,few_times_month,True,1,0,manual,2,1,2,1,0,0,False,16,8.0,5,True,30,34,-4.0,False,g2! g7,1,False,2,2.0,4.0,0.5,0.0,0.0,0.0,24.0,Strugglers
baseline_non_adopters,baseline_non_adopters,non-adopters,p483,R3,bg20260726,False,True,,,2026-08-20T11:01:22.228538+00:00,,,2.667,True,False,True,,1,39.0,hs_graduate,few_times_month,True,1,0,manual,2,1,2,1,0,0,False,8,4.0,8,True,30,34,-4.0,False,g8! g7,1,False,2,2.0,4.0,0.5,0.0,0.0,0.0,24.0,Strugglers
baseline_non_adopters,baseline_non_adopters,non-adopters,p49,R1,oc20260727,False,False,,,2026-08-20T13:23:48.931186+00:00,,,1.333,True,False,True,,2,59.0,postgrad,less_than_monthly,False,2,0,manual,3,1,3,1,0,0,False,36,12.0,26,True,23,41,-18.0,False,g2! b7 c8!,1,False,2,2.0,4.0,0.5,0.0,0.0,1.0,20.0,Strugglers
baseline_non_adopters,baseline_non_adopters,non-adopters,p49,R2,b220260706,False,True,,,2026-08-20T13:23:48.931186+00:00,,,1.333,True,False,True,,2,59.0,postgrad,less_than_monthly,False,2,0,manual,2,1,2,1,1,1,True,12,6.0,5,True,32,32,0.0,False,g7 g2!,1,False,2,2.0,4.0,0.5,0.0,0.0,1.0,20.0,Strugglers
baseline_non_adopters,baseline_non_adopters,non-adopters,p49,R3,bg20260726,False,True,,,2026-08-20T13:23:48.931186+00:00,,,1.333,True,False,True,,2,59.0,postgrad,less_than_monthly,False,2,0,manual,2,1,2,1,0,0,False,8,4.0,6,True,30,34,-4.0,False,g8! g7,1,False,2,2.0,4.0,0.5,0.0,0.0,1.0,20.0,Strugglers
baseline_non_adopters,baseline_non_adopters,non-adopters,p498,R1,oc20260727,False,False,,,2026-08-20T13:50:06.327703+00:00,,,3.0,True,False,True,,2,51.0,some_college,few_times_week,True,1,0,manual,4,1,3,1,1,1,True,40,10.0,120,True,21,43,-22.0,False,b7 g2! b6! c8!,1,False,2,3.0,5.0,0.6,0.0,0.0,1.0,30.0,Solvers
baseline_non_adopters,baseline_non_adopters,non-adopters,p498,R2,b220260706,False,True,,,2026-08-20T13:50:06.327703+00:00,,,3.0,True,False,True,,2,51.0,some_college,few_times_week,True,1,0,manual,2,1,2,1,0,0,False,16,8.0,26,True,30,34,-4.0,False,g2! g7,1,False,2,3.0,5.0,0.6,0.0,0.0,1.0,30.0,Solvers
baseline_non_adopters,baseline_non_adopters,non-adopters,p498,R3,bg20260726,False,True,,,2026-08-20T13:50:06.327703+00:00,,,3.0,True,False,True,,2,51.0,some_college,few_times_week,True,1,0,manual,3,2,3,2,1,1,True,14,4.7,18,True,27,37,-10.0,False,b2 g7! h7,1,False,2,3.0,5.0,0.6,0.0,0.0,1.0,30.0,Solvers
baseline_non_adopters,baseline_non_adopters,non-adopters,p504,R1,oc20260727,False,False,,,2026-08-20T13:53:26.491060+00:00,,,2.667,True,False,True,,1,78.0,postgrad,about_monthly,False,1,0,manual,3,1,3,1,0,0,False,42,14.0,8,True,20,44,-24.0,False,c8! a7 b6!,1,False,2,0.0,4.0,0.0,0.0,0.0,0.0,50.0,Strugglers
baseline_non_adopters,baseline_non_adopters,non-adopters,p504,R2,b220260706,False,True,,,2026-08-20T13:53:26.491060+00:00,,,2.667,True,False,True,,1,78.0,postgrad,about_monthly,False,1,0,manual,2,0,2,0,0,0,False,24,12.0,4,True,26,38,-12.0,False,g2! h2!,1,False,2,0.0,4.0,0.0,0.0,0.0,0.0,50.0,Strugglers
baseline_non_adopters,baseline_non_adopters,non-adopters,p504,R3,bg20260726,False,True,,,2026-08-20T13:53:26.491060+00:00,,,2.667,True,False,True,,1,78.0,postgrad,about_monthly,False,1,0,manual,2,0,2,0,0,0,False,26,13.0,3,True,21,43,-22.0,False,h7! g7!,1,False,2,0.0,4.0,0.0,0.0,0.0,0.0,50.0,Strugglers
baseline_non_adopters,baseline_non_adopters,non-adopters,p507,R1,oc20260727,False,False,,,2026-08-20T13:20:06.453757+00:00,,,2.667,True,False,True,,dont_know,32.0,hs_graduate,weekly,False,1,0,manual,4,0,3,0,0,0,False,46,11.5,12,True,18,46,-28.0,False,b6! b7! g2! c8!,1,False,2,3.0,5.0,0.6,0.0,0.0,1.0,22.0,Solvers
baseline_non_adopters,baseline_non_adopters,non-adopters,p507,R2,b220260706,False,True,,,2026-08-20T13:20:06.453757+00:00,,,2.667,True,False,True,,dont_know,32.0,hs_graduate,weekly,False,1,0,manual,3,2,3,2,2,2,True,14,4.7,8,True,31,33,-2.0,False,g7 h1 h2!,1,False,2,3.0,5.0,0.6,0.0,0.0,1.0,22.0,Solvers
baseline_non_adopters,baseline_non_adopters,non-adopters,p507,R3,bg20260726,False,True,,,2026-08-20T13:20:06.453757+00:00,,,2.667,True,False,True,,dont_know,32.0,hs_graduate,weekly,False,1,0,manual,2,1,2,1,0,0,False,8,4.0,3,True,30,34,-4.0,False,g8! g7,1,False,2,3.0,5.0,0.6,0.0,0.0,1.0,22.0,Solvers
baseline_non_adopters,baseline_non_adopters,non-adopters,p520,R1,oc20260727,False,False,,,2026-08-20T14:13:22.872758+00:00,,,1.0,True,False,True,,dont_know,33.0,some_college,few_times_week,False,1,0,manual,4,0,3,0,0,0,False,48,12.0,9,True,17,47,-30.0,False,b6! b7! a7! c8!,1,False,2,3.0,5.0,0.6,0.0,0.0,2.0,26.0,Solvers
baseline_non_adopters,baseline_non_adopters,non-adopters,p520,R2,b220260706,False,True,,,2026-08-20T14:13:22.872758+00:00,,,1.0,True,False,True,,dont_know,33.0,some_college,few_times_week,False,1,0,manual,2,1,2,1,1,1,True,12,6.0,4,True,32,32,0.0,False,g7 g2!,1,False,2,3.0,5.0,0.6,0.0,0.0,2.0,26.0,Solvers
baseline_non_adopters,baseline_non_adopters,non-adopters,p520,R3,bg20260726,False,True,,,2026-08-20T14:13:22.872758+00:00,,,1.0,True,False,True,,dont_know,33.0,some_college,few_times_week,False,1,0,manual,3,2,3,2,1,1,True,14,4.7,11,True,27,37,-10.0,False,b2 g7! h7,1,False,2,3.0,5.0,0.6,0.0,0.0,2.0,26.0,Solvers
baseline_non_adopters,baseline_non_adopters,non-adopters,p53,R1,oc20260727,False,False,,,2026-08-20T13:48:29.907979+00:00,,,2.667,True,False,True,,3,35.0,some_college,few_times_month,False,4,0,manual,4,2,3,1,1,1,True,38,9.5,17,True,22,42,-20.0,False,b7 g2! b6! b8,1,False,2,2.0,5.0,0.4,0.0,0.0,1.0,44.0,Strugglers
baseline_non_adopters,baseline_non_adopters,non-adopters,p53,R2,b220260706,False,True,,,2026-08-20T13:48:29.907979+00:00,,,2.667,True,False,True,,3,35.0,some_college,few_times_month,False,4,0,manual,2,0,2,0,0,0,False,30,15.0,2,True,23,41,-18.0,False,g1! g2!,1,False,2,2.0,5.0,0.4,0.0,0.0,1.0,44.0,Strugglers
baseline_non_adopters,baseline_non_adopters,non-adopters,p53,R3,bg20260726,False,True,,,2026-08-20T13:48:29.907979+00:00,,,2.667,True,False,True,,3,35.0,some_college,few_times_month,False,4,0,manual,3,2,3,2,1,1,True,14,4.7,22,True,27,37,-10.0,False,b2 g7! h7,1,False,2,2.0,5.0,0.4,0.0,0.0,1.0,44.0,Strugglers
baseline_non_adopters,baseline_non_adopters,non-adopters,p579,R1,oc20260727,False,False,,,2026-08-20T14:13:39.508100+00:00,,,3.0,True,False,True,,1,48.0,postgrad,weekly,False,1,0,manual,4,2,3,2,1,1,True,42,10.5,16,True,20,44,-24.0,False,b7 b6! g2 c8!,1,False,2,1.0,4.0,0.25,0.0,0.0,1.0,40.0,Strugglers
baseline_non_adopters,baseline_non_adopters,non-adopters,p579,R2,b220260706,False,True,,,2026-08-20T14:13:39.508100+00:00,,,3.0,True,False,True,,1,48.0,postgrad,weekly,False,1,0,manual,2,1,2,1,1,1,True,14,7.0,5,True,31,33,-2.0,False,g7 h2!,1,False,2,1.0,4.0,0.25,0.0,0.0,1.0,40.0,Strugglers
baseline_non_adopters,baseline_non_adopters,non-adopters,p579,R3,bg20260726,False,True,,,2026-08-20T14:13:39.508100+00:00,,,3.0,True,False,True,,1,48.0,postgrad,weekly,False,1,0,manual,2,0,2,0,0,0,False,26,13.0,3,True,21,43,-22.0,False,h7! g7!,1,False,2,1.0,4.0,0.25,0.0,0.0,1.0,40.0,Strugglers
baseline_non_adopters,baseline_non_adopters,non-adopters,p607,R1,oc20260727,False,False,,,2026-08-20T13:27:23.811911+00:00,,,2.667,True,False,True,,1,51.0,bachelors,few_times_week,False,2,0,manual,2,0,2,0,0,0,False,54,27.0,17,True,14,50,-36.0,False,a7! c8!,1,False,2,5.0,6.0,0.833,1.0,1.0,2.0,14.0,Solvers
baseline_non_adopters,baseline_non_adopters,non-adopters,p607,R2,b220260706,False,True,,,2026-08-20T13:27:23.811911+00:00,,,2.667,True,False,True,,1,51.0,bachelors,few_times_week,False,2,0,manual,3,2,3,2,2,2,True,14,4.7,10,True,31,33,-2.0,False,g7 h1 h2!,1,False,2,5.0,6.0,0.833,1.0,1.0,2.0,14.0,Solvers
baseline_non_adopters,baseline_non_adopters,non-adopters,p607,R3,bg20260726,False,True,,,2026-08-20T13:27:23.811911+00:00,,,2.667,True,False,True,,1,51.0,bachelors,few_times_week,False,2,0,manual,3,3,3,3,3,3,True,0,0.0,11,True,34,30,4.0,True,b2 g8 h7,1,True,2,5.0,6.0,0.833,1.0,1.0,2.0,14.0,Solvers
baseline_non_adopters,baseline_non_adopters,non-adopters,p681,R1,oc20260727,False,False,,,2026-08-20T14:07:43.796776+00:00,,,1.667,True,False,True,,dont_know,39.0,bachelors,daily,True,1,0,manual,3,2,3,2,1,1,True,38,12.7,22,True,22,42,-20.0,False,b7 b6! b8,1,False,2,0.0,4.0,0.0,0.0,0.0,0.0,48.0,Strugglers
baseline_non_adopters,baseline_non_adopters,non-adopters,p681,R2,b220260706,False,True,,,2026-08-20T14:07:43.796776+00:00,,,1.667,True,False,True,,dont_know,39.0,bachelors,daily,True,1,0,manual,2,0,2,0,0,0,False,24,12.0,15,True,26,38,-12.0,False,g2! h2!,1,False,2,0.0,4.0,0.0,0.0,0.0,0.0,48.0,Strugglers
baseline_non_adopters,baseline_non_adopters,non-adopters,p681,R3,bg20260726,False,True,,,2026-08-20T14:07:43.796776+00:00,,,1.667,True,False,True,,dont_know,39.0,bachelors,daily,True,1,0,manual,2,0,2,0,0,0,False,24,12.0,27,True,22,42,-20.0,False,g7! g8!,1,False,2,0.0,4.0,0.0,0.0,0.0,0.0,48.0,Strugglers
baseline_non_adopters,baseline_non_adopters,non-adopters,p686,R1,oc20260727,False,False,,,2026-08-20T13:39:39.541448+00:00,,,1.0,True,False,True,,2,33.0,bachelors,few_times_week,False,3,0,manual,4,0,3,0,0,0,False,46,11.5,22,True,18,46,-28.0,False,b6! b7! c8! g2!,1,False,2,2.0,5.0,0.4,0.0,0.0,1.0,44.0,Strugglers
baseline_non_adopters,baseline_non_adopters,non-adopters,p686,R2,b220260706,False,True,,,2026-08-20T13:39:39.541448+00:00,,,1.0,True,False,True,,2,33.0,bachelors,few_times_week,False,3,0,manual,2,0,2,0,0,0,False,30,15.0,9,True,23,41,-18.0,False,g1! g2!,1,False,2,2.0,5.0,0.4,0.0,0.0,1.0,44.0,Strugglers
baseline_non_adopters,baseline_non_adopters,non-adopters,p686,R3,bg20260726,False,True,,,2026-08-20T13:39:39.541448+00:00,,,1.0,True,False,True,,2,33.0,bachelors,few_times_week,False,3,0,manual,3,2,3,2,1,1,True,14,4.7,16,True,27,37,-10.0,False,b2 g7! h7,1,False,2,2.0,5.0,0.4,0.0,0.0,1.0,44.0,Strugglers
baseline_non_adopters,baseline_non_adopters,non-adopters,p701,R1,oc20260727,False,False,,,2026-08-20T13:38:43.701895+00:00,,,1.667,True,False,True,,3,49.0,bachelors,few_times_week,False,2,0,manual,3,1,3,1,0,0,False,38,12.7,23,True,22,42,-20.0,False,g2! b8! b6,1,False,2,0.0,4.0,0.0,0.0,0.0,0.0,48.0,Strugglers
baseline_non_adopters,baseline_non_adopters,non-adopters,p701,R2,b220260706,False,True,,,2026-08-20T13:38:43.701895+00:00,,,1.667,True,False,True,,3,49.0,bachelors,few_times_week,False,2,0,manual,2,0,2,0,0,0,False,24,12.0,7,True,26,38,-12.0,False,g2! h2!,1,False,2,0.0,4.0,0.0,0.0,0.0,0.0,48.0,Strugglers
baseline_non_adopters,baseline_non_adopters,non-adopters,p701,R3,bg20260726,False,True,,,2026-08-20T13:38:43.701895+00:00,,,1.667,True,False,True,,3,49.0,bachelors,few_times_week,False,2,0,manual,2,0,2,0,0,0,False,24,12.0,4,True,22,42,-20.0,False,g7! g8!,1,False,2,0.0,4.0,0.0,0.0,0.0,0.0,48.0,Strugglers
baseline_non_adopters,baseline_non_adopters,non-adopters,p714,R1,oc20260727,False,False,,,2026-08-20T13:02:31.619171+00:00,,,2.333,True,False,True,,3,66.0,bachelors,few_times_month,False,2,0,manual,3,1,3,1,0,0,False,36,12.0,14,True,23,41,-18.0,False,g2! b7 c8!,1,False,2,1.0,4.0,0.25,0.0,0.0,0.0,38.0,Strugglers
baseline_non_adopters,baseline_non_adopters,non-adopters,p714,R2,b220260706,False,True,,,2026-08-20T13:02:31.619171+00:00,,,2.333,True,False,True,,3,66.0,bachelors,few_times_month,False,2,0,manual,2,1,2,1,0,0,False,16,8.0,9,True,30,34,-4.0,False,g2! g7,1,False,2,1.0,4.0,0.25,0.0,0.0,0.0,38.0,Strugglers
baseline_non_adopters,baseline_non_adopters,non-adopters,p714,R3,bg20260726,False,True,,,2026-08-20T13:02:31.619171+00:00,,,2.333,True,False,True,,3,66.0,bachelors,few_times_month,False,2,0,manual,2,0,2,0,0,0,False,22,11.0,6,True,23,41,-18.0,False,g7! h7!,1,False,2,1.0,4.0,0.25,0.0,0.0,0.0,38.0,Strugglers
baseline_non_adopters,baseline_non_adopters,non-adopters,p73,R1,oc20260727,False,False,,,2026-08-20T13:31:31.515132+00:00,,,1.333,True,False,True,,1,36.0,some_college,less_than_monthly,False,1,0,manual,5,4,3,2,0,0,False,32,6.4,26,True,25,39,-14.0,False,b6! g2 b7 c8 a8,1,False,2,0.0,4.0,0.0,0.0,0.0,0.0,54.0,Strugglers
baseline_non_adopters,baseline_non_adopters,non-adopters,p73,R2,b220260706,False,True,,,2026-08-20T13:31:31.515132+00:00,,,1.333,True,False,True,,1,36.0,some_college,less_than_monthly,False,1,0,manual,2,0,2,0,0,0,False,30,15.0,6,True,23,41,-18.0,False,g1! g2!,1,False,2,0.0,4.0,0.0,0.0,0.0,0.0,54.0,Strugglers
baseline_non_adopters,baseline_non_adopters,non-adopters,p73,R3,bg20260726,False,True,,,2026-08-20T13:31:31.515132+00:00,,,1.333,True,False,True,,1,36.0,some_college,less_than_monthly,False,1,0,manual,2,0,2,0,0,0,False,24,12.0,7,True,22,42,-20.0,False,g7! g8!,1,False,2,0.0,4.0,0.0,0.0,0.0,0.0,54.0,Strugglers
baseline_non_adopters,baseline_non_adopters,non-adopters,p764,R1,oc20260727,False,False,,,2026-08-20T14:02:21.448994+00:00,,,3.0,True,False,True,,dont_know,32.0,some_college,few_times_month,False,3,0,manual,3,1,3,1,0,0,False,42,14.0,23,True,20,44,-24.0,False,c8! a7 b6!,1,False,2,1.0,4.0,0.25,0.0,0.0,0.0,38.0,Strugglers
baseline_non_adopters,baseline_non_adopters,non-adopters,p764,R2,b220260706,False,True,,,2026-08-20T14:02:21.448994+00:00,,,3.0,True,False,True,,dont_know,32.0,some_college,few_times_month,False,3,0,manual,2,1,2,1,0,0,False,16,8.0,6,True,30,34,-4.0,False,g2! g7,1,False,2,1.0,4.0,0.25,0.0,0.0,0.0,38.0,Strugglers
baseline_non_adopters,baseline_non_adopters,non-adopters,p764,R3,bg20260726,False,True,,,2026-08-20T14:02:21.448994+00:00,,,3.0,True,False,True,,dont_know,32.0,some_college,few_times_month,False,3,0,manual,2,0,2,0,0,0,False,22,11.0,6,True,23,41,-18.0,False,g7! h7!,1,False,2,1.0,4.0,0.25,0.0,0.0,0.0,38.0,Strugglers
baseline_non_adopters,baseline_non_adopters,non-adopters,p766,R1,oc20260727,False,False,,,2026-08-20T14:01:04.952877+00:00,,,3.0,True,False,True,,2,61.0,bachelors,few_times_month,False,2,0,manual,3,0,3,0,0,0,False,58,19.3,9,True,12,52,-40.0,False,b8! a7! c8!,1,False,2,3.0,5.0,0.6,0.0,0.0,2.0,26.0,Solvers
baseline_non_adopters,baseline_non_adopters,non-adopters,p766,R2,b220260706,False,True,,,2026-08-20T14:01:04.952877+00:00,,,3.0,True,False,True,,2,61.0,bachelors,few_times_month,False,2,0,manual,2,1,2,1,1,1,True,12,6.0,6,True,32,32,0.0,False,g7 g2!,1,False,2,3.0,5.0,0.6,0.0,0.0,2.0,26.0,Solvers
baseline_non_adopters,baseline_non_adopters,non-adopters,p766,R3,bg20260726,False,True,,,2026-08-20T14:01:04.952877+00:00,,,3.0,True,False,True,,2,61.0,bachelors,few_times_month,False,2,0,manual,3,2,3,2,1,1,True,14,4.7,8,True,27,37,-10.0,False,b2 g7! h7,1,False,2,3.0,5.0,0.6,0.0,0.0,2.0,26.0,Solvers
baseline_non_adopters,baseline_non_adopters,non-adopters,p771,R1,oc20260727,False,False,,,2026-08-20T13:54:29.523605+00:00,,,3.0,True,False,True,,dont_know,33.0,bachelors,few_times_month,True,3,0,manual,4,2,3,2,2,2,True,28,7.0,36,True,27,37,-10.0,False,b7 c8 g2! b6!,1,False,2,3.0,5.0,0.6,1.0,1.0,1.0,24.0,Solvers
baseline_non_adopters,baseline_non_adopters,non-adopters,p771,R2,b220260706,False,True,,,2026-08-20T13:54:29.523605+00:00,,,3.0,True,False,True,,dont_know,33.0,bachelors,few_times_month,True,3,0,manual,2,0,2,0,0,0,False,24,12.0,12,True,26,38,-12.0,False,g2! h2!,1,False,2,3.0,5.0,0.6,1.0,1.0,1.0,24.0,Solvers
baseline_non_adopters,baseline_non_adopters,non-adopters,p771,R3,bg20260726,False,True,,,2026-08-20T13:54:29.523605+00:00,,,3.0,True,False,True,,dont_know,33.0,bachelors,few_times_month,True,3,0,manual,3,3,3,3,3,3,True,0,0.0,13,True,34,30,4.0,True,b2 g8 h7,1,True,2,3.0,5.0,0.6,1.0,1.0,1.0,24.0,Solvers
baseline_non_adopters,baseline_non_adopters,non-adopters,p774,R1,oc20260727,False,False,,,2026-08-20T14:14:02.668994+00:00,,,1.667,True,False,True,,2,36.0,bachelors,weekly,False,1,0,manual,4,2,3,2,0,0,False,40,10.0,14,True,21,43,-22.0,False,g2! b6 b7 a7!,1,False,2,2.0,4.0,0.5,0.0,0.0,1.0,28.0,Strugglers
baseline_non_adopters,baseline_non_adopters,non-adopters,p774,R2,b220260706,False,True,,,2026-08-20T14:14:02.668994+00:00,,,1.667,True,False,True,,2,36.0,bachelors,weekly,False,1,0,manual,2,1,2,1,1,1,True,12,6.0,10,True,32,32,0.0,False,g7 g2!,1,False,2,2.0,4.0,0.5,0.0,0.0,1.0,28.0,Strugglers
baseline_non_adopters,baseline_non_adopters,non-adopters,p774,R3,bg20260726,False,True,,,2026-08-20T14:14:02.668994+00:00,,,1.667,True,False,True,,2,36.0,bachelors,weekly,False,1,0,manual,2,1,2,1,0,0,False,16,8.0,3,True,26,38,-12.0,False,g7! b2,1,False,2,2.0,4.0,0.5,0.0,0.0,1.0,28.0,Strugglers
baseline_non_adopters,baseline_non_adopters,non-adopters,p781,R1,oc20260727,False,False,,,2026-08-20T13:59:28.510381+00:00,,,3.0,True,False,True,,1,37.0,bachelors,several_times_day,False,2,0,manual,4,2,3,2,0,0,False,38,9.5,18,True,22,42,-20.0,False,g2! b7 b6 a8!,1,False,2,1.0,4.0,0.25,0.0,0.0,0.0,28.0,Strugglers
baseline_non_adopters,baseline_non_adopters,non-adopters,p781,R2,b220260706,False,True,,,2026-08-20T13:59:28.510381+00:00,,,3.0,True,False,True,,1,37.0,bachelors,several_times_day,False,2,0,manual,2,1,2,1,0,0,False,14,7.0,5,True,31,33,-2.0,False,g1! g7,1,False,2,1.0,4.0,0.25,0.0,0.0,0.0,28.0,Strugglers
baseline_non_adopters,baseline_non_adopters,non-adopters,p781,R3,bg20260726,False,True,,,2026-08-20T13:59:28.510381+00:00,,,3.0,True,False,True,,1,37.0,bachelors,several_times_day,False,2,0,manual,2,0,2,0,0,0,False,14,7.0,4,True,27,37,-10.0,False,g8! h7!,1,False,2,1.0,4.0,0.25,0.0,0.0,0.0,28.0,Strugglers
baseline_non_adopters,baseline_non_adopters,non-adopters,p79,R1,oc20260727,False,False,,,2026-08-20T14:56:35.040078+00:00,,,1.333,True,False,True,,dont_know,34.0,postgrad,about_monthly,False,2,0,manual,3,1,3,1,0,0,False,36,12.0,6,True,23,41,-18.0,False,g2! b7 c8!,1,False,2,2.0,4.0,0.5,0.0,0.0,0.0,22.0,Strugglers
baseline_non_adopters,baseline_non_adopters,non-adopters,p79,R2,b220260706,False,True,,,2026-08-20T14:56:35.040078+00:00,,,1.333,True,False,True,,dont_know,34.0,postgrad,about_monthly,False,2,0,manual,2,1,2,1,0,0,False,14,7.0,2,True,31,33,-2.0,False,g1! g7,1,False,2,2.0,4.0,0.5,0.0,0.0,0.0,22.0,Strugglers
baseline_non_adopters,baseline_non_adopters,non-adopters,p79,R3,bg20260726,False,True,,,2026-08-20T14:56:35.040078+00:00,,,1.333,True,False,True,,dont_know,34.0,postgrad,about_monthly,False,2,0,manual,2,1,2,1,0,0,False,8,4.0,2,True,30,34,-4.0,False,g8! g7,1,False,2,2.0,4.0,0.5,0.0,0.0,0.0,22.0,Strugglers
baseline_non_adopters,baseline_non_adopters,non-adopters,p849,R1,oc20260727,False,False,,,2026-08-20T12:19:10.153676+00:00,,,2.0,True,False,True,,3,36.0,some_college,never,False,2,0,manual,4,2,3,2,0,0,False,40,10.0,7,True,21,43,-22.0,False,g2! b7 b6 a7!,1,False,2,4.0,6.0,0.667,0.0,0.0,2.0,24.0,Solvers
baseline_non_adopters,baseline_non_adopters,non-adopters,p849,R2,b220260706,False,True,,,2026-08-20T12:19:10.153676+00:00,,,2.0,True,False,True,,3,36.0,some_college,never,False,2,0,manual,3,2,3,2,2,2,True,14,4.7,10,True,31,33,-2.0,False,g7 h1 h2!,1,False,2,4.0,6.0,0.667,0.0,0.0,2.0,24.0,Solvers
baseline_non_adopters,baseline_non_adopters,non-adopters,p849,R3,bg20260726,False,True,,,2026-08-20T12:19:10.153676+00:00,,,2.0,True,False,True,,3,36.0,some_college,never,False,2,0,manual,3,2,3,2,1,1,True,10,3.3,13,True,29,35,-6.0,False,b2 h7! g8,1,False,2,4.0,6.0,0.667,0.0,0.0,2.0,24.0,Solvers
baseline_non_adopters,baseline_non_adopters,non-adopters,p85,R1,oc20260727,False,False,,,2026-08-20T11:00:59.102830+00:00,,,2.333,True,False,True,,dont_know,19.0,hs_graduate,daily,False,1,0,manual,2,0,2,0,0,0,False,54,27.0,6,True,14,50,-36.0,False,a7! c8!,1,False,2,0.0,4.0,0.0,0.0,0.0,0.0,38.0,Strugglers
baseline_non_adopters,baseline_non_adopters,non-adopters,p85,R2,b220260706,False,True,,,2026-08-20T11:00:59.102830+00:00,,,2.333,True,False,True,,dont_know,19.0,hs_graduate,daily,False,1,0,manual,2,0,2,0,0,0,False,24,12.0,2,True,26,38,-12.0,False,g2! h2!,1,False,2,0.0,4.0,0.0,0.0,0.0,0.0,38.0,Strugglers
baseline_non_adopters,baseline_non_adopters,non-adopters,p85,R3,bg20260726,False,True,,,2026-08-20T11:00:59.102830+00:00,,,2.333,True,False,True,,dont_know,19.0,hs_graduate,daily,False,1,0,manual,2,0,2,0,0,0,False,14,7.0,1,True,27,37,-10.0,False,g8! h7!,1,False,2,0.0,4.0,0.0,0.0,0.0,0.0,38.0,Strugglers
baseline_non_adopters,baseline_non_adopters,non-adopters,p96,R1,oc20260727,False,False,,,2026-08-20T13:31:03.512065+00:00,,,3.333,True,False,True,,dont_know,35.0,bachelors,daily,False,2,0,manual,4,2,3,1,1,1,True,38,9.5,29,True,22,42,-20.0,False,b7 g2! b6! b8,1,False,2,1.0,4.0,0.25,0.0,0.0,0.0,30.0,Strugglers
baseline_non_adopters,baseline_non_adopters,non-adopters,p96,R2,b220260706,False,True,,,2026-08-20T13:31:03.512065+00:00,,,3.333,True,False,True,,dont_know,35.0,bachelors,daily,False,2,0,manual,2,1,2,1,0,0,False,16,8.0,14,True,30,34,-4.0,False,g2! g7,1,False,2,1.0,4.0,0.25,0.0,0.0,0.0,30.0,Strugglers
baseline_non_adopters,baseline_non_adopters,non-adopters,p96,R3,bg20260726,False,True,,,2026-08-20T13:31:03.512065+00:00,,,3.333,True,False,True,,dont_know,35.0,bachelors,daily,False,2,0,manual,2,0,2,0,0,0,False,14,7.0,12,True,27,37,-10.0,False,g8! h7!,1,False,2,1.0,4.0,0.25,0.0,0.0,0.0,30.0,Strugglers
vanilla_non_adopters,vanilla_non_adopters,non-adopters,p102,R1,oc20260727,True,False,,,,,carried over from phase 1,,True,True,False,,4,,,,True,3,5,manual,4,1,3,1,1,1,True,40,10.0,153,True,21,43,-22.0,False,b7 g2! b6! c8!,1,False,2,1.0,4.0,0.25,0.0,0.0,0.0,38.0,Strugglers
vanilla_non_adopters,vanilla_non_adopters,non-adopters,p102,R2,b220260706,False,True,,,,,carried over from phase 1,,True,True,False,,4,,,,True,3,0,manual,2,0,2,0,0,0,False,30,15.0,11,True,23,41,-18.0,False,g1! g2!,1,False,2,1.0,4.0,0.25,0.0,0.0,0.0,38.0,Strugglers
vanilla_non_adopters,vanilla_non_adopters,non-adopters,p102,R3,bg20260726,False,True,,,,,carried over from phase 1,,True,True,False,,4,,,,True,3,0,manual,2,1,2,1,0,0,False,8,4.0,8,True,30,34,-4.0,False,g8! g7,1,False,2,1.0,4.0,0.25,0.0,0.0,0.0,38.0,Strugglers
vanilla_non_adopters,vanilla_non_adopters,non-adopters,p103,R1,oc20260727,True,False,,,2026-08-18T19:20:02.118958+00:00,,mean,1.667,True,False,True,,1,30.0,hs_graduate,few_times_month,False,1,5,manual,5,3,3,2,0,0,False,40,8.0,69,True,21,43,-22.0,False,g2! b6 b7 c8 a7!,1,False,2,2.0,5.0,0.4,0.0,0.0,1.0,38.0,Strugglers
vanilla_non_adopters,vanilla_non_adopters,non-adopters,p103,R2,b220260706,False,True,,,2026-08-18T19:20:02.118958+00:00,,mean,1.667,True,False,True,,1,30.0,hs_graduate,few_times_month,False,1,0,manual,2,1,2,1,0,0,False,16,8.0,21,True,30,34,-4.0,False,g2! g7,1,False,2,2.0,5.0,0.4,0.0,0.0,1.0,38.0,Strugglers
vanilla_non_adopters,vanilla_non_adopters,non-adopters,p103,R3,bg20260726,False,True,,,2026-08-18T19:20:02.118958+00:00,,mean,1.667,True,False,True,,1,30.0,hs_graduate,few_times_month,False,1,0,manual,3,1,3,1,1,1,True,22,7.3,16,True,23,41,-18.0,False,b2 g7! h8!,1,False,2,2.0,5.0,0.4,0.0,0.0,1.0,38.0,Strugglers
vanilla_non_adopters,vanilla_non_adopters,non-adopters,p112,R1,oc20260727,True,False,,,2026-08-18T16:28:23.497756+00:00,,mean,2.667,True,False,True,,1,32.0,bachelors,daily,True,1,5,manual,5,4,3,3,5,3,True,16,3.2,266,True,33,31,2.0,True,b7 c8 a7 a3 g2!,1,False,2,1.0,4.0,0.25,0.0,0.0,0.0,36.0,Strugglers
vanilla_non_adopters,vanilla_non_adopters,non-adopters,p112,R2,b220260706,False,True,,,2026-08-18T16:28:23.497756+00:00,,mean,2.667,True,False,True,,1,32.0,bachelors,daily,True,1,0,manual,2,1,2,1,0,0,False,14,7.0,4,True,31,33,-2.0,False,g1! g7,1,False,2,1.0,4.0,0.25,0.0,0.0,0.0,36.0,Strugglers
vanilla_non_adopters,vanilla_non_adopters,non-adopters,p112,R3,bg20260726,False,True,,,2026-08-18T16:28:23.497756+00:00,,mean,2.667,True,False,True,,1,32.0,bachelors,daily,True,1,0,manual,2,0,2,0,0,0,False,22,11.0,2,True,23,41,-18.0,False,g7! h7!,1,False,2,1.0,4.0,0.25,0.0,0.0,0.0,36.0,Strugglers
vanilla_non_adopters,vanilla_non_adopters,non-adopters,p115,R1,oc20260727,True,False,,,,,mean,3.0,False,False,False,,1,,,,True,2,5,manual,6,6,3,3,6,3,True,0,0.0,155,True,41,23,18.0,True,b7 c8 a7 a3 a1 h1,1,True,2,2.0,5.0,0.4,0.0,0.0,0.0,40.0,Strugglers
vanilla_non_adopters,vanilla_non_adopters,non-adopters,p115,R2,b220260706,False,True,,,,,mean,3.0,False,False,False,,1,,,,True,2,0,manual,2,0,2,0,0,0,False,24,12.0,8,True,26,38,-12.0,False,g2! h2!,1,False,2,2.0,5.0,0.4,0.0,0.0,0.0,40.0,Strugglers
vanilla_non_adopters,vanilla_non_adopters,non-adopters,p115,R3,bg20260726,False,True,,,,,mean,3.0,False,False,False,,1,,,,True,2,0,manual,3,2,3,2,0,0,False,16,5.3,21,True,26,38,-12.0,False,h7! b2 g8,1,False,2,2.0,5.0,0.4,0.0,0.0,0.0,40.0,Strugglers
vanilla_non_adopters,vanilla_non_adopters,non-adopters,p140,R1,oc20260727,True,False,,,2026-08-19T11:10:39.475568+00:00,,mean,2.667,True,False,True,,1,23.0,postgrad,about_monthly,False,3,5,manual,4,2,3,2,0,0,False,40,10.0,67,True,21,43,-22.0,False,g2! b6 b7 a7!,1,False,2,6.0,6.0,1.0,2.0,2.0,2.0,0.0,Solvers
vanilla_non_adopters,vanilla_non_adopters,non-adopters,p140,R2,b220260706,False,True,,,2026-08-19T11:10:39.475568+00:00,,mean,2.667,True,False,True,,1,23.0,postgrad,about_monthly,False,3,0,manual,3,3,3,3,3,3,True,0,0.0,10,True,38,26,12.0,True,g7 h1 g2,1,True,2,6.0,6.0,1.0,2.0,2.0,2.0,0.0,Solvers
vanilla_non_adopters,vanilla_non_adopters,non-adopters,p140,R3,bg20260726,False,True,,,2026-08-19T11:10:39.475568+00:00,,mean,2.667,True,False,True,,1,23.0,postgrad,about_monthly,False,3,0,manual,3,3,3,3,3,3,True,0,0.0,5,True,34,30,4.0,True,b2 g8 h7,1,True,2,6.0,6.0,1.0,2.0,2.0,2.0,0.0,Solvers
vanilla_non_adopters,vanilla_non_adopters,non-adopters,p200,R1,oc20260727,True,False,,,2026-08-18T22:15:09.845071+00:00,,mean,1.667,True,False,True,,1,34.0,postgrad,about_monthly,False,3,6,manual,5,4,3,2,0,0,False,32,6.4,133,True,25,39,-14.0,False,g2! b6 b7 c8 a8,1,False,2,2.0,5.0,0.4,0.0,0.0,1.0,44.0,Strugglers
vanilla_non_adopters,vanilla_non_adopters,non-adopters,p200,R2,b220260706,False,True,,,2026-08-18T22:15:09.845071+00:00,,mean,1.667,True,False,True,,1,34.0,postgrad,about_monthly,False,3,0,manual,2,0,2,0,0,0,False,30,15.0,3,True,23,41,-18.0,False,g1! g2!,1,False,2,2.0,5.0,0.4,0.0,0.0,1.0,44.0,Strugglers
vanilla_non_adopters,vanilla_non_adopters,non-adopters,p200,R3,bg20260726,False,True,,,2026-08-18T22:15:09.845071+00:00,,mean,1.667,True,False,True,,1,34.0,postgrad,about_monthly,False,3,0,manual,3,2,3,2,1,1,True,14,4.7,11,True,27,37,-10.0,False,b2 g7! h7,1,False,2,2.0,5.0,0.4,0.0,0.0,1.0,44.0,Strugglers
vanilla_non_adopters,vanilla_non_adopters,non-adopters,p225,R1,oc20260727,True,False,,,2026-08-19T11:35:32.197748+00:00,,mean,2.0,True,False,True,,2,44.0,postgrad,few_times_month,False,1,7,manual,6,6,3,3,6,3,True,0,0.0,182,True,41,23,18.0,True,b7 c8 a7 a3 a1 h1,1,True,2,1.0,4.0,0.25,0.0,0.0,0.0,40.0,Strugglers
vanilla_non_adopters,vanilla_non_adopters,non-adopters,p225,R2,b220260706,False,True,,,2026-08-19T11:35:32.197748+00:00,,mean,2.0,True,False,True,,2,44.0,postgrad,few_times_month,False,1,0,manual,2,1,2,1,0,0,False,16,8.0,3,True,30,34,-4.0,False,g2! g7,1,False,2,1.0,4.0,0.25,0.0,0.0,0.0,40.0,Strugglers
vanilla_non_adopters,vanilla_non_adopters,non-adopters,p225,R3,bg20260726,False,True,,,2026-08-19T11:35:32.197748+00:00,,mean,2.0,True,False,True,,2,44.0,postgrad,few_times_month,False,1,0,manual,2,0,2,0,0,0,False,24,12.0,2,True,22,42,-20.0,False,g7! g8!,1,False,2,1.0,4.0,0.25,0.0,0.0,0.0,40.0,Strugglers
vanilla_non_adopters,vanilla_non_adopters,non-adopters,p239,R1,oc20260727,True,False,,,,,carried over from phase 1,,True,True,False,,5,,,,False,2,5,manual,5,3,3,2,4,3,True,26,5.2,43,True,28,36,-8.0,False,b7 a7! b6 c8 g2!,1,False,2,0.0,4.0,0.0,0.0,0.0,0.0,54.0,Strugglers
vanilla_non_adopters,vanilla_non_adopters,non-adopters,p239,R2,b220260706,False,True,,,,,carried over from phase 1,,True,True,False,,5,,,,False,2,0,manual,2,0,2,0,0,0,False,30,15.0,3,True,23,41,-18.0,False,g1! g2!,1,False,2,0.0,4.0,0.0,0.0,0.0,0.0,54.0,Strugglers
vanilla_non_adopters,vanilla_non_adopters,non-adopters,p239,R3,bg20260726,False,True,,,,,carried over from phase 1,,True,True,False,,5,,,,False,2,0,manual,2,0,2,0,0,0,False,24,12.0,2,True,22,42,-20.0,False,g7! g8!,1,False,2,0.0,4.0,0.0,0.0,0.0,0.0,54.0,Strugglers
vanilla_non_adopters,vanilla_non_adopters,non-adopters,p343,R1,oc20260727,True,False,,,2026-08-18T19:00:22.560704+00:00,,mean,1.0,True,False,True,,dont_know,70.0,less_than_hs,less_than_monthly,False,2,5,manual,4,2,3,2,1,1,True,36,9.0,35,True,23,41,-18.0,False,b7 g2! c8 b6!,1,False,2,3.0,6.0,0.5,0.0,0.0,2.0,36.0,Strugglers
vanilla_non_adopters,vanilla_non_adopters,non-adopters,p343,R2,b220260706,False,True,,,2026-08-18T19:00:22.560704+00:00,,mean,1.0,True,False,True,,dont_know,70.0,less_than_hs,less_than_monthly,False,2,0,manual,3,2,3,2,2,2,True,14,4.7,9,True,31,33,-2.0,False,g7 h1 h2!,1,False,2,3.0,6.0,0.5,0.0,0.0,2.0,36.0,Strugglers
vanilla_non_adopters,vanilla_non_adopters,non-adopters,p343,R3,bg20260726,False,True,,,2026-08-18T19:00:22.560704+00:00,,mean,1.0,True,False,True,,dont_know,70.0,less_than_hs,less_than_monthly,False,2,0,manual,3,1,3,1,1,1,True,22,7.3,7,True,23,41,-18.0,False,b2 g7! h8!,1,False,2,3.0,6.0,0.5,0.0,0.0,2.0,36.0,Strugglers
vanilla_non_adopters,vanilla_non_adopters,non-adopters,p388,R1,oc20260727,True,False,,,2026-08-18T21:28:25.809834+00:00,,carried over from phase 1,2.0,True,True,True,,2,63.0,some_college,few_times_month,True,2,5,manual,3,2,3,2,2,2,True,38,12.7,330,True,22,42,-20.0,False,b7 c8 b6!,1,False,2,1.0,5.0,0.2,0.0,0.0,1.0,52.0,Strugglers
vanilla_non_adopters,vanilla_non_adopters,non-adopters,p388,R2,b220260706,False,True,,,2026-08-18T21:28:25.809834+00:00,,carried over from phase 1,2.0,True,True,True,,2,63.0,some_college,few_times_month,True,2,0,manual,2,0,2,0,0,0,False,30,15.0,6,True,23,41,-18.0,False,g1! g2!,1,False,2,1.0,5.0,0.2,0.0,0.0,1.0,52.0,Strugglers
vanilla_non_adopters,vanilla_non_adopters,non-adopters,p388,R3,bg20260726,False,True,,,2026-08-18T21:28:25.809834+00:00,,carried over from phase 1,2.0,True,True,True,,2,63.0,some_college,few_times_month,True,2,0,manual,3,1,3,1,1,1,True,22,7.3,16,True,23,41,-18.0,False,b2 g7! h8!,1,False,2,1.0,5.0,0.2,0.0,0.0,1.0,52.0,Strugglers
vanilla_non_adopters,vanilla_non_adopters,non-adopters,p438,R1,oc20260727,True,False,,,,,carried over from phase 1,,True,True,False,,5,,,,False,3,5,manual,4,2,3,2,0,0,False,40,10.0,44,True,21,43,-22.0,False,b6! g2 b7 a7!,1,False,2,2.0,5.0,0.4,0.0,0.0,1.0,38.0,Strugglers
vanilla_non_adopters,vanilla_non_adopters,non-adopters,p438,R2,b220260706,False,True,,,,,carried over from phase 1,,True,True,False,,5,,,,False,3,0,manual,2,1,2,1,0,0,False,16,8.0,3,True,30,34,-4.0,False,g2! g7,1,False,2,2.0,5.0,0.4,0.0,0.0,1.0,38.0,Strugglers
vanilla_non_adopters,vanilla_non_adopters,non-adopters,p438,R3,bg20260726,False,True,,,,,carried over from phase 1,,True,True,False,,5,,,,False,3,0,manual,3,1,3,1,1,1,True,22,7.3,19,True,23,41,-18.0,False,b2 g7! h8!,1,False,2,2.0,5.0,0.4,0.0,0.0,1.0,38.0,Strugglers
vanilla_non_adopters,vanilla_non_adopters,non-adopters,p442,R1,oc20260727,True,False,,,2026-08-18T16:43:33.838918+00:00,,mean,1.0,True,False,True,,1,64.0,associate,few_times_month,False,1,6,manual,4,3,3,2,1,1,True,38,9.5,111,True,22,42,-20.0,False,b7 b6! g2 b8,1,False,2,3.0,5.0,0.6,0.0,0.0,1.0,28.0,Solvers
vanilla_non_adopters,vanilla_non_adopters,non-adopters,p442,R2,b220260706,False,True,,,2026-08-18T16:43:33.838918+00:00,,mean,1.0,True,False,True,,1,64.0,associate,few_times_month,False,1,0,manual,2,1,2,1,0,0,False,14,7.0,7,True,31,33,-2.0,False,g1! g7,1,False,2,3.0,5.0,0.6,0.0,0.0,1.0,28.0,Solvers
vanilla_non_adopters,vanilla_non_adopters,non-adopters,p442,R3,bg20260726,False,True,,,2026-08-18T16:43:33.838918+00:00,,mean,1.0,True,False,True,,1,64.0,associate,few_times_month,False,1,0,manual,3,2,3,2,1,1,True,14,4.7,9,True,27,37,-10.0,False,b2 g7! h7,1,False,2,3.0,5.0,0.6,0.0,0.0,1.0,28.0,Solvers
vanilla_non_adopters,vanilla_non_adopters,non-adopters,p456,R1,oc20260727,True,False,,,2026-08-19T11:01:46.538647+00:00,,mean,2.0,True,False,True,,1,56.0,associate,never,False,2,5,manual,5,4,3,2,5,3,True,2,0.4,243,True,40,24,16.0,True,b7 a7! a1 h1 b6,1,False,2,2.0,4.0,0.5,0.0,0.0,0.0,22.0,Strugglers
vanilla_non_adopters,vanilla_non_adopters,non-adopters,p456,R2,b220260706,False,True,,,2026-08-19T11:01:46.538647+00:00,,mean,2.0,True,False,True,,1,56.0,associate,never,False,2,0,manual,2,1,2,1,0,0,False,14,7.0,11,True,31,33,-2.0,False,g1! g7,1,False,2,2.0,4.0,0.5,0.0,0.0,0.0,22.0,Strugglers
vanilla_non_adopters,vanilla_non_adopters,non-adopters,p456,R3,bg20260726,False,True,,,2026-08-19T11:01:46.538647+00:00,,mean,2.0,True,False,True,,1,56.0,associate,never,False,2,0,manual,2,1,2,1,0,0,False,8,4.0,13,True,30,34,-4.0,False,g8! g7,1,False,2,2.0,4.0,0.5,0.0,0.0,0.0,22.0,Strugglers
vanilla_non_adopters,vanilla_non_adopters,non-adopters,p464,R1,oc20260727,True,False,,,2026-08-18T17:24:32.072396+00:00,,mean,1.667,True,False,True,,3,26.0,bachelors,daily,False,2,5,manual,5,4,3,3,5,3,True,16,3.2,126,True,33,31,2.0,True,b7 c8 a7 a3 g2!,1,False,2,1.0,4.0,0.25,0.0,0.0,0.0,40.0,Strugglers
vanilla_non_adopters,vanilla_non_adopters,non-adopters,p464,R2,b220260706,False,True,,,2026-08-18T17:24:32.072396+00:00,,mean,1.667,True,False,True,,3,26.0,bachelors,daily,False,2,0,manual,2,1,2,1,0,0,False,16,8.0,3,True,30,34,-4.0,False,g2! g7,1,False,2,1.0,4.0,0.25,0.0,0.0,0.0,40.0,Strugglers
vanilla_non_adopters,vanilla_non_adopters,non-adopters,p464,R3,bg20260726,False,True,,,2026-08-18T17:24:32.072396+00:00,,mean,1.667,True,False,True,,3,26.0,bachelors,daily,False,2,0,manual,2,0,2,0,0,0,False,24,12.0,5,True,22,42,-20.0,False,g7! g8!,1,False,2,1.0,4.0,0.25,0.0,0.0,0.0,40.0,Strugglers
vanilla_non_adopters,vanilla_non_adopters,non-adopters,p491,R1,oc20260727,True,False,,,,,carried over from phase 1,,True,True,False,,4,,,,False,2,5,manual,4,2,3,2,0,0,False,40,10.0,20,True,21,43,-22.0,False,g2! b6 b7 a7!,1,False,2,0.0,4.0,0.0,0.0,0.0,0.0,46.0,Strugglers
vanilla_non_adopters,vanilla_non_adopters,non-adopters,p491,R2,b220260706,False,True,,,,,carried over from phase 1,,True,True,False,,4,,,,False,2,0,manual,2,0,2,0,0,0,False,24,12.0,5,True,26,38,-12.0,False,g2! h2!,1,False,2,0.0,4.0,0.0,0.0,0.0,0.0,46.0,Strugglers
vanilla_non_adopters,vanilla_non_adopters,non-adopters,p491,R3,bg20260726,False,True,,,,,carried over from phase 1,,True,True,False,,4,,,,False,2,0,manual,2,0,2,0,0,0,False,22,11.0,5,True,23,41,-18.0,False,g7! h7!,1,False,2,0.0,4.0,0.0,0.0,0.0,0.0,46.0,Strugglers
vanilla_non_adopters,vanilla_non_adopters,non-adopters,p525,R1,oc20260727,True,False,,,2026-08-18T11:38:27.223125+00:00,,mean,1.667,True,False,True,,2,31.0,bachelors,less_than_monthly,False,2,5,manual,5,3,3,2,0,0,False,40,8.0,132,True,21,43,-22.0,False,g2! b6 b7 c8 a7!,1,False,2,1.0,4.0,0.25,0.0,0.0,0.0,28.0,Strugglers
vanilla_non_adopters,vanilla_non_adopters,non-adopters,p525,R2,b220260706,False,True,,,2026-08-18T11:38:27.223125+00:00,,mean,1.667,True,False,True,,2,31.0,bachelors,less_than_monthly,False,2,0,manual,2,1,2,1,0,0,False,14,7.0,5,True,31,33,-2.0,False,g1! g7,1,False,2,1.0,4.0,0.25,0.0,0.0,0.0,28.0,Strugglers
vanilla_non_adopters,vanilla_non_adopters,non-adopters,p525,R3,bg20260726,False,True,,,2026-08-18T11:38:27.223125+00:00,,mean,1.667,True,False,True,,2,31.0,bachelors,less_than_monthly,False,2,0,manual,2,0,2,0,0,0,False,14,7.0,7,True,27,37,-10.0,False,g8! h7!,1,False,2,1.0,4.0,0.25,0.0,0.0,0.0,28.0,Strugglers
vanilla_non_adopters,vanilla_non_adopters,non-adopters,p550,R1,oc20260727,True,False,,,,,carried over from phase 1,,True,True,False,,5,,,,False,2,6,manual,4,1,3,1,0,0,False,40,10.0,157,True,21,43,-22.0,False,g2! b6 c8! b8!,1,False,2,2.0,5.0,0.4,0.0,0.0,1.0,44.0,Strugglers
vanilla_non_adopters,vanilla_non_adopters,non-adopters,p550,R2,b220260706,False,True,,,,,carried over from phase 1,,True,True,False,,5,,,,False,2,0,manual,2,0,2,0,0,0,False,30,15.0,3,True,23,41,-18.0,False,g1! g2!,1,False,2,2.0,5.0,0.4,0.0,0.0,1.0,44.0,Strugglers
vanilla_non_adopters,vanilla_non_adopters,non-adopters,p550,R3,bg20260726,False,True,,,,,carried over from phase 1,,True,True,False,,5,,,,False,2,0,manual,3,2,3,2,1,1,True,14,4.7,14,True,27,37,-10.0,False,b2 g7! h7,1,False,2,2.0,5.0,0.4,0.0,0.0,1.0,44.0,Strugglers
vanilla_non_adopters,vanilla_non_adopters,non-adopters,p560,R1,oc20260727,True,False,,,2026-08-19T11:51:06.008589+00:00,,mean,2.667,True,False,True,,dont_know,44.0,bachelors,less_than_monthly,True,2,5,manual,4,3,3,3,3,3,True,36,9.0,132,True,23,41,-18.0,False,b7 c8 a7 g2!,1,False,2,1.0,4.0,0.25,0.0,0.0,1.0,38.0,Strugglers
vanilla_non_adopters,vanilla_non_adopters,non-adopters,p560,R2,b220260706,False,True,,,2026-08-19T11:51:06.008589+00:00,,mean,2.667,True,False,True,,dont_know,44.0,bachelors,less_than_monthly,True,2,0,manual,2,1,2,1,1,1,True,12,6.0,7,True,32,32,0.0,False,g7 g2!,1,False,2,1.0,4.0,0.25,0.0,0.0,1.0,38.0,Strugglers
vanilla_non_adopters,vanilla_non_adopters,non-adopters,p560,R3,bg20260726,False,True,,,2026-08-19T11:51:06.008589+00:00,,mean,2.667,True,False,True,,dont_know,44.0,bachelors,less_than_monthly,True,2,0,manual,2,0,2,0,0,0,False,26,13.0,5,True,21,43,-22.0,False,h7! g7!,1,False,2,1.0,4.0,0.25,0.0,0.0,1.0,38.0,Strugglers
vanilla_non_adopters,vanilla_non_adopters,non-adopters,p572,R1,oc20260727,True,False,,,2026-08-18T22:33:33.485603+00:00,,mean,2.667,True,False,True,,2,18.0,hs_graduate,few_times_month,False,1,5,manual,3,1,3,1,0,0,False,38,12.7,94,True,22,42,-20.0,False,b6! c8! a8,1,False,2,4.0,6.0,0.667,1.0,1.0,2.0,22.0,Solvers
vanilla_non_adopters,vanilla_non_adopters,non-adopters,p572,R2,b220260706,False,True,,,2026-08-18T22:33:33.485603+00:00,,mean,2.667,True,False,True,,2,18.0,hs_graduate,few_times_month,False,1,0,manual,3,3,3,3,3,3,True,0,0.0,7,True,38,26,12.0,True,g7 h1 g2,1,True,2,4.0,6.0,0.667,1.0,1.0,2.0,22.0,Solvers
vanilla_non_adopters,vanilla_non_adopters,non-adopters,p572,R3,bg20260726,False,True,,,2026-08-18T22:33:33.485603+00:00,,mean,2.667,True,False,True,,2,18.0,hs_graduate,few_times_month,False,1,0,manual,3,1,3,1,1,1,True,22,7.3,8,True,23,41,-18.0,False,b2 g7! h8!,1,False,2,4.0,6.0,0.667,1.0,1.0,2.0,22.0,Solvers
vanilla_non_adopters,vanilla_non_adopters,non-adopters,p585,R1,oc20260727,True,False,,,2026-08-18T11:34:19.684960+00:00,,mean,2.333,True,False,True,,2,35.0,some_college,daily,False,2,5,manual,5,4,3,2,0,0,False,32,6.4,131,True,25,39,-14.0,False,b6! g2 b7 c8 a8,1,False,2,0.0,4.0,0.0,0.0,0.0,0.0,46.0,Strugglers
vanilla_non_adopters,vanilla_non_adopters,non-adopters,p585,R2,b220260706,False,True,,,2026-08-18T11:34:19.684960+00:00,,mean,2.333,True,False,True,,2,35.0,some_college,daily,False,2,0,manual,2,0,2,0,0,0,False,24,12.0,5,True,26,38,-12.0,False,g2! h2!,1,False,2,0.0,4.0,0.0,0.0,0.0,0.0,46.0,Strugglers
vanilla_non_adopters,vanilla_non_adopters,non-adopters,p585,R3,bg20260726,False,True,,,2026-08-18T11:34:19.684960+00:00,,mean,2.333,True,False,True,,2,35.0,some_college,daily,False,2,0,manual,2,0,2,0,0,0,False,22,11.0,5,True,23,41,-18.0,False,g7! h7!,1,False,2,0.0,4.0,0.0,0.0,0.0,0.0,46.0,Strugglers
vanilla_non_adopters,vanilla_non_adopters,non-adopters,p59,R1,oc20260727,True,False,,,2026-08-18T21:13:54.325799+00:00,,carried over from phase 1,2.0,True,True,True,,1,40.0,bachelors,few_times_week,True,1,5,manual,6,6,3,3,6,3,True,0,0.0,124,True,41,23,18.0,True,b7 c8 a7 a3 a1 h1,1,True,2,1.0,4.0,0.25,0.0,0.0,0.0,46.0,Strugglers
vanilla_non_adopters,vanilla_non_adopters,non-adopters,p59,R2,b220260706,False,True,,,2026-08-18T21:13:54.325799+00:00,,carried over from phase 1,2.0,True,True,True,,1,40.0,bachelors,few_times_week,True,1,0,manual,2,0,2,0,0,0,False,30,15.0,3,True,23,41,-18.0,False,g1! g2!,1,False,2,1.0,4.0,0.25,0.0,0.0,0.0,46.0,Strugglers
vanilla_non_adopters,vanilla_non_adopters,non-adopters,p59,R3,bg20260726,False,True,,,2026-08-18T21:13:54.325799+00:00,,carried over from phase 1,2.0,True,True,True,,1,40.0,bachelors,few_times_week,True,1,0,manual,2,1,2,1,0,0,False,16,8.0,2,True,26,38,-12.0,False,h7! g8,1,False,2,1.0,4.0,0.25,0.0,0.0,0.0,46.0,Strugglers
vanilla_non_adopters,vanilla_non_adopters,non-adopters,p605,R1,oc20260727,True,False,,,2026-08-18T19:57:57.715159+00:00,,mean,2.667,True,False,True,,2,56.0,some_college,few_times_week,False,2,5,manual,5,4,3,2,2,2,True,24,4.8,136,True,29,35,-6.0,False,b7 c8 g2! a1 a7,1,False,2,4.0,6.0,0.667,1.0,1.0,2.0,22.0,Solvers
vanilla_non_adopters,vanilla_non_adopters,non-adopters,p605,R2,b220260706,False,True,,,2026-08-18T19:57:57.715159+00:00,,mean,2.667,True,False,True,,2,56.0,some_college,few_times_week,False,2,0,manual,3,3,3,3,3,3,True,0,0.0,16,True,38,26,12.0,True,g7 h1 g2,1,True,2,4.0,6.0,0.667,1.0,1.0,2.0,22.0,Solvers
vanilla_non_adopters,vanilla_non_adopters,non-adopters,p605,R3,bg20260726,False,True,,,2026-08-18T19:57:57.715159+00:00,,mean,2.667,True,False,True,,2,56.0,some_college,few_times_week,False,2,0,manual,3,1,3,1,1,1,True,22,7.3,20,True,23,41,-18.0,False,b2 g7! h8!,1,False,2,4.0,6.0,0.667,1.0,1.0,2.0,22.0,Solvers
vanilla_non_adopters,vanilla_non_adopters,non-adopters,p624,R1,oc20260727,True,False,,,,,mean,3.667,False,False,False,,3,,,,False,3,6,manual,3,2,3,2,2,2,True,38,12.7,74,True,22,42,-20.0,False,b7 c8 b6!,1,False,2,4.0,5.0,0.8,1.0,1.0,1.0,14.0,Solvers
vanilla_non_adopters,vanilla_non_adopters,non-adopters,p624,R2,b220260706,False,True,,,,,mean,3.667,False,False,False,,3,,,,False,3,0,manual,2,1,2,1,0,0,False,14,7.0,6,True,31,33,-2.0,False,g1! g7,1,False,2,4.0,5.0,0.8,1.0,1.0,1.0,14.0,Solvers
vanilla_non_adopters,vanilla_non_adopters,non-adopters,p624,R3,bg20260726,False,True,,,,,mean,3.667,False,False,False,,3,,,,False,3,0,manual,3,3,3,3,3,3,True,0,0.0,8,True,34,30,4.0,True,b2 g8 h7,1,True,2,4.0,5.0,0.8,1.0,1.0,1.0,14.0,Solvers
vanilla_non_adopters,vanilla_non_adopters,non-adopters,p65,R1,oc20260727,True,False,,,2026-08-19T11:12:40.494112+00:00,,mean,2.667,True,False,True,,dont_know,39.0,associate,few_times_week,False,1,5,manual,4,3,3,3,3,3,True,36,9.0,121,True,23,41,-18.0,False,b7 c8 a7 g2!,1,False,2,2.0,5.0,0.4,0.0,0.0,1.0,32.0,Strugglers
vanilla_non_adopters,vanilla_non_adopters,non-adopters,p65,R2,b220260706,False,True,,,2026-08-19T11:12:40.494112+00:00,,mean,2.667,True,False,True,,dont_know,39.0,associate,few_times_week,False,1,0,manual,2,1,2,1,0,0,False,16,8.0,12,True,30,34,-4.0,False,g2! g7,1,False,2,2.0,5.0,0.4,0.0,0.0,1.0,32.0,Strugglers
vanilla_non_adopters,vanilla_non_adopters,non-adopters,p65,R3,bg20260726,False,True,,,2026-08-19T11:12:40.494112+00:00,,mean,2.667,True,False,True,,dont_know,39.0,associate,few_times_week,False,1,0,manual,3,1,3,1,1,1,True,16,5.3,19,True,26,38,-12.0,False,b2 h7! g7!,1,False,2,2.0,5.0,0.4,0.0,0.0,1.0,32.0,Strugglers
vanilla_non_adopters,vanilla_non_adopters,non-adopters,p666,R1,oc20260727,True,False,,,2026-08-19T11:01:47.722785+00:00,,mean,1.667,True,False,True,,1,52.0,postgrad,less_than_monthly,False,1,5,manual,3,2,3,2,1,1,True,38,12.7,138,True,22,42,-20.0,False,b7 b6! b8,1,False,2,6.0,6.0,1.0,2.0,2.0,2.0,0.0,Solvers
vanilla_non_adopters,vanilla_non_adopters,non-adopters,p666,R2,b220260706,False,True,,,2026-08-19T11:01:47.722785+00:00,,mean,1.667,True,False,True,,1,52.0,postgrad,less_than_monthly,False,1,0,manual,3,3,3,3,3,3,True,0,0.0,23,True,38,26,12.0,True,g7 h1 g2,1,True,2,6.0,6.0,1.0,2.0,2.0,2.0,0.0,Solvers
vanilla_non_adopters,vanilla_non_adopters,non-adopters,p666,R3,bg20260726,False,True,,,2026-08-19T11:01:47.722785+00:00,,mean,1.667,True,False,True,,1,52.0,postgrad,less_than_monthly,False,1,0,manual,3,3,3,3,3,3,True,0,0.0,21,True,34,30,4.0,True,b2 g8 h7,1,True,2,6.0,6.0,1.0,2.0,2.0,2.0,0.0,Solvers
vanilla_non_adopters,vanilla_non_adopters,non-adopters,p684,R1,oc20260727,True,False,,,2026-08-18T11:30:44.706396+00:00,,mean,2.333,True,False,True,,dont_know,31.0,bachelors,few_times_month,False,1,6,manual,6,6,3,3,6,3,True,0,0.0,57,True,41,23,18.0,True,b7 c8 a7 a3 a1 h1,1,True,2,5.0,6.0,0.833,1.0,1.0,2.0,14.0,Solvers
vanilla_non_adopters,vanilla_non_adopters,non-adopters,p684,R2,b220260706,False,True,,,2026-08-18T11:30:44.706396+00:00,,mean,2.333,True,False,True,,dont_know,31.0,bachelors,few_times_month,False,1,0,manual,3,3,3,3,3,3,True,0,0.0,7,True,38,26,12.0,True,g7 h1 g2,1,True,2,5.0,6.0,0.833,1.0,1.0,2.0,14.0,Solvers
vanilla_non_adopters,vanilla_non_adopters,non-adopters,p684,R3,bg20260726,False,True,,,2026-08-18T11:30:44.706396+00:00,,mean,2.333,True,False,True,,dont_know,31.0,bachelors,few_times_month,False,1,0,manual,3,2,3,2,1,1,True,14,4.7,7,True,27,37,-10.0,False,b2 g7! h7,1,False,2,5.0,6.0,0.833,1.0,1.0,2.0,14.0,Solvers
vanilla_non_adopters,vanilla_non_adopters,non-adopters,p691,R1,oc20260727,True,False,,,2026-08-18T22:16:35.550726+00:00,,mean,1.667,True,False,True,,2,47.0,bachelors,weekly,False,3,5,manual,6,6,3,3,6,3,True,0,0.0,191,True,41,23,18.0,True,b7 c8 a7 a3 a1 h1,1,True,2,6.0,6.0,1.0,2.0,2.0,2.0,0.0,Solvers
vanilla_non_adopters,vanilla_non_adopters,non-adopters,p691,R2,b220260706,False,True,,,2026-08-18T22:16:35.550726+00:00,,mean,1.667,True,False,True,,2,47.0,bachelors,weekly,False,3,0,manual,3,3,3,3,3,3,True,0,0.0,20,True,38,26,12.0,True,g7 h1 g2,1,True,2,6.0,6.0,1.0,2.0,2.0,2.0,0.0,Solvers
vanilla_non_adopters,vanilla_non_adopters,non-adopters,p691,R3,bg20260726,False,True,,,2026-08-18T22:16:35.550726+00:00,,mean,1.667,True,False,True,,2,47.0,bachelors,weekly,False,3,0,manual,3,3,3,3,3,3,True,0,0.0,15,True,34,30,4.0,True,b2 g8 h7,1,True,2,6.0,6.0,1.0,2.0,2.0,2.0,0.0,Solvers
vanilla_non_adopters,vanilla_non_adopters,non-adopters,p693,R1,oc20260727,True,False,,,2026-08-19T11:25:45.401817+00:00,,mean,2.667,True,False,True,,dont_know,64.0,bachelors,never,True,1,6,manual,3,2,3,2,1,1,True,38,12.7,190,True,22,42,-20.0,False,b7 b6! b8,1,False,2,0.0,4.0,0.0,0.0,0.0,0.0,50.0,Strugglers
vanilla_non_adopters,vanilla_non_adopters,non-adopters,p693,R2,b220260706,False,True,,,2026-08-19T11:25:45.401817+00:00,,mean,2.667,True,False,True,,dont_know,64.0,bachelors,never,True,1,0,manual,2,0,2,0,0,0,False,24,12.0,6,True,26,38,-12.0,False,g2! h2!,1,False,2,0.0,4.0,0.0,0.0,0.0,0.0,50.0,Strugglers
vanilla_non_adopters,vanilla_non_adopters,non-adopters,p693,R3,bg20260726,False,True,,,2026-08-19T11:25:45.401817+00:00,,mean,2.667,True,False,True,,dont_know,64.0,bachelors,never,True,1,0,manual,2,0,2,0,0,0,False,26,13.0,6,True,21,43,-22.0,False,h7! g7!,1,False,2,0.0,4.0,0.0,0.0,0.0,0.0,50.0,Strugglers
vanilla_non_adopters,vanilla_non_adopters,non-adopters,p721,R1,oc20260727,True,False,,,2026-08-18T18:25:48.773012+00:00,,mean,2.0,True,False,True,,1,34.0,some_postgrad,weekly,False,1,5,manual,3,0,3,0,0,0,False,44,14.7,89,True,19,45,-26.0,False,g2! b8! c8!,1,False,2,0.0,4.0,0.0,0.0,0.0,0.0,56.0,Strugglers
vanilla_non_adopters,vanilla_non_adopters,non-adopters,p721,R2,b220260706,False,True,,,2026-08-18T18:25:48.773012+00:00,,mean,2.0,True,False,True,,1,34.0,some_postgrad,weekly,False,1,0,manual,2,0,2,0,0,0,False,30,15.0,17,True,23,41,-18.0,False,g1! g2!,1,False,2,0.0,4.0,0.0,0.0,0.0,0.0,56.0,Strugglers
vanilla_non_adopters,vanilla_non_adopters,non-adopters,p721,R3,bg20260726,False,True,,,2026-08-18T18:25:48.773012+00:00,,mean,2.0,True,False,True,,1,34.0,some_postgrad,weekly,False,1,0,manual,2,0,2,0,0,0,False,26,13.0,4,True,21,43,-22.0,False,h7! g7!,1,False,2,0.0,4.0,0.0,0.0,0.0,0.0,56.0,Strugglers
vanilla_non_adopters,vanilla_non_adopters,non-adopters,p744,R1,oc20260727,True,False,,,2026-08-18T16:41:56.897116+00:00,,mean,1.333,True,False,True,,2,44.0,bachelors,daily,False,2,5,manual,6,6,3,3,6,3,True,0,0.0,209,True,41,23,18.0,True,b7 c8 a7 a3 a1 h1,1,True,2,1.0,4.0,0.25,0.0,0.0,1.0,26.0,Strugglers
vanilla_non_adopters,vanilla_non_adopters,non-adopters,p744,R2,b220260706,False,True,,,2026-08-18T16:41:56.897116+00:00,,mean,1.333,True,False,True,,2,44.0,bachelors,daily,False,2,0,manual,2,1,2,1,1,1,True,12,6.0,11,True,32,32,0.0,False,g7 g2!,1,False,2,1.0,4.0,0.25,0.0,0.0,1.0,26.0,Strugglers
vanilla_non_adopters,vanilla_non_adopters,non-adopters,p744,R3,bg20260726,False,True,,,2026-08-18T16:41:56.897116+00:00,,mean,1.333,True,False,True,,2,44.0,bachelors,daily,False,2,0,manual,2,0,2,0,0,0,False,14,7.0,13,True,27,37,-10.0,False,g8! h7!,1,False,2,1.0,4.0,0.25,0.0,0.0,1.0,26.0,Strugglers
vanilla_non_adopters,vanilla_non_adopters,non-adopters,p746,R1,oc20260727,True,False,,,2026-08-19T11:58:59.546703+00:00,,mean,1.667,True,False,True,,dont_know,40.0,bachelors,never,False,1,5,manual,4,2,3,1,0,0,False,40,10.0,99,True,21,43,-22.0,False,a7! b7! g2 c8,1,False,2,2.0,4.0,0.5,0.0,0.0,0.0,32.0,Strugglers
vanilla_non_adopters,vanilla_non_adopters,non-adopters,p746,R2,b220260706,False,True,,,2026-08-19T11:58:59.546703+00:00,,mean,1.667,True,False,True,,dont_know,40.0,bachelors,never,False,1,0,manual,2,1,2,1,0,0,False,16,8.0,3,True,30,34,-4.0,False,g2! g7,1,False,2,2.0,4.0,0.5,0.0,0.0,0.0,32.0,Strugglers
vanilla_non_adopters,vanilla_non_adopters,non-adopters,p746,R3,bg20260726,False,True,,,2026-08-19T11:58:59.546703+00:00,,mean,1.667,True,False,True,,dont_know,40.0,bachelors,never,False,1,0,manual,2,1,2,1,0,0,False,16,8.0,3,True,26,38,-12.0,False,g7! b2,1,False,2,2.0,4.0,0.5,0.0,0.0,0.0,32.0,Strugglers
vanilla_non_adopters,vanilla_non_adopters,non-adopters,p762,R1,oc20260727,True,False,,,2026-08-19T12:05:00.500612+00:00,,mean,2.667,True,False,True,,1,20.0,hs_graduate,daily,False,1,5,manual,5,3,3,2,0,0,False,40,8.0,32,True,21,43,-22.0,False,b6! g2 b7 c8 a7!,1,False,2,1.0,3.0,0.333,0.0,1.0,1.0,30.0,Strugglers
vanilla_non_adopters,vanilla_non_adopters,non-adopters,p762,R2,b220260706,False,True,,,2026-08-19T12:05:00.500612+00:00,,mean,2.667,True,False,True,,1,20.0,hs_graduate,daily,False,1,0,timeout,2,0,2,0,0,0,False,30,15.0,4,True,23,41,-18.0,False,g1! g2!,1,False,2,1.0,3.0,0.333,0.0,1.0,1.0,30.0,Strugglers
vanilla_non_adopters,vanilla_non_adopters,non-adopters,p762,R3,bg20260726,False,True,,,2026-08-19T12:05:00.500612+00:00,,mean,2.667,True,False,True,,1,20.0,hs_graduate,daily,False,1,0,timeout,1,1,1,1,1,1,True,0,0.0,0,False,23,37,,,b2,1,False,2,1.0,3.0,0.333,0.0,1.0,1.0,30.0,Strugglers
vanilla_non_adopters,vanilla_non_adopters,non-adopters,p770,R1,oc20260727,True,False,,,2026-08-18T18:26:10.083166+00:00,,mean,2.333,True,False,True,,2,34.0,bachelors,weekly,True,2,9,manual,6,6,3,3,6,3,True,0,0.0,317,True,41,23,18.0,True,b7 c8 a7 a3 a1 h1,1,True,2,2.0,5.0,0.4,0.0,0.0,2.0,34.0,Strugglers
vanilla_non_adopters,vanilla_non_adopters,non-adopters,p770,R2,b220260706,False,True,,,2026-08-18T18:26:10.083166+00:00,,mean,2.333,True,False,True,,2,34.0,bachelors,weekly,True,2,0,manual,2,1,2,1,1,1,True,12,6.0,8,True,32,32,0.0,False,g7 g2!,1,False,2,2.0,5.0,0.4,0.0,0.0,2.0,34.0,Strugglers
vanilla_non_adopters,vanilla_non_adopters,non-adopters,p770,R3,bg20260726,False,True,,,2026-08-18T18:26:10.083166+00:00,,mean,2.333,True,False,True,,2,34.0,bachelors,weekly,True,2,0,manual,3,1,3,1,1,1,True,22,7.3,17,True,23,41,-18.0,False,b2 g7! h8!,1,False,2,2.0,5.0,0.4,0.0,0.0,2.0,34.0,Strugglers
vanilla_non_adopters,vanilla_non_adopters,non-adopters,p81,R1,oc20260727,True,False,,,2026-08-18T22:29:04.250068+00:00,,mean,2.333,True,False,True,,2,48.0,postgrad,several_times_day,False,2,5,manual,4,2,3,1,1,1,True,38,9.5,70,True,22,42,-20.0,False,b7 g2! b6! b8,1,False,2,1.0,5.0,0.2,0.0,0.0,1.0,52.0,Strugglers
vanilla_non_adopters,vanilla_non_adopters,non-adopters,p81,R2,b220260706,False,True,,,2026-08-18T22:29:04.250068+00:00,,mean,2.333,True,False,True,,2,48.0,postgrad,several_times_day,False,2,0,manual,2,0,2,0,0,0,False,30,15.0,18,True,23,41,-18.0,False,g1! g2!,1,False,2,1.0,5.0,0.2,0.0,0.0,1.0,52.0,Strugglers
vanilla_non_adopters,vanilla_non_adopters,non-adopters,p81,R3,bg20260726,False,True,,,2026-08-18T22:29:04.250068+00:00,,mean,2.333,True,False,True,,2,48.0,postgrad,several_times_day,False,2,0,manual,3,1,3,1,1,1,True,22,7.3,19,True,23,41,-18.0,False,b2 g7! h8!,1,False,2,1.0,5.0,0.2,0.0,0.0,1.0,52.0,Strugglers
vanilla_non_adopters,vanilla_non_adopters,non-adopters,p811,R1,oc20260727,True,False,,,2026-08-19T11:23:29.125488+00:00,,mean,2.667,True,False,True,,1,35.0,bachelors,few_times_month,False,1,5,manual,6,6,3,3,6,3,True,0,0.0,124,True,41,23,18.0,True,b7 c8 a7 a3 a1 h1,1,True,2,3.0,5.0,0.6,1.0,1.0,1.0,26.0,Solvers
vanilla_non_adopters,vanilla_non_adopters,non-adopters,p811,R2,b220260706,False,True,,,2026-08-19T11:23:29.125488+00:00,,mean,2.667,True,False,True,,1,35.0,bachelors,few_times_month,False,1,0,manual,3,3,3,3,3,3,True,0,0.0,12,True,38,26,12.0,True,g7 h1 g2,1,True,2,3.0,5.0,0.6,1.0,1.0,1.0,26.0,Solvers
vanilla_non_adopters,vanilla_non_adopters,non-adopters,p811,R3,bg20260726,False,True,,,2026-08-19T11:23:29.125488+00:00,,mean,2.667,True,False,True,,1,35.0,bachelors,few_times_month,False,1,0,manual,2,0,2,0,0,0,False,26,13.0,23,True,21,43,-22.0,False,h7! g7!,1,False,2,3.0,5.0,0.6,1.0,1.0,1.0,26.0,Solvers
vanilla_non_adopters,vanilla_non_adopters,non-adopters,p825,R1,oc20260727,True,False,,,2026-08-18T16:45:04.581985+00:00,,mean,1.667,True,False,True,,dont_know,46.0,bachelors,never,False,1,5,manual,3,2,3,2,2,2,True,38,12.7,64,True,22,42,-20.0,False,b7 c8 b6!,1,False,2,2.0,4.0,0.5,0.0,0.0,0.0,24.0,Strugglers
vanilla_non_adopters,vanilla_non_adopters,non-adopters,p825,R2,b220260706,False,True,,,2026-08-18T16:45:04.581985+00:00,,mean,1.667,True,False,True,,dont_know,46.0,bachelors,never,False,1,0,manual,2,1,2,1,0,0,False,16,8.0,8,True,30,34,-4.0,False,g2! g7,1,False,2,2.0,4.0,0.5,0.0,0.0,0.0,24.0,Strugglers
vanilla_non_adopters,vanilla_non_adopters,non-adopters,p825,R3,bg20260726,False,True,,,2026-08-18T16:45:04.581985+00:00,,mean,1.667,True,False,True,,dont_know,46.0,bachelors,never,False,1,0,manual,2,1,2,1,0,0,False,8,4.0,3,True,30,34,-4.0,False,g8! g7,1,False,2,2.0,4.0,0.5,0.0,0.0,0.0,24.0,Strugglers
vanilla_non_adopters,vanilla_non_adopters,non-adopters,p846,R1,oc20260727,True,False,,,2026-08-18T16:24:26.569048+00:00,,mean,2.333,True,False,True,,3,55.0,some_postgrad,few_times_week,True,3,3,timeout,5,4,3,2,5,3,True,2,0.4,46,True,40,24,16.0,True,b7 a7! a1 h1 b6,1,False,2,3.0,5.0,0.6,0.0,0.0,0.0,32.0,Solvers
vanilla_non_adopters,vanilla_non_adopters,non-adopters,p846,R2,b220260706,False,True,,,2026-08-18T16:24:26.569048+00:00,,mean,2.333,True,False,True,,3,55.0,some_postgrad,few_times_week,True,3,0,manual,2,1,2,1,0,0,False,16,8.0,8,True,30,34,-4.0,False,g2! g7,1,False,2,3.0,5.0,0.6,0.0,0.0,0.0,32.0,Solvers
vanilla_non_adopters,vanilla_non_adopters,non-adopters,p846,R3,bg20260726,False,True,,,2026-08-18T16:24:26.569048+00:00,,mean,2.333,True,False,True,,3,55.0,some_postgrad,few_times_week,True,3,0,manual,3,2,3,2,0,0,False,16,5.3,11,True,26,38,-12.0,False,h7! b2 g8,1,False,2,3.0,5.0,0.6,0.0,0.0,0.0,32.0,Solvers
vanilla_non_adopters,vanilla_non_adopters,non-adopters,p91,R1,oc20260727,True,False,,,2026-08-18T18:46:40.960782+00:00,,mean,2.5,True,False,True,,3,27.0,bachelors,several_times_day,False,3,5,manual,3,0,3,0,0,0,False,44,14.7,24,True,19,45,-26.0,False,c8! b6! b8!,1,False,2,3.0,5.0,0.6,1.0,1.0,1.0,14.0,Solvers
vanilla_non_adopters,vanilla_non_adopters,non-adopters,p91,R2,b220260706,False,True,,,2026-08-18T18:46:40.960782+00:00,,mean,2.5,True,False,True,,3,27.0,bachelors,several_times_day,False,3,0,manual,3,3,3,3,3,3,True,0,0.0,17,True,38,26,12.0,True,g7 h1 g2,1,True,2,3.0,5.0,0.6,1.0,1.0,1.0,14.0,Solvers
vanilla_non_adopters,vanilla_non_adopters,non-adopters,p91,R3,bg20260726,False,True,,,2026-08-18T18:46:40.960782+00:00,,mean,2.5,True,False,True,,3,27.0,bachelors,several_times_day,False,3,0,manual,2,0,2,0,0,0,False,14,7.0,5,True,27,37,-10.0,False,g8! h7!,1,False,2,3.0,5.0,0.6,1.0,1.0,1.0,14.0,Solvers
intervention_v2,intervention_v2,non-adopters,p132,R1,oc20260727,True,False,,v2_think_pair,2026-08-18T16:24:32.049051+00:00,2026-08-18T16:28:27.031909+00:00,mean,2.0,True,False,True,3.0,dont_know,37.0,associate,few_times_month,False,1,5,manual,4,2,3,1,0,0,False,34,8.5,154,True,24,40,-16.0,False,g2! b6 c8! a8,1,False,2,1.0,4.0,0.25,0.0,0.0,0.0,36.0,Strugglers
intervention_v2,intervention_v2,non-adopters,p132,R2,b220260706,False,True,,v2_think_pair,2026-08-18T16:24:32.049051+00:00,2026-08-18T16:28:27.031909+00:00,mean,2.0,True,False,True,3.0,dont_know,37.0,associate,few_times_month,False,1,0,manual,2,1,2,1,0,0,False,14,7.0,5,True,31,33,-2.0,False,g1! g7,1,False,2,1.0,4.0,0.25,0.0,0.0,0.0,36.0,Strugglers
intervention_v2,intervention_v2,non-adopters,p132,R3,bg20260726,False,True,,v2_think_pair,2026-08-18T16:24:32.049051+00:00,2026-08-18T16:28:27.031909+00:00,mean,2.0,True,False,True,3.0,dont_know,37.0,associate,few_times_month,False,1,0,manual,2,0,2,0,0,0,False,22,11.0,4,True,23,41,-18.0,False,g7! h7!,1,False,2,1.0,4.0,0.25,0.0,0.0,0.0,36.0,Strugglers
intervention_v2,intervention_v2,non-adopters,p164,R1,oc20260727,True,False,,v2_think_pair,,2026-08-18T20:19:14.126719+00:00,mean,4.0,False,False,False,4.0,3,,,,True,3,5,manual,4,2,3,2,2,2,True,28,7.0,139,True,27,37,-10.0,False,b7 c8 g2! b6!,1,False,2,2.0,4.0,0.5,0.0,0.0,0.0,32.0,Strugglers
intervention_v2,intervention_v2,non-adopters,p164,R2,b220260706,False,True,,v2_think_pair,,2026-08-18T20:19:14.126719+00:00,mean,4.0,False,False,False,4.0,3,,,,True,3,0,manual,2,1,2,1,0,0,False,16,8.0,6,True,30,34,-4.0,False,g2! g7,1,False,2,2.0,4.0,0.5,0.0,0.0,0.0,32.0,Strugglers
intervention_v2,intervention_v2,non-adopters,p164,R3,bg20260726,False,True,,v2_think_pair,,2026-08-18T20:19:14.126719+00:00,mean,4.0,False,False,False,4.0,3,,,,True,3,0,manual,2,1,2,1,0,0,False,16,8.0,4,True,26,38,-12.0,False,g7! b2,1,False,2,2.0,4.0,0.5,0.0,0.0,0.0,32.0,Strugglers
intervention_v2,intervention_v2,non-adopters,p185,R1,oc20260727,True,False,,v2_think_pair,2026-08-18T17:46:17.265415+00:00,2026-08-18T17:50:26.372008+00:00,mean,1.667,True,False,True,3.0,2,39.0,bachelors,weekly,True,3,5,manual,4,2,3,2,1,1,True,42,10.5,28,True,20,44,-24.0,False,b7 b6! g2 c8!,1,False,2,3.0,5.0,0.6,0.0,0.0,2.0,26.0,Solvers
intervention_v2,intervention_v2,non-adopters,p185,R2,b220260706,False,True,,v2_think_pair,2026-08-18T17:46:17.265415+00:00,2026-08-18T17:50:26.372008+00:00,mean,1.667,True,False,True,3.0,2,39.0,bachelors,weekly,True,3,0,manual,2,1,2,1,1,1,True,12,6.0,3,True,32,32,0.0,False,g7 g2!,1,False,2,3.0,5.0,0.6,0.0,0.0,2.0,26.0,Solvers
intervention_v2,intervention_v2,non-adopters,p185,R3,bg20260726,False,True,,v2_think_pair,2026-08-18T17:46:17.265415+00:00,2026-08-18T17:50:26.372008+00:00,mean,1.667,True,False,True,3.0,2,39.0,bachelors,weekly,True,3,0,manual,3,2,3,2,1,1,True,14,4.7,6,True,27,37,-10.0,False,b2 g7! h7,1,False,2,3.0,5.0,0.6,0.0,0.0,2.0,26.0,Solvers
intervention_v2,intervention_v2,non-adopters,p197,R1,oc20260727,True,False,,v2_think_pair,2026-08-18T11:56:59.623087+00:00,2026-08-18T12:03:13.650449+00:00,mean,1.333,True,False,True,3.0,2,23.0,bachelors,weekly,False,3,5,manual,5,4,3,2,0,0,False,32,6.4,50,True,25,39,-14.0,False,b6! g2 b7 c8 a8,1,False,2,1.0,4.0,0.25,0.0,0.0,0.0,32.0,Strugglers
intervention_v2,intervention_v2,non-adopters,p197,R2,b220260706,False,True,,v2_think_pair,2026-08-18T11:56:59.623087+00:00,2026-08-18T12:03:13.650449+00:00,mean,1.333,True,False,True,3.0,2,23.0,bachelors,weekly,False,3,0,manual,2,0,2,0,0,0,False,24,12.0,3,True,26,38,-12.0,False,g2! h2!,1,False,2,1.0,4.0,0.25,0.0,0.0,0.0,32.0,Strugglers
intervention_v2,intervention_v2,non-adopters,p197,R3,bg20260726,False,True,,v2_think_pair,2026-08-18T11:56:59.623087+00:00,2026-08-18T12:03:13.650449+00:00,mean,1.333,True,False,True,3.0,2,23.0,bachelors,weekly,False,3,0,manual,2,1,2,1,0,0,False,8,4.0,10,True,30,34,-4.0,False,g8! g7,1,False,2,1.0,4.0,0.25,0.0,0.0,0.0,32.0,Strugglers
intervention_v2,intervention_v2,non-adopters,p261,R1,oc20260727,True,False,,v2_think_pair,,2026-08-18T20:30:51.208496+00:00,mean,3.0,False,False,False,4.0,dont_know,,,,False,1,5,manual,6,5,3,3,6,3,True,16,2.7,191,True,33,31,2.0,True,b7 c8 a7 a3 a1 g2!,1,False,2,1.0,4.0,0.25,0.0,0.0,0.0,40.0,Strugglers
intervention_v2,intervention_v2,non-adopters,p261,R2,b220260706,False,True,,v2_think_pair,,2026-08-18T20:30:51.208496+00:00,mean,3.0,False,False,False,4.0,dont_know,,,,False,1,0,manual,2,0,2,0,0,0,False,24,12.0,7,True,26,38,-12.0,False,g2! h2!,1,False,2,1.0,4.0,0.25,0.0,0.0,0.0,40.0,Strugglers
intervention_v2,intervention_v2,non-adopters,p261,R3,bg20260726,False,True,,v2_think_pair,,2026-08-18T20:30:51.208496+00:00,mean,3.0,False,False,False,4.0,dont_know,,,,False,1,0,manual,2,1,2,1,0,0,False,16,8.0,5,True,26,38,-12.0,False,h7! g8,1,False,2,1.0,4.0,0.25,0.0,0.0,0.0,40.0,Strugglers
intervention_v2,intervention_v2,non-adopters,p269,R1,oc20260727,True,False,,v2_think_pair,,2026-08-18T21:15:30.891081+00:00,mean,3.333,False,False,False,3.0,2,,,,False,1,9,manual,5,4,3,3,3,3,True,22,4.4,138,True,30,34,-4.0,False,b7 c8 a7 a1! h1,1,False,2,5.0,6.0,0.833,1.0,1.0,2.0,14.0,Solvers
intervention_v2,intervention_v2,non-adopters,p269,R2,b220260706,False,True,,v2_think_pair,,2026-08-18T21:15:30.891081+00:00,mean,3.333,False,False,False,3.0,2,,,,False,1,0,manual,3,2,3,2,2,2,True,14,4.7,9,True,31,33,-2.0,False,g7 h1 h2!,1,False,2,5.0,6.0,0.833,1.0,1.0,2.0,14.0,Solvers
intervention_v2,intervention_v2,non-adopters,p269,R3,bg20260726,False,True,,v2_think_pair,,2026-08-18T21:15:30.891081+00:00,mean,3.333,False,False,False,3.0,2,,,,False,1,0,manual,3,3,3,3,3,3,True,0,0.0,21,True,34,30,4.0,True,b2 g8 h7,1,True,2,5.0,6.0,0.833,1.0,1.0,2.0,14.0,Solvers
intervention_v2,intervention_v2,non-adopters,p271,R1,oc20260727,True,False,,v2_think_pair,2026-08-18T16:53:30.329948+00:00,2026-08-18T17:00:43.298500+00:00,mean,2.667,True,False,True,4.0,dont_know,19.0,some_college,several_times_day,False,1,5,manual,4,2,3,2,1,1,True,42,10.5,25,True,20,44,-24.0,False,b7 b6! g2 c8!,1,False,2,1.0,5.0,0.2,0.0,0.0,1.0,40.0,Strugglers
intervention_v2,intervention_v2,non-adopters,p271,R2,b220260706,False,True,,v2_think_pair,2026-08-18T16:53:30.329948+00:00,2026-08-18T17:00:43.298500+00:00,mean,2.667,True,False,True,4.0,dont_know,19.0,some_college,several_times_day,False,1,0,manual,2,0,2,0,0,0,False,24,12.0,5,True,26,38,-12.0,False,g2! h2!,1,False,2,1.0,5.0,0.2,0.0,0.0,1.0,40.0,Strugglers
intervention_v2,intervention_v2,non-adopters,p271,R3,bg20260726,False,True,,v2_think_pair,2026-08-18T16:53:30.329948+00:00,2026-08-18T17:00:43.298500+00:00,mean,2.667,True,False,True,4.0,dont_know,19.0,some_college,several_times_day,False,1,0,manual,3,1,3,1,1,1,True,16,5.3,6,True,26,38,-12.0,False,b2 h7! g7!,1,False,2,1.0,5.0,0.2,0.0,0.0,1.0,40.0,Strugglers
intervention_v2,intervention_v2,non-adopters,p283,R1,oc20260727,True,False,,v2_think_pair,2026-08-18T22:48:29.174015+00:00,2026-08-18T22:53:24.214173+00:00,mean,1.333,True,False,True,3.0,1,62.0,postgrad,few_times_month,False,3,5,manual,6,6,3,3,6,3,True,0,0.0,125,True,41,23,18.0,True,b7 c8 a7 a3 a1 h1,1,True,2,1.0,4.0,0.25,0.0,0.0,0.0,38.0,Strugglers
intervention_v2,intervention_v2,non-adopters,p283,R2,b220260706,False,True,,v2_think_pair,2026-08-18T22:48:29.174015+00:00,2026-08-18T22:53:24.214173+00:00,mean,1.333,True,False,True,3.0,1,62.0,postgrad,few_times_month,False,3,0,manual,2,0,2,0,0,0,False,30,15.0,4,True,23,41,-18.0,False,g1! g2!,1,False,2,1.0,4.0,0.25,0.0,0.0,0.0,38.0,Strugglers
intervention_v2,intervention_v2,non-adopters,p283,R3,bg20260726,False,True,,v2_think_pair,2026-08-18T22:48:29.174015+00:00,2026-08-18T22:53:24.214173+00:00,mean,1.333,True,False,True,3.0,1,62.0,postgrad,few_times_month,False,3,0,manual,2,1,2,1,0,0,False,8,4.0,7,True,30,34,-4.0,False,g8! g7,1,False,2,1.0,4.0,0.25,0.0,0.0,0.0,38.0,Strugglers
intervention_v2,intervention_v2,non-adopters,p301,R1,oc20260727,True,False,,v2_think_pair,2026-08-18T22:33:44.179870+00:00,2026-08-18T22:38:40.470463+00:00,mean,1.667,True,False,True,3.0,1,34.0,bachelors,several_times_day,False,1,6,manual,3,2,3,2,2,2,True,38,12.7,129,True,22,42,-20.0,False,b7 c8 b6!,1,False,2,2.0,5.0,0.4,0.0,0.0,1.0,44.0,Strugglers
intervention_v2,intervention_v2,non-adopters,p301,R2,b220260706,False,True,,v2_think_pair,2026-08-18T22:33:44.179870+00:00,2026-08-18T22:38:40.470463+00:00,mean,1.667,True,False,True,3.0,1,34.0,bachelors,several_times_day,False,1,0,manual,2,0,2,0,0,0,False,30,15.0,3,True,23,41,-18.0,False,g1! g2!,1,False,2,2.0,5.0,0.4,0.0,0.0,1.0,44.0,Strugglers
intervention_v2,intervention_v2,non-adopters,p301,R3,bg20260726,False,True,,v2_think_pair,2026-08-18T22:33:44.179870+00:00,2026-08-18T22:38:40.470463+00:00,mean,1.667,True,False,True,3.0,1,34.0,bachelors,several_times_day,False,1,0,manual,3,2,3,2,1,1,True,14,4.7,11,True,27,37,-10.0,False,b2 g7! h7,1,False,2,2.0,5.0,0.4,0.0,0.0,1.0,44.0,Strugglers
intervention_v2,intervention_v2,non-adopters,p308,R1,oc20260727,True,False,,v2_think_pair,2026-08-18T22:14:40.257329+00:00,2026-08-18T22:19:37.171506+00:00,mean,2.667,True,False,True,4.0,dont_know,21.0,hs_incomplete,few_times_month,False,2,5,manual,3,2,3,2,1,1,True,38,12.7,22,True,22,42,-20.0,False,b7 b6! b8,1,False,2,3.0,6.0,0.5,0.0,0.0,2.0,36.0,Strugglers
intervention_v2,intervention_v2,non-adopters,p308,R2,b220260706,False,True,,v2_think_pair,2026-08-18T22:14:40.257329+00:00,2026-08-18T22:19:37.171506+00:00,mean,2.667,True,False,True,4.0,dont_know,21.0,hs_incomplete,few_times_month,False,2,0,manual,3,2,3,2,2,2,True,14,4.7,11,True,31,33,-2.0,False,g7 h1 h2!,1,False,2,3.0,6.0,0.5,0.0,0.0,2.0,36.0,Strugglers
intervention_v2,intervention_v2,non-adopters,p308,R3,bg20260726,False,True,,v2_think_pair,2026-08-18T22:14:40.257329+00:00,2026-08-18T22:19:37.171506+00:00,mean,2.667,True,False,True,4.0,dont_know,21.0,hs_incomplete,few_times_month,False,2,0,manual,3,1,3,1,1,1,True,22,7.3,8,True,23,41,-18.0,False,b2 g7! h8!,1,False,2,3.0,6.0,0.5,0.0,0.0,2.0,36.0,Strugglers
intervention_v2,intervention_v2,non-adopters,p362,R1,oc20260727,True,False,,v2_think_pair,,2026-08-18T21:20:09.830442+00:00,carried over from phase 1,,True,True,False,3.0,4,,,,False,3,7,manual,6,6,3,3,6,3,True,0,0.0,89,True,41,23,18.0,True,b7 c8 a7 a3 a1 h1,1,True,2,2.0,5.0,0.4,0.0,0.0,1.0,38.0,Strugglers
intervention_v2,intervention_v2,non-adopters,p362,R2,b220260706,False,True,,v2_think_pair,,2026-08-18T21:20:09.830442+00:00,carried over from phase 1,,True,True,False,3.0,4,,,,False,3,0,manual,2,0,2,0,0,0,False,24,12.0,3,True,26,38,-12.0,False,g2! h2!,1,False,2,2.0,5.0,0.4,0.0,0.0,1.0,38.0,Strugglers
intervention_v2,intervention_v2,non-adopters,p362,R3,bg20260726,False,True,,v2_think_pair,,2026-08-18T21:20:09.830442+00:00,carried over from phase 1,,True,True,False,3.0,4,,,,False,3,0,manual,3,2,3,2,1,1,True,14,4.7,5,True,27,37,-10.0,False,b2 g7! h7,1,False,2,2.0,5.0,0.4,0.0,0.0,1.0,38.0,Strugglers
intervention_v2,intervention_v2,non-adopters,p397,R1,oc20260727,True,False,,v2_think_pair,,2026-08-18T20:32:46.677238+00:00,carried over from phase 1,,True,True,False,3.0,4,,,,False,4,7,manual,4,2,3,2,0,0,False,40,10.0,281,True,21,43,-22.0,False,g2! b7 b6 a7!,1,False,2,1.0,4.0,0.25,0.0,0.0,0.0,40.0,Strugglers
intervention_v2,intervention_v2,non-adopters,p397,R2,b220260706,False,True,,v2_think_pair,,2026-08-18T20:32:46.677238+00:00,carried over from phase 1,,True,True,False,3.0,4,,,,False,4,0,manual,2,0,2,0,0,0,False,24,12.0,2,True,26,38,-12.0,False,g2! h2!,1,False,2,1.0,4.0,0.25,0.0,0.0,0.0,40.0,Strugglers
intervention_v2,intervention_v2,non-adopters,p397,R3,bg20260726,False,True,,v2_think_pair,,2026-08-18T20:32:46.677238+00:00,carried over from phase 1,,True,True,False,3.0,4,,,,False,4,0,manual,2,1,2,1,0,0,False,16,8.0,3,True,26,38,-12.0,False,g7! b2,1,False,2,1.0,4.0,0.25,0.0,0.0,0.0,40.0,Strugglers
intervention_v2,intervention_v2,non-adopters,p419,R1,oc20260727,True,False,,v2_think_pair,,2026-08-18T20:44:03.014886+00:00,mean,3.0,False,False,False,3.0,2,,,,False,2,5,manual,3,0,3,0,0,0,False,44,14.7,28,True,19,45,-26.0,False,g2! c8! a7!,1,False,2,3.0,5.0,0.6,1.0,1.0,1.0,24.0,Solvers
intervention_v2,intervention_v2,non-adopters,p419,R2,b220260706,False,True,,v2_think_pair,,2026-08-18T20:44:03.014886+00:00,mean,3.0,False,False,False,3.0,2,,,,False,2,0,manual,3,3,3,3,3,3,True,0,0.0,30,True,38,26,12.0,True,g7 h1 g2,1,True,2,3.0,5.0,0.6,1.0,1.0,1.0,24.0,Solvers
intervention_v2,intervention_v2,non-adopters,p419,R3,bg20260726,False,True,,v2_think_pair,,2026-08-18T20:44:03.014886+00:00,mean,3.0,False,False,False,3.0,2,,,,False,2,0,manual,2,0,2,0,0,0,False,24,12.0,19,True,22,42,-20.0,False,g7! g8!,1,False,2,3.0,5.0,0.6,1.0,1.0,1.0,24.0,Solvers
intervention_v2,intervention_v2,non-adopters,p446,R1,oc20260727,True,False,,v2_think_pair,2026-08-18T11:45:39.974638+00:00,2026-08-18T11:49:27.954659+00:00,mean,1.667,True,False,True,3.0,dont_know,20.0,bachelors,few_times_week,False,1,6,manual,6,5,3,2,6,3,True,2,0.3,106,True,40,24,16.0,True,b7 a7! b6 c8 a1 h1,1,False,2,3.0,6.0,0.5,0.0,0.0,2.0,36.0,Strugglers
intervention_v2,intervention_v2,non-adopters,p446,R2,b220260706,False,True,,v2_think_pair,2026-08-18T11:45:39.974638+00:00,2026-08-18T11:49:27.954659+00:00,mean,1.667,True,False,True,3.0,dont_know,20.0,bachelors,few_times_week,False,1,0,manual,3,2,3,2,2,2,True,14,4.7,9,True,31,33,-2.0,False,g7 h1 h2!,1,False,2,3.0,6.0,0.5,0.0,0.0,2.0,36.0,Strugglers
intervention_v2,intervention_v2,non-adopters,p446,R3,bg20260726,False,True,,v2_think_pair,2026-08-18T11:45:39.974638+00:00,2026-08-18T11:49:27.954659+00:00,mean,1.667,True,False,True,3.0,dont_know,20.0,bachelors,few_times_week,False,1,0,manual,3,1,3,1,1,1,True,22,7.3,6,True,23,41,-18.0,False,b2 g7! h8!,1,False,2,3.0,6.0,0.5,0.0,0.0,2.0,36.0,Strugglers
intervention_v2,intervention_v2,non-adopters,p479,R1,oc20260727,True,False,,v2_think_pair,2026-08-18T17:24:01.480103+00:00,2026-08-18T17:26:04.867974+00:00,mean,2.667,True,False,True,3.0,dont_know,55.0,associate,several_times_day,False,3,5,manual,5,3,3,1,1,1,True,24,4.8,13,True,29,35,-6.0,False,b7 g2! a7! b6 c8,1,False,2,0.0,4.0,0.0,0.0,0.0,0.0,46.0,Strugglers
intervention_v2,intervention_v2,non-adopters,p479,R2,b220260706,False,True,,v2_think_pair,2026-08-18T17:24:01.480103+00:00,2026-08-18T17:26:04.867974+00:00,mean,2.667,True,False,True,3.0,dont_know,55.0,associate,several_times_day,False,3,0,manual,2,0,2,0,0,0,False,24,12.0,2,True,26,38,-12.0,False,g2! h2!,1,False,2,0.0,4.0,0.0,0.0,0.0,0.0,46.0,Strugglers
intervention_v2,intervention_v2,non-adopters,p479,R3,bg20260726,False,True,,v2_think_pair,2026-08-18T17:24:01.480103+00:00,2026-08-18T17:26:04.867974+00:00,mean,2.667,True,False,True,3.0,dont_know,55.0,associate,several_times_day,False,3,0,manual,2,0,2,0,0,0,False,22,11.0,2,True,23,41,-18.0,False,g7! h7!,1,False,2,0.0,4.0,0.0,0.0,0.0,0.0,46.0,Strugglers
intervention_v2,intervention_v2,non-adopters,p502,R1,oc20260727,True,False,,v2_think_pair,2026-08-18T18:26:16.365849+00:00,2026-08-18T18:32:04.094411+00:00,mean,2.667,True,False,True,3.0,1,19.0,hs_graduate,few_times_month,False,2,5,manual,5,4,3,2,0,0,False,32,6.4,180,True,25,39,-14.0,False,g2! b6 b7 c8 a8,1,False,2,4.0,5.0,0.8,1.0,1.0,2.0,12.0,Solvers
intervention_v2,intervention_v2,non-adopters,p502,R2,b220260706,False,True,,v2_think_pair,2026-08-18T18:26:16.365849+00:00,2026-08-18T18:32:04.094411+00:00,mean,2.667,True,False,True,3.0,1,19.0,hs_graduate,few_times_month,False,2,0,manual,2,1,2,1,1,1,True,12,6.0,7,True,32,32,0.0,False,g7 g2!,1,False,2,4.0,5.0,0.8,1.0,1.0,2.0,12.0,Solvers
intervention_v2,intervention_v2,non-adopters,p502,R3,bg20260726,False,True,,v2_think_pair,2026-08-18T18:26:16.365849+00:00,2026-08-18T18:32:04.094411+00:00,mean,2.667,True,False,True,3.0,1,19.0,hs_graduate,few_times_month,False,2,0,manual,3,3,3,3,3,3,True,0,0.0,11,True,34,30,4.0,True,b2 g8 h7,1,True,2,4.0,5.0,0.8,1.0,1.0,2.0,12.0,Solvers
intervention_v2,intervention_v2,non-adopters,p511,R1,oc20260727,True,False,,v2_think_pair,2026-08-18T16:59:52.046783+00:00,2026-08-18T17:05:27.574389+00:00,mean,2.333,True,False,True,3.0,2,52.0,some_college,few_times_month,False,2,5,manual,4,3,3,2,1,1,True,38,9.5,148,True,22,42,-20.0,False,b7 b6! g2 b8,1,False,2,3.0,5.0,0.6,0.0,0.0,2.0,22.0,Solvers
intervention_v2,intervention_v2,non-adopters,p511,R2,b220260706,False,True,,v2_think_pair,2026-08-18T16:59:52.046783+00:00,2026-08-18T17:05:27.574389+00:00,mean,2.333,True,False,True,3.0,2,52.0,some_college,few_times_month,False,2,0,manual,2,1,2,1,1,1,True,12,6.0,6,True,32,32,0.0,False,g7 g2!,1,False,2,3.0,5.0,0.6,0.0,0.0,2.0,22.0,Solvers
intervention_v2,intervention_v2,non-adopters,p511,R3,bg20260726,False,True,,v2_think_pair,2026-08-18T16:59:52.046783+00:00,2026-08-18T17:05:27.574389+00:00,mean,2.333,True,False,True,3.0,2,52.0,some_college,few_times_month,False,2,0,manual,3,2,3,2,2,2,True,10,3.3,36,True,29,35,-6.0,False,b2 g8 g7!,1,False,2,3.0,5.0,0.6,0.0,0.0,2.0,22.0,Solvers
intervention_v2,intervention_v2,non-adopters,p519,R1,oc20260727,True,False,,v2_think_pair,,2026-08-18T20:28:45.745641+00:00,mean,3.0,False,False,False,3.0,2,,,,False,1,5,manual,4,0,3,0,0,0,False,54,13.5,117,True,14,50,-36.0,False,g2! c8! b6! b8!,1,False,2,1.0,4.0,0.25,0.0,0.0,0.0,40.0,Strugglers
intervention_v2,intervention_v2,non-adopters,p519,R2,b220260706,False,True,,v2_think_pair,,2026-08-18T20:28:45.745641+00:00,mean,3.0,False,False,False,3.0,2,,,,False,1,0,manual,2,0,2,0,0,0,False,24,12.0,5,True,26,38,-12.0,False,g2! h2!,1,False,2,1.0,4.0,0.25,0.0,0.0,0.0,40.0,Strugglers
intervention_v2,intervention_v2,non-adopters,p519,R3,bg20260726,False,True,,v2_think_pair,,2026-08-18T20:28:45.745641+00:00,mean,3.0,False,False,False,3.0,2,,,,False,1,0,manual,2,1,2,1,0,0,False,16,8.0,2,True,26,38,-12.0,False,h7! g8,1,False,2,1.0,4.0,0.25,0.0,0.0,0.0,40.0,Strugglers
intervention_v2,intervention_v2,non-adopters,p533,R1,oc20260727,True,False,,v2_think_pair,2026-08-18T18:54:12.287708+00:00,2026-08-18T18:59:37.608415+00:00,mean,2.667,True,False,True,3.0,1,57.0,some_college,about_monthly,False,2,6,manual,5,4,3,3,3,3,True,22,4.4,150,True,30,34,-4.0,False,b7 c8 a7 a1! h1,1,False,2,0.0,4.0,0.0,0.0,0.0,0.0,52.0,Strugglers
intervention_v2,intervention_v2,non-adopters,p533,R2,b220260706,False,True,,v2_think_pair,2026-08-18T18:54:12.287708+00:00,2026-08-18T18:59:37.608415+00:00,mean,2.667,True,False,True,3.0,1,57.0,some_college,about_monthly,False,2,0,manual,2,0,2,0,0,0,False,30,15.0,3,True,23,41,-18.0,False,g1! g2!,1,False,2,0.0,4.0,0.0,0.0,0.0,0.0,52.0,Strugglers
intervention_v2,intervention_v2,non-adopters,p533,R3,bg20260726,False,True,,v2_think_pair,2026-08-18T18:54:12.287708+00:00,2026-08-18T18:59:37.608415+00:00,mean,2.667,True,False,True,3.0,1,57.0,some_college,about_monthly,False,2,0,manual,2,0,2,0,0,0,False,22,11.0,4,True,23,41,-18.0,False,g7! h7!,1,False,2,0.0,4.0,0.0,0.0,0.0,0.0,52.0,Strugglers
intervention_v2,intervention_v2,non-adopters,p564,R1,oc20260727,True,False,,v2_think_pair,2026-08-18T17:27:12.820251+00:00,2026-08-18T17:34:14.925982+00:00,mean,2.667,True,False,True,3.0,dont_know,23.0,some_college,less_than_monthly,False,2,6,manual,6,6,3,3,6,3,True,0,0.0,229,True,41,23,18.0,True,b7 c8 a7 a3 a1 h1,1,True,2,0.0,4.0,0.0,0.0,0.0,0.0,44.0,Strugglers
intervention_v2,intervention_v2,non-adopters,p564,R2,b220260706,False,True,,v2_think_pair,2026-08-18T17:27:12.820251+00:00,2026-08-18T17:34:14.925982+00:00,mean,2.667,True,False,True,3.0,dont_know,23.0,some_college,less_than_monthly,False,2,0,manual,2,0,2,0,0,0,False,30,15.0,6,True,23,41,-18.0,False,g1! g2!,1,False,2,0.0,4.0,0.0,0.0,0.0,0.0,44.0,Strugglers
intervention_v2,intervention_v2,non-adopters,p564,R3,bg20260726,False,True,,v2_think_pair,2026-08-18T17:27:12.820251+00:00,2026-08-18T17:34:14.925982+00:00,mean,2.667,True,False,True,3.0,dont_know,23.0,some_college,less_than_monthly,False,2,0,manual,2,0,2,0,0,0,False,14,7.0,7,True,27,37,-10.0,False,g8! h7!,1,False,2,0.0,4.0,0.0,0.0,0.0,0.0,44.0,Strugglers
intervention_v2,intervention_v2,non-adopters,p637,R1,oc20260727,True,False,,v2_think_pair,2026-08-18T11:31:48.526890+00:00,2026-08-18T11:38:56.726873+00:00,mean,2.667,True,False,True,3.0,2,59.0,bachelors,several_times_day,False,2,5,manual,3,1,3,1,0,0,False,42,14.0,47,True,20,44,-24.0,False,c8! a7 b6!,1,False,2,2.0,4.0,0.5,0.0,0.0,0.0,24.0,Strugglers
intervention_v2,intervention_v2,non-adopters,p637,R2,b220260706,False,True,,v2_think_pair,2026-08-18T11:31:48.526890+00:00,2026-08-18T11:38:56.726873+00:00,mean,2.667,True,False,True,3.0,2,59.0,bachelors,several_times_day,False,2,0,manual,2,1,2,1,0,0,False,16,8.0,10,True,30,34,-4.0,False,g2! g7,1,False,2,2.0,4.0,0.5,0.0,0.0,0.0,24.0,Strugglers
intervention_v2,intervention_v2,non-adopters,p637,R3,bg20260726,False,True,,v2_think_pair,2026-08-18T11:31:48.526890+00:00,2026-08-18T11:38:56.726873+00:00,mean,2.667,True,False,True,3.0,2,59.0,bachelors,several_times_day,False,2,0,manual,2,1,2,1,0,0,False,8,4.0,9,True,30,34,-4.0,False,g8! g7,1,False,2,2.0,4.0,0.5,0.0,0.0,0.0,24.0,Strugglers
intervention_v2,intervention_v2,non-adopters,p675,R1,oc20260727,True,False,,v2_think_pair,2026-08-18T21:55:37.663855+00:00,2026-08-18T21:56:50.032559+00:00,carried over from phase 1,,True,True,True,4.0,dont_know,21.0,hs_graduate,about_monthly,False,1,5,manual,5,3,3,3,3,3,True,38,7.6,232,True,22,42,-20.0,False,b7 c8 a7 a1! g2!,1,False,2,3.0,5.0,0.6,0.0,0.0,2.0,28.0,Solvers
intervention_v2,intervention_v2,non-adopters,p675,R2,b220260706,False,True,,v2_think_pair,2026-08-18T21:55:37.663855+00:00,2026-08-18T21:56:50.032559+00:00,carried over from phase 1,,True,True,True,4.0,dont_know,21.0,hs_graduate,about_monthly,False,1,0,manual,2,1,2,1,1,1,True,14,7.0,8,True,31,33,-2.0,False,g7 h2!,1,False,2,3.0,5.0,0.6,0.0,0.0,2.0,28.0,Solvers
intervention_v2,intervention_v2,non-adopters,p675,R3,bg20260726,False,True,,v2_think_pair,2026-08-18T21:55:37.663855+00:00,2026-08-18T21:56:50.032559+00:00,carried over from phase 1,,True,True,True,4.0,dont_know,21.0,hs_graduate,about_monthly,False,1,0,manual,3,2,3,2,1,1,True,14,4.7,9,True,27,37,-10.0,False,b2 g7! h7,1,False,2,3.0,5.0,0.6,0.0,0.0,2.0,28.0,Solvers
intervention_v2,intervention_v2,non-adopters,p69,R1,oc20260727,True,False,,v2_think_pair,,2026-08-18T20:42:51.234801+00:00,mean,4.0,False,False,False,4.0,1,,,,False,4,5,manual,5,4,3,2,0,0,False,32,6.4,78,True,25,39,-14.0,False,g2! b7 b6 c8 a8,1,False,2,1.0,4.0,0.25,0.0,0.0,0.0,30.0,Strugglers
intervention_v2,intervention_v2,non-adopters,p69,R2,b220260706,False,True,,v2_think_pair,,2026-08-18T20:42:51.234801+00:00,mean,4.0,False,False,False,4.0,1,,,,False,4,0,manual,2,1,2,1,0,0,False,16,8.0,10,True,30,34,-4.0,False,g2! g7,1,False,2,1.0,4.0,0.25,0.0,0.0,0.0,30.0,Strugglers
intervention_v2,intervention_v2,non-adopters,p69,R3,bg20260726,False,True,,v2_think_pair,,2026-08-18T20:42:51.234801+00:00,mean,4.0,False,False,False,4.0,1,,,,False,4,0,manual,2,0,2,0,0,0,False,14,7.0,10,True,27,37,-10.0,False,g8! h7!,1,False,2,1.0,4.0,0.25,0.0,0.0,0.0,30.0,Strugglers
intervention_v2,intervention_v2,non-adopters,p80,R1,oc20260727,True,False,,v2_think_pair,2026-08-18T19:57:31.953684+00:00,2026-08-18T20:00:24.391623+00:00,mean,2.0,True,False,True,3.0,1,33.0,associate,several_times_day,False,1,6,manual,6,6,3,3,6,3,True,0,0.0,42,True,41,23,18.0,True,b7 c8 a7 a3 a1 h1,1,True,2,2.0,4.0,0.5,0.0,0.0,1.0,28.0,Strugglers
intervention_v2,intervention_v2,non-adopters,p80,R2,b220260706,False,True,,v2_think_pair,2026-08-18T19:57:31.953684+00:00,2026-08-18T20:00:24.391623+00:00,mean,2.0,True,False,True,3.0,1,33.0,associate,several_times_day,False,1,0,manual,2,1,2,1,1,1,True,12,6.0,1,True,32,32,0.0,False,g7 g2!,1,False,2,2.0,4.0,0.5,0.0,0.0,1.0,28.0,Strugglers
intervention_v2,intervention_v2,non-adopters,p80,R3,bg20260726,False,True,,v2_think_pair,2026-08-18T19:57:31.953684+00:00,2026-08-18T20:00:24.391623+00:00,mean,2.0,True,False,True,3.0,1,33.0,associate,several_times_day,False,1,0,manual,2,1,2,1,0,0,False,16,8.0,1,True,26,38,-12.0,False,g7! b2,1,False,2,2.0,4.0,0.5,0.0,0.0,1.0,28.0,Strugglers
intervention_v2,intervention_v2,non-adopters,p802,R1,oc20260727,True,False,,v2_think_pair,2026-08-18T19:57:23.575194+00:00,2026-08-18T20:10:28.933606+00:00,mean,2.0,True,False,True,3.0,2,22.0,some_college,few_times_week,False,5,4,timeout,5,4,3,3,3,3,True,22,4.4,53,True,30,34,-4.0,False,b7 c8 a7 a1! h1,1,False,2,1.0,4.0,0.25,0.0,0.0,0.0,38.0,Strugglers
intervention_v2,intervention_v2,non-adopters,p802,R2,b220260706,False,True,,v2_think_pair,2026-08-18T19:57:23.575194+00:00,2026-08-18T20:10:28.933606+00:00,mean,2.0,True,False,True,3.0,2,22.0,some_college,few_times_week,False,5,0,manual,2,1,2,1,0,0,False,14,7.0,8,True,31,33,-2.0,False,g1! g7,1,False,2,1.0,4.0,0.25,0.0,0.0,0.0,38.0,Strugglers
intervention_v2,intervention_v2,non-adopters,p802,R3,bg20260726,False,True,,v2_think_pair,2026-08-18T19:57:23.575194+00:00,2026-08-18T20:10:28.933606+00:00,mean,2.0,True,False,True,3.0,2,22.0,some_college,few_times_week,False,5,0,manual,2,0,2,0,0,0,False,24,12.0,6,True,22,42,-20.0,False,g7! g8!,1,False,2,1.0,4.0,0.25,0.0,0.0,0.0,38.0,Strugglers
intervention_v9,intervention_v9,non-adopters,p154,R1,oc20260727,True,False,,v9_two_rows,2026-08-19T11:41:53.932940+00:00,2026-08-19T11:49:15.988334+00:00,mean,1.0,True,False,True,4.0,dont_know,67.0,bachelors,less_than_monthly,False,2,5,manual,3,1,3,1,0,0,False,36,12.0,142,True,23,41,-18.0,False,g2! b7 c8!,1,False,2,2.0,5.0,0.4,0.0,0.0,1.0,38.0,Strugglers
intervention_v9,intervention_v9,non-adopters,p154,R2,b220260706,False,True,,v9_two_rows,2026-08-19T11:41:53.932940+00:00,2026-08-19T11:49:15.988334+00:00,mean,1.0,True,False,True,4.0,dont_know,67.0,bachelors,less_than_monthly,False,2,0,manual,2,1,2,1,0,0,False,16,8.0,6,True,30,34,-4.0,False,g2! g7,1,False,2,2.0,5.0,0.4,0.0,0.0,1.0,38.0,Strugglers
intervention_v9,intervention_v9,non-adopters,p154,R3,bg20260726,False,True,,v9_two_rows,2026-08-19T11:41:53.932940+00:00,2026-08-19T11:49:15.988334+00:00,mean,1.0,True,False,True,4.0,dont_know,67.0,bachelors,less_than_monthly,False,2,0,manual,3,1,3,1,1,1,True,22,7.3,21,True,23,41,-18.0,False,b2 g7! h8!,1,False,2,2.0,5.0,0.4,0.0,0.0,1.0,38.0,Strugglers
intervention_v9,intervention_v9,non-adopters,p196,R1,oc20260727,True,False,,v9_two_rows,2026-08-19T11:43:53.180555+00:00,2026-08-19T11:50:14.427777+00:00,mean,1.333,True,False,True,3.0,dont_know,70.0,some_college,few_times_month,False,1,5,manual,4,2,3,2,0,0,False,44,11.0,175,True,19,45,-26.0,False,b6! g2 b7 a8!,1,False,2,0.0,4.0,0.0,0.0,0.0,0.0,54.0,Strugglers
intervention_v9,intervention_v9,non-adopters,p196,R2,b220260706,False,True,,v9_two_rows,2026-08-19T11:43:53.180555+00:00,2026-08-19T11:50:14.427777+00:00,mean,1.333,True,False,True,3.0,dont_know,70.0,some_college,few_times_month,False,1,0,manual,2,0,2,0,0,0,False,30,15.0,4,True,23,41,-18.0,False,g1! g2!,1,False,2,0.0,4.0,0.0,0.0,0.0,0.0,54.0,Strugglers
intervention_v9,intervention_v9,non-adopters,p196,R3,bg20260726,False,True,,v9_two_rows,2026-08-19T11:43:53.180555+00:00,2026-08-19T11:50:14.427777+00:00,mean,1.333,True,False,True,3.0,dont_know,70.0,some_college,few_times_month,False,1,0,manual,2,0,2,0,0,0,False,24,12.0,5,True,22,42,-20.0,False,g7! g8!,1,False,2,0.0,4.0,0.0,0.0,0.0,0.0,54.0,Strugglers
intervention_v9,intervention_v9,non-adopters,p251,R1,oc20260727,True,False,,v9_two_rows,2026-08-19T19:08:13.220234+00:00,2026-08-19T19:14:59.857168+00:00,mean,2.333,True,False,True,3.0,1,25.0,some_college,less_than_monthly,False,1,3,timeout,4,2,3,2,2,2,True,76,19.0,298,True,22,42,-20.0,False,b7 c8 b6! b6!,1,False,2,2.0,5.0,0.4,0.0,0.0,1.0,38.0,Strugglers
intervention_v9,intervention_v9,non-adopters,p251,R2,b220260706,False,True,,v9_two_rows,2026-08-19T19:08:13.220234+00:00,2026-08-19T19:14:59.857168+00:00,mean,2.333,True,False,True,3.0,1,25.0,some_college,less_than_monthly,False,1,0,manual,2,0,2,0,0,0,False,24,12.0,11,True,26,38,-12.0,False,g2! h2!,1,False,2,2.0,5.0,0.4,0.0,0.0,1.0,38.0,Strugglers
intervention_v9,intervention_v9,non-adopters,p251,R3,bg20260726,False,True,,v9_two_rows,2026-08-19T19:08:13.220234+00:00,2026-08-19T19:14:59.857168+00:00,mean,2.333,True,False,True,3.0,1,25.0,some_college,less_than_monthly,False,1,0,manual,3,2,3,2,1,1,True,14,4.7,11,True,27,37,-10.0,False,b2 g7! h7,1,False,2,2.0,5.0,0.4,0.0,0.0,1.0,38.0,Strugglers
intervention_v9,intervention_v9,non-adopters,p272,R1,oc20260727,True,False,,v9_two_rows,2026-08-19T11:01:07.848787+00:00,2026-08-19T11:03:55.290454+00:00,mean,1.0,True,False,True,3.0,dont_know,33.0,some_college,weekly,False,1,5,manual,3,2,3,2,1,1,True,38,12.7,51,True,22,42,-20.0,False,b7 b6! b8,1,False,2,4.0,6.0,0.667,1.0,1.0,2.0,22.0,Solvers
intervention_v9,intervention_v9,non-adopters,p272,R2,b220260706,False,True,,v9_two_rows,2026-08-19T11:01:07.848787+00:00,2026-08-19T11:03:55.290454+00:00,mean,1.0,True,False,True,3.0,dont_know,33.0,some_college,weekly,False,1,0,manual,3,3,3,3,3,3,True,0,0.0,12,True,38,26,12.0,True,g7 h1 g2,1,True,2,4.0,6.0,0.667,1.0,1.0,2.0,22.0,Solvers
intervention_v9,intervention_v9,non-adopters,p272,R3,bg20260726,False,True,,v9_two_rows,2026-08-19T11:01:07.848787+00:00,2026-08-19T11:03:55.290454+00:00,mean,1.0,True,False,True,3.0,dont_know,33.0,some_college,weekly,False,1,0,manual,3,1,3,1,1,1,True,22,7.3,6,True,23,41,-18.0,False,b2 g7! h8!,1,False,2,4.0,6.0,0.667,1.0,1.0,2.0,22.0,Solvers
intervention_v9,intervention_v9,non-adopters,p302,R1,oc20260727,True,False,,v9_two_rows,2026-08-19T16:15:08.692541+00:00,2026-08-19T16:19:37.559564+00:00,mean,2.667,True,False,True,3.0,1,46.0,bachelors,less_than_monthly,True,2,6,manual,6,6,3,3,6,3,True,0,0.0,309,True,41,23,18.0,True,b7 c8 a7 a3 a1 h1,1,True,2,2.0,5.0,0.4,0.0,0.0,1.0,28.0,Strugglers
intervention_v9,intervention_v9,non-adopters,p302,R2,b220260706,False,True,,v9_two_rows,2026-08-19T16:15:08.692541+00:00,2026-08-19T16:19:37.559564+00:00,mean,2.667,True,False,True,3.0,1,46.0,bachelors,less_than_monthly,True,2,0,manual,3,2,3,2,2,2,True,14,4.7,9,True,31,33,-2.0,False,g7 h1 h2!,1,False,2,2.0,5.0,0.4,0.0,0.0,1.0,28.0,Strugglers
intervention_v9,intervention_v9,non-adopters,p302,R3,bg20260726,False,True,,v9_two_rows,2026-08-19T16:15:08.692541+00:00,2026-08-19T16:19:37.559564+00:00,mean,2.667,True,False,True,3.0,1,46.0,bachelors,less_than_monthly,True,2,0,manual,2,0,2,0,0,0,False,14,7.0,5,True,27,37,-10.0,False,g8! h7!,1,False,2,2.0,5.0,0.4,0.0,0.0,1.0,28.0,Strugglers
intervention_v9,intervention_v9,non-adopters,p311,R1,oc20260727,True,False,,v9_two_rows,2026-08-19T11:47:29.457378+00:00,2026-08-19T11:55:48.425643+00:00,mean,2.667,True,False,True,4.0,dont_know,59.0,hs_graduate,few_times_week,False,1,12,manual,6,6,3,3,6,3,True,0,0.0,575,True,41,23,18.0,True,b7 c8 a7 a3 a1 h1,1,True,2,3.0,5.0,0.6,1.0,1.0,1.0,14.0,Solvers
intervention_v9,intervention_v9,non-adopters,p311,R2,b220260706,False,True,,v9_two_rows,2026-08-19T11:47:29.457378+00:00,2026-08-19T11:55:48.425643+00:00,mean,2.667,True,False,True,4.0,dont_know,59.0,hs_graduate,few_times_week,False,1,0,manual,3,3,3,3,3,3,True,0,0.0,26,True,38,26,12.0,True,g7 h1 g2,1,True,2,3.0,5.0,0.6,1.0,1.0,1.0,14.0,Solvers
intervention_v9,intervention_v9,non-adopters,p311,R3,bg20260726,False,True,,v9_two_rows,2026-08-19T11:47:29.457378+00:00,2026-08-19T11:55:48.425643+00:00,mean,2.667,True,False,True,4.0,dont_know,59.0,hs_graduate,few_times_week,False,1,0,manual,2,0,2,0,0,0,False,14,7.0,19,True,27,37,-10.0,False,g8! h7!,1,False,2,3.0,5.0,0.6,1.0,1.0,1.0,14.0,Solvers
intervention_v9,intervention_v9,non-adopters,p323,R1,oc20260727,True,False,,v9_two_rows,2026-08-19T11:01:51.763986+00:00,2026-08-19T11:09:44.605659+00:00,mean,2.333,True,False,True,3.0,dont_know,27.0,hs_graduate,few_times_week,False,1,5,manual,4,2,3,2,2,2,True,28,7.0,50,True,27,37,-10.0,False,b7 c8 g2! b6!,1,False,2,3.0,5.0,0.6,1.0,1.0,1.0,14.0,Solvers
intervention_v9,intervention_v9,non-adopters,p323,R2,b220260706,False,True,,v9_two_rows,2026-08-19T11:01:51.763986+00:00,2026-08-19T11:09:44.605659+00:00,mean,2.333,True,False,True,3.0,dont_know,27.0,hs_graduate,few_times_week,False,1,0,manual,3,3,3,3,3,3,True,0,0.0,11,True,38,26,12.0,True,g7 h1 g2,1,True,2,3.0,5.0,0.6,1.0,1.0,1.0,14.0,Solvers
intervention_v9,intervention_v9,non-adopters,p323,R3,bg20260726,False,True,,v9_two_rows,2026-08-19T11:01:51.763986+00:00,2026-08-19T11:09:44.605659+00:00,mean,2.333,True,False,True,3.0,dont_know,27.0,hs_graduate,few_times_week,False,1,0,manual,2,0,2,0,0,0,False,14,7.0,3,True,27,37,-10.0,False,g8! h7!,1,False,2,3.0,5.0,0.6,1.0,1.0,1.0,14.0,Solvers
intervention_v9,intervention_v9,non-adopters,p347,R1,oc20260727,True,False,,v9_two_rows,2026-08-19T11:20:13.659714+00:00,2026-08-19T11:25:14.361538+00:00,mean,2.667,True,False,True,3.0,1,44.0,bachelors,few_times_month,False,1,7,manual,6,6,3,3,6,3,True,0,0.0,156,True,41,23,18.0,True,b7 c8 a7 a3 a1 h1,1,True,2,0.0,4.0,0.0,0.0,0.0,0.0,38.0,Strugglers
intervention_v9,intervention_v9,non-adopters,p347,R2,b220260706,False,True,,v9_two_rows,2026-08-19T11:20:13.659714+00:00,2026-08-19T11:25:14.361538+00:00,mean,2.667,True,False,True,3.0,1,44.0,bachelors,few_times_month,False,1,0,manual,2,0,2,0,0,0,False,24,12.0,5,True,26,38,-12.0,False,g2! h2!,1,False,2,0.0,4.0,0.0,0.0,0.0,0.0,38.0,Strugglers
intervention_v9,intervention_v9,non-adopters,p347,R3,bg20260726,False,True,,v9_two_rows,2026-08-19T11:20:13.659714+00:00,2026-08-19T11:25:14.361538+00:00,mean,2.667,True,False,True,3.0,1,44.0,bachelors,few_times_month,False,1,0,manual,2,0,2,0,0,0,False,14,7.0,7,True,27,37,-10.0,False,g8! h7!,1,False,2,0.0,4.0,0.0,0.0,0.0,0.0,38.0,Strugglers
intervention_v9,intervention_v9,non-adopters,p441,R1,oc20260727,True,False,,v9_two_rows,2026-08-19T18:18:54.107176+00:00,2026-08-19T18:22:52.002507+00:00,mean,2.333,True,False,True,3.0,3,55.0,some_college,few_times_month,False,2,5,manual,4,2,3,1,1,1,True,38,9.5,42,True,22,42,-20.0,False,b7 g2! b6! b8,1,False,2,3.0,5.0,0.6,1.0,1.0,1.0,22.0,Solvers
intervention_v9,intervention_v9,non-adopters,p441,R2,b220260706,False,True,,v9_two_rows,2026-08-19T18:18:54.107176+00:00,2026-08-19T18:22:52.002507+00:00,mean,2.333,True,False,True,3.0,3,55.0,some_college,few_times_month,False,2,0,manual,3,3,3,3,3,3,True,0,0.0,10,True,38,26,12.0,True,g7 h1 g2,1,True,2,3.0,5.0,0.6,1.0,1.0,1.0,22.0,Solvers
intervention_v9,intervention_v9,non-adopters,p441,R3,bg20260726,False,True,,v9_two_rows,2026-08-19T18:18:54.107176+00:00,2026-08-19T18:22:52.002507+00:00,mean,2.333,True,False,True,3.0,3,55.0,some_college,few_times_month,False,2,0,manual,2,0,2,0,0,0,False,22,11.0,5,True,23,41,-18.0,False,g7! h7!,1,False,2,3.0,5.0,0.6,1.0,1.0,1.0,22.0,Solvers
intervention_v9,intervention_v9,non-adopters,p481,R1,oc20260727,True,False,,v9_two_rows,2026-08-19T18:19:17.519349+00:00,2026-08-19T18:27:05.921781+00:00,mean,2.333,True,False,True,3.0,dont_know,44.0,hs_graduate,about_monthly,False,1,6,manual,6,6,3,3,6,3,True,0,0.0,284,True,41,23,18.0,True,b7 c8 a7 a3 a1 h1,1,True,2,3.0,5.0,0.6,0.0,0.0,1.0,30.0,Solvers
intervention_v9,intervention_v9,non-adopters,p481,R2,b220260706,False,True,,v9_two_rows,2026-08-19T18:19:17.519349+00:00,2026-08-19T18:27:05.921781+00:00,mean,2.333,True,False,True,3.0,dont_know,44.0,hs_graduate,about_monthly,False,1,0,manual,3,2,3,2,2,2,True,14,4.7,23,True,31,33,-2.0,False,g7 h1 h2!,1,False,2,3.0,5.0,0.6,0.0,0.0,1.0,30.0,Solvers
intervention_v9,intervention_v9,non-adopters,p481,R3,bg20260726,False,True,,v9_two_rows,2026-08-19T18:19:17.519349+00:00,2026-08-19T18:27:05.921781+00:00,mean,2.333,True,False,True,3.0,dont_know,44.0,hs_graduate,about_monthly,False,1,0,manual,2,1,2,1,0,0,False,16,8.0,10,True,26,38,-12.0,False,h7! g8,1,False,2,3.0,5.0,0.6,0.0,0.0,1.0,30.0,Solvers
intervention_v9,intervention_v9,non-adopters,p499,R1,oc20260727,True,False,,v9_two_rows,2026-08-19T18:33:02.425884+00:00,2026-08-19T18:36:23.717315+00:00,mean,2.667,True,False,True,3.0,1,51.0,some_college,few_times_week,True,2,13,manual,6,6,3,3,6,3,True,0,0.0,694,True,41,23,18.0,True,b7 c8 a7 a3 a1 h1,1,True,2,1.0,4.0,0.25,0.0,0.0,0.0,40.0,Strugglers
intervention_v9,intervention_v9,non-adopters,p499,R2,b220260706,False,True,,v9_two_rows,2026-08-19T18:33:02.425884+00:00,2026-08-19T18:36:23.717315+00:00,mean,2.667,True,False,True,3.0,1,51.0,some_college,few_times_week,True,2,0,manual,2,0,2,0,0,0,False,24,12.0,4,True,26,38,-12.0,False,g2! h2!,1,False,2,1.0,4.0,0.25,0.0,0.0,0.0,40.0,Strugglers
intervention_v9,intervention_v9,non-adopters,p499,R3,bg20260726,False,True,,v9_two_rows,2026-08-19T18:33:02.425884+00:00,2026-08-19T18:36:23.717315+00:00,mean,2.667,True,False,True,3.0,1,51.0,some_college,few_times_week,True,2,0,manual,2,1,2,1,0,0,False,16,8.0,19,True,26,38,-12.0,False,g7! b2,1,False,2,1.0,4.0,0.25,0.0,0.0,0.0,40.0,Strugglers
intervention_v9,intervention_v9,non-adopters,p660,R1,oc20260727,True,False,,v9_two_rows,2026-08-19T11:33:33.502847+00:00,2026-08-19T11:27:35.434585+00:00,mean,2.667,True,False,True,3.0,1,64.0,some_postgrad,weekly,False,2,5,manual,4,3,3,3,3,3,True,36,9.0,71,True,23,41,-18.0,False,b7 c8 a7 g2!,1,False,2,5.0,6.0,0.833,1.0,1.0,2.0,10.0,Solvers
intervention_v9,intervention_v9,non-adopters,p660,R2,b220260706,False,True,,v9_two_rows,2026-08-19T11:33:33.502847+00:00,2026-08-19T11:27:35.434585+00:00,mean,2.667,True,False,True,3.0,1,64.0,some_postgrad,weekly,False,2,0,manual,3,3,3,3,3,3,True,0,0.0,11,True,38,26,12.0,True,g7 h1 g2,1,True,2,5.0,6.0,0.833,1.0,1.0,2.0,10.0,Solvers
intervention_v9,intervention_v9,non-adopters,p660,R3,bg20260726,False,True,,v9_two_rows,2026-08-19T11:33:33.502847+00:00,2026-08-19T11:27:35.434585+00:00,mean,2.667,True,False,True,3.0,1,64.0,some_postgrad,weekly,False,2,0,manual,3,2,3,2,1,1,True,10,3.3,11,True,29,35,-6.0,False,b2 h7! g8,1,False,2,5.0,6.0,0.833,1.0,1.0,2.0,10.0,Solvers
intervention_v9,intervention_v9,non-adopters,p674,R1,oc20260727,True,False,,v9_two_rows,2026-08-19T11:00:43.449222+00:00,2026-08-19T11:04:08.822638+00:00,mean,1.667,True,False,True,3.0,2,41.0,postgrad,few_times_month,False,2,9,manual,6,6,3,3,6,3,True,0,0.0,163,True,41,23,18.0,True,b7 c8 a7 a3 a1 h1,1,True,2,1.0,4.0,0.25,0.0,0.0,0.0,38.0,Strugglers
intervention_v9,intervention_v9,non-adopters,p674,R2,b220260706,False,True,,v9_two_rows,2026-08-19T11:00:43.449222+00:00,2026-08-19T11:04:08.822638+00:00,mean,1.667,True,False,True,3.0,2,41.0,postgrad,few_times_month,False,2,0,manual,2,1,2,1,0,0,False,14,7.0,6,True,31,33,-2.0,False,g1! g7,1,False,2,1.0,4.0,0.25,0.0,0.0,0.0,38.0,Strugglers
intervention_v9,intervention_v9,non-adopters,p674,R3,bg20260726,False,True,,v9_two_rows,2026-08-19T11:00:43.449222+00:00,2026-08-19T11:04:08.822638+00:00,mean,1.667,True,False,True,3.0,2,41.0,postgrad,few_times_month,False,2,0,manual,2,0,2,0,0,0,False,24,12.0,3,True,22,42,-20.0,False,g7! g8!,1,False,2,1.0,4.0,0.25,0.0,0.0,0.0,38.0,Strugglers
intervention_v9,intervention_v9,non-adopters,p756,R1,oc20260727,True,False,,v9_two_rows,2026-08-19T11:16:38.321470+00:00,2026-08-19T11:18:33.049476+00:00,mean,1.0,True,False,True,3.0,1,33.0,bachelors,never,False,1,5,manual,3,2,3,2,1,1,True,38,12.7,5,True,22,42,-20.0,False,b7 b6! b8,1,False,2,1.0,4.0,0.25,0.0,0.0,0.0,42.0,Strugglers
intervention_v9,intervention_v9,non-adopters,p756,R2,b220260706,False,True,,v9_two_rows,2026-08-19T11:16:38.321470+00:00,2026-08-19T11:18:33.049476+00:00,mean,1.0,True,False,True,3.0,1,33.0,bachelors,never,False,1,0,manual,2,1,2,1,0,0,False,16,8.0,5,True,30,34,-4.0,False,g2! g7,1,False,2,1.0,4.0,0.25,0.0,0.0,0.0,42.0,Strugglers
intervention_v9,intervention_v9,non-adopters,p756,R3,bg20260726,False,True,,v9_two_rows,2026-08-19T11:16:38.321470+00:00,2026-08-19T11:18:33.049476+00:00,mean,1.0,True,False,True,3.0,1,33.0,bachelors,never,False,1,0,manual,2,0,2,0,0,0,False,26,13.0,2,True,21,43,-22.0,False,h7! g7!,1,False,2,1.0,4.0,0.25,0.0,0.0,0.0,42.0,Strugglers
intervention_v9,intervention_v9,non-adopters,p778,R1,oc20260727,True,False,,v9_two_rows,2026-08-19T19:26:20.899923+00:00,2026-08-19T19:39:02.595212+00:00,mean,1.0,True,False,True,3.0,1,47.0,hs_graduate,less_than_monthly,False,3,5,manual,4,1,3,0,0,0,False,42,10.5,34,True,20,44,-24.0,False,b6! b7! c8! a7,1,False,2,4.0,6.0,0.667,0.0,0.0,1.0,30.0,Solvers
intervention_v9,intervention_v9,non-adopters,p778,R2,b220260706,False,True,,v9_two_rows,2026-08-19T19:26:20.899923+00:00,2026-08-19T19:39:02.595212+00:00,mean,1.0,True,False,True,3.0,1,47.0,hs_graduate,less_than_monthly,False,3,0,manual,3,2,3,2,2,2,True,14,4.7,19,True,31,33,-2.0,False,g7 h1 h2!,1,False,2,4.0,6.0,0.667,0.0,0.0,1.0,30.0,Solvers
intervention_v9,intervention_v9,non-adopters,p778,R3,bg20260726,False,True,,v9_two_rows,2026-08-19T19:26:20.899923+00:00,2026-08-19T19:39:02.595212+00:00,mean,1.0,True,False,True,3.0,1,47.0,hs_graduate,less_than_monthly,False,3,0,manual,3,2,3,2,0,0,False,16,5.3,7,True,26,38,-12.0,False,h7! b2 g8,1,False,2,4.0,6.0,0.667,0.0,0.0,1.0,30.0,Solvers
intervention_johnny,intervention_johnny,non-adopters,p106,R1,oc20260727,True,False,johnny_connect_four_boost,,2026-08-20T01:11:09.662698+00:00,2026-08-20T01:14:41.686330+00:00,mean,2.667,True,False,True,,2,40.0,hs_graduate,less_than_monthly,False,1,5,manual,5,4,3,2,1,1,True,20,4.0,345,True,31,33,-2.0,False,b7 g2! c8 a7 b6,1,False,0,,,,,,,,
intervention_johnny,intervention_johnny,non-adopters,p144,R1,oc20260727,True,False,johnny_connect_four_boost,,2026-08-20T01:01:57.114585+00:00,2026-08-20T01:07:53.377735+00:00,mean,2.667,True,False,True,,1,31.0,some_college,daily,True,1,5,manual,6,6,3,3,6,3,True,0,0.0,240,True,41,23,18.0,True,b7 c8 a7 a3 a1 h1,1,True,0,,,,,,,,
intervention_johnny,intervention_johnny,non-adopters,p186,R1,oc20260727,True,False,johnny_connect_four_boost,,2026-08-20T01:38:43.409811+00:00,2026-08-20T01:40:29.226686+00:00,mean,2.667,True,False,True,,dont_know,25.0,bachelors,never,False,1,5,manual,3,2,3,2,2,2,True,38,12.7,10,True,22,42,-20.0,False,b7 c8 b6!,1,False,0,,,,,,,,
intervention_johnny,intervention_johnny,non-adopters,p34,R1,oc20260727,True,False,johnny_connect_four_boost,,2026-08-20T20:28:35.186433+00:00,2026-08-20T20:32:13.531523+00:00,mean,2.333,True,False,True,,dont_know,32.0,hs_incomplete,never,False,1,5,manual,4,2,3,2,3,3,True,36,9.0,111,True,23,41,-18.0,False,b7 a7! b6 g2!,1,False,0,,,,,,,,
intervention_johnny,intervention_johnny,non-adopters,p386,R1,oc20260727,True,False,johnny_connect_four_boost,,2026-08-20T01:32:29.175917+00:00,2026-08-20T01:40:08.212138+00:00,mean,3.0,True,False,True,,dont_know,25.0,hs_graduate,daily,True,1,5,manual,5,4,3,3,3,3,True,22,4.4,403,True,30,34,-4.0,False,b7 c8 a7 a1! h1,1,False,0,,,,,,,,
intervention_johnny,intervention_johnny,non-adopters,p387,R1,oc20260727,True,False,johnny_connect_four_boost,,2026-08-20T20:27:45.762498+00:00,2026-08-20T20:33:12.242674+00:00,mean,1.0,True,False,True,,3,57.0,associate,about_monthly,False,3,5,manual,4,1,3,1,0,0,False,56,14.0,149,True,13,51,-38.0,False,g2! c8! a8 b6!,1,False,0,,,,,,,,
intervention_johnny,intervention_johnny,non-adopters,p458,R1,oc20260727,True,False,johnny_connect_four_boost,,2026-08-20T20:27:11.685095+00:00,2026-08-20T20:30:10.141699+00:00,mean,2.333,True,False,True,,2,33.0,bachelors,about_monthly,True,2,5,manual,3,2,3,2,1,1,True,38,12.7,209,True,22,42,-20.0,False,b7 b6! b8,1,False,0,,,,,,,,
intervention_johnny,intervention_johnny,non-adopters,p468,R1,oc20260727,True,False,johnny_connect_four_boost,,2026-08-20T01:05:55.053018+00:00,2026-08-20T01:07:46.213471+00:00,mean,1.667,True,False,True,,dont_know,26.0,hs_graduate,never,True,1,5,manual,3,2,3,2,2,2,True,38,12.7,28,True,22,42,-20.0,False,b7 c8 b6!,1,False,0,,,,,,,,
intervention_johnny,intervention_johnny,non-adopters,p47,R1,oc20260727,True,False,johnny_connect_four_boost,,2026-08-20T01:07:38.635047+00:00,2026-08-20T01:10:30.458372+00:00,mean,2.667,True,False,True,,1,33.0,postgrad,daily,False,2,5,manual,3,2,3,2,2,2,True,38,12.7,55,True,22,42,-20.0,False,b7 c8 b6!,1,False,0,,,,,,,,
intervention_johnny,intervention_johnny,non-adopters,p471,R1,oc20260727,True,False,johnny_connect_four_boost,,2026-08-20T01:54:29.783568+00:00,2026-08-20T01:58:54.136939+00:00,mean,1.333,True,False,True,,1,70.0,some_college,several_times_day,False,5,6,manual,4,2,3,2,0,0,False,40,10.0,156,True,21,43,-22.0,False,g2! b6 b7 a8!,1,False,0,,,,,,,,
intervention_johnny,intervention_johnny,non-adopters,p474,R1,oc20260727,True,False,johnny_connect_four_boost,,2026-08-20T01:27:55.162867+00:00,2026-08-20T01:31:16.334679+00:00,mean,3.0,True,False,True,,1,29.0,some_college,weekly,False,1,5,manual,6,6,3,3,6,3,True,0,0.0,183,True,41,23,18.0,True,b7 c8 a7 a3 a1 h1,1,True,0,,,,,,,,
intervention_johnny,intervention_johnny,non-adopters,p475,R1,oc20260727,True,False,johnny_connect_four_boost,,2026-08-20T21:20:57.939041+00:00,2026-08-20T21:24:12.083802+00:00,mean,1.333,True,False,True,,3,58.0,bachelors,never,False,3,6,manual,6,6,3,3,6,3,True,0,0.0,125,True,41,23,18.0,True,b7 c8 a7 a3 a1 h1,1,True,0,,,,,,,,
intervention_johnny,intervention_johnny,non-adopters,p508,R1,oc20260727,True,False,johnny_connect_four_boost,,2026-08-20T01:02:13.894973+00:00,2026-08-20T01:03:48.898926+00:00,mean,3.0,True,False,True,,dont_know,56.0,some_college,few_times_month,False,1,7,manual,6,6,3,3,6,3,True,0,0.0,111,True,41,23,18.0,True,b7 c8 a7 a3 a1 h1,1,True,0,,,,,,,,
intervention_johnny,intervention_johnny,non-adopters,p522,R1,oc20260727,True,False,johnny_connect_four_boost,,2026-08-20T01:10:23.282393+00:00,2026-08-20T01:15:26.137855+00:00,mean,2.333,True,False,True,,2,45.0,bachelors,daily,True,2,6,manual,5,4,3,3,3,3,True,22,4.4,247,True,30,34,-4.0,False,b7 c8 a7 a1! h1,1,False,0,,,,,,,,
intervention_johnny,intervention_johnny,non-adopters,p561,R1,oc20260727,True,False,johnny_connect_four_boost,,2026-08-20T01:45:21.828383+00:00,2026-08-20T01:49:09.934526+00:00,mean,2.0,True,False,True,,2,25.0,bachelors,daily,False,2,7,manual,6,6,3,3,6,3,True,0,0.0,199,True,41,23,18.0,True,b7 c8 a7 a3 a1 h1,1,True,0,,,,,,,,
intervention_johnny,intervention_johnny,non-adopters,p606,R1,oc20260727,True,False,johnny_connect_four_boost,,2026-08-20T01:24:36.693945+00:00,2026-08-20T01:38:09.952157+00:00,mean,3.0,True,False,True,,3,31.0,some_college,few_times_month,False,3,5,manual,3,2,3,2,2,2,True,38,12.7,14,True,22,42,-20.0,False,b7 c8 b6!,1,False,0,,,,,,,,
intervention_johnny,intervention_johnny,non-adopters,p643,R1,oc20260727,True,False,johnny_connect_four_boost,,2026-08-20T01:23:17.144835+00:00,2026-08-20T01:25:45.877146+00:00,mean,2.333,True,False,True,,2,26.0,bachelors,less_than_monthly,False,1,5,manual,6,6,3,3,6,3,True,0,0.0,146,True,41,23,18.0,True,b7 c8 a7 a3 a1 h1,1,True,0,,,,,,,,
intervention_johnny,intervention_johnny,non-adopters,p690,R1,oc20260727,True,False,johnny_connect_four_boost,,2026-08-20T20:30:58.305481+00:00,2026-08-20T20:38:09.589937+00:00,mean,2.333,True,False,True,,dont_know,21.0,hs_graduate,daily,False,1,5,manual,4,2,3,2,1,1,True,36,9.0,17,True,23,41,-18.0,False,b7 g2! c8 b6!,1,False,0,,,,,,,,
intervention_johnny,intervention_johnny,non-adopters,p765,R1,oc20260727,True,False,johnny_connect_four_boost,,2026-08-20T01:09:54.816754+00:00,2026-08-20T01:14:34.914153+00:00,mean,2.667,True,False,True,,1,30.0,associate,never,False,1,5,manual,4,3,3,3,3,3,True,36,9.0,214,True,23,41,-18.0,False,b7 c8 a7 g2!,1,False,0,,,,,,,,
intervention_johnny,intervention_johnny,non-adopters,p814,R1,oc20260727,True,False,johnny_connect_four_boost,,2026-08-20T01:17:11.939392+00:00,2026-08-20T01:20:35.494596+00:00,mean,1.667,True,False,True,,dont_know,44.0,postgrad,several_times_day,False,1,2,timeout,4,0,3,0,0,0,False,54,13.5,16,True,14,50,-36.0,False,g2! c8! b6! b8!,1,False,0,,,,,,,,
intervention_johnny,intervention_johnny,non-adopters,p88,R1,oc20260727,True,False,johnny_connect_four_boost,,2026-08-20T20:29:13.081686+00:00,2026-08-20T20:34:29.250186+00:00,mean,1.667,True,False,True,,dont_know,65.0,some_college,weekly,False,3,5,manual,6,6,3,3,6,3,True,0,0.0,240,True,41,23,18.0,True,b7 c8 a7 a3 a1 h1,1,True,0,,,,,,,,
intervention_modelled_ta,intervention_modelled_ta,non-adopters,p146,R1,oc20260727,True,False,modelled_think_aloud,,2026-08-20T02:44:04.573782+00:00,2026-08-20T02:47:54.277414+00:00,mean,2.667,True,False,True,,1,22.0,hs_graduate,less_than_monthly,False,1,8,timeout,6,6,3,3,6,3,True,0,0.0,282,True,41,23,18.0,True,b7 c8 a7 a3 a1 h1,1,True,0,,,,,,,,
intervention_modelled_ta,intervention_modelled_ta,non-adopters,p181,R1,oc20260727,True,False,modelled_think_aloud,,2026-08-20T02:17:29.895497+00:00,2026-08-20T02:21:40.731764+00:00,mean,3.0,True,False,True,,3,27.0,bachelors,several_times_day,True,3,6,manual,6,6,3,3,6,3,True,0,0.0,304,True,41,23,18.0,True,b7 c8 a7 a3 a1 h1,1,True,0,,,,,,,,
intervention_modelled_ta,intervention_modelled_ta,non-adopters,p220,R1,oc20260727,True,False,modelled_think_aloud,,2026-08-20T02:28:24.219184+00:00,2026-08-20T02:32:33.138430+00:00,mean,2.667,True,False,True,,dont_know,21.0,hs_graduate,few_times_week,False,1,6,manual,3,1,3,1,1,1,True,42,14.0,277,True,20,44,-24.0,False,b7 b6! c8!,1,False,0,,,,,,,,
intervention_modelled_ta,intervention_modelled_ta,non-adopters,p232,R1,oc20260727,True,False,modelled_think_aloud,,2026-08-20T02:41:07.857819+00:00,2026-08-20T02:45:25.801001+00:00,mean,3.0,True,False,True,,3,52.0,bachelors,few_times_week,False,2,6,manual,5,4,3,3,3,3,True,22,4.4,218,True,30,34,-4.0,False,b7 c8 a7 a1! h1,1,False,0,,,,,,,,
intervention_modelled_ta,intervention_modelled_ta,non-adopters,p256,R1,oc20260727,True,False,modelled_think_aloud,,2026-08-20T02:17:36.472248+00:00,2026-08-20T02:21:50.289961+00:00,mean,1.667,True,False,True,,dont_know,66.0,some_college,few_times_week,False,1,7,timeout,5,5,3,3,5,3,True,0,0.0,252,False,28,34,,,b7 c8 a7 a3 a1,1,False,0,,,,,,,,
intervention_modelled_ta,intervention_modelled_ta,non-adopters,p278,R1,oc20260727,True,False,modelled_think_aloud,,2026-08-20T02:53:40.985737+00:00,2026-08-20T02:59:49.431024+00:00,mean,3.0,True,False,True,,3,29.0,bachelors,few_times_week,False,3,5,manual,3,1,3,1,0,0,False,36,12.0,55,True,23,41,-18.0,False,g2! b7 c8!,1,False,0,,,,,,,,
intervention_modelled_ta,intervention_modelled_ta,non-adopters,p382,R1,oc20260727,True,False,modelled_think_aloud,,2026-08-20T02:26:19.463899+00:00,2026-08-20T02:30:55.771643+00:00,mean,1.0,True,False,True,,3,42.0,associate,weekly,False,2,5,manual,5,3,3,2,0,0,False,40,8.0,8,True,21,43,-22.0,False,g2! b6 b7 c8 a7!,1,False,0,,,,,,,,
intervention_modelled_ta,intervention_modelled_ta,non-adopters,p409,R1,oc20260727,True,False,modelled_think_aloud,,2026-08-20T02:17:31.526071+00:00,2026-08-20T02:20:35.743223+00:00,mean,2.333,True,False,True,,2,31.0,some_college,less_than_monthly,False,4,5,manual,2,0,2,0,0,0,False,54,27.0,7,True,14,50,-36.0,False,a7! c8!,1,False,0,,,,,,,,
intervention_modelled_ta,intervention_modelled_ta,non-adopters,p557,R1,oc20260727,True,False,modelled_think_aloud,,2026-08-20T02:50:09.421603+00:00,2026-08-20T02:53:59.314074+00:00,mean,2.333,True,False,True,,1,24.0,bachelors,few_times_week,False,1,5,manual,5,4,3,3,5,3,True,16,3.2,93,True,33,31,2.0,True,b7 c8 a7 a3 g2!,1,False,0,,,,,,,,
intervention_modelled_ta,intervention_modelled_ta,non-adopters,p570,R1,oc20260727,True,False,modelled_think_aloud,,2026-08-20T02:44:56.679659+00:00,2026-08-20T02:47:23.221224+00:00,mean,2.0,True,False,True,,1,18.0,some_college,several_times_day,False,1,5,manual,3,1,3,1,0,0,False,42,14.0,11,True,20,44,-24.0,False,c8! b6! a8,1,False,0,,,,,,,,
intervention_modelled_ta,intervention_modelled_ta,non-adopters,p6,R1,oc20260727,True,False,modelled_think_aloud,,2026-08-20T02:17:08.690739+00:00,2026-08-20T02:19:03.596664+00:00,mean,1.333,True,False,True,,dont_know,25.0,some_college,few_times_month,False,2,5,manual,4,2,3,1,0,0,False,40,10.0,63,True,21,43,-22.0,False,b6! b7! b8 a7,1,False,0,,,,,,,,
intervention_modelled_ta,intervention_modelled_ta,non-adopters,p646,R1,oc20260727,True,False,modelled_think_aloud,,2026-08-20T02:30:23.968683+00:00,2026-08-20T02:32:23.294567+00:00,mean,1.667,True,False,True,,dont_know,37.0,postgrad,few_times_month,True,2,5,manual,6,5,3,3,6,3,True,16,2.7,178,True,33,31,2.0,True,b7 c8 a7 a3 a1 g2!,1,False,0,,,,,,,,
intervention_modelled_ta,intervention_modelled_ta,non-adopters,p695,R1,oc20260727,True,False,modelled_think_aloud,,2026-08-20T02:38:05.795387+00:00,2026-08-20T02:42:12.503232+00:00,mean,3.333,True,False,True,,2,26.0,bachelors,few_times_week,False,1,6,manual,3,2,3,2,1,1,True,38,12.7,57,True,22,42,-20.0,False,b7 b6! b8,1,False,0,,,,,,,,
intervention_modelled_ta,intervention_modelled_ta,non-adopters,p719,R1,oc20260727,True,False,modelled_think_aloud,,2026-08-20T02:59:18.868208+00:00,2026-08-20T03:02:57.870590+00:00,mean,2.667,True,False,True,,dont_know,22.0,some_college,few_times_week,False,2,8,manual,4,2,3,1,0,0,False,38,9.5,32,True,22,42,-20.0,False,b6! g2 c8! a8,1,False,0,,,,,,,,
intervention_modelled_ta,intervention_modelled_ta,non-adopters,p724,R1,oc20260727,True,False,modelled_think_aloud,,2026-08-20T02:34:33.026780+00:00,2026-08-20T02:36:01.979380+00:00,mean,1.667,True,False,True,,dont_know,32.0,postgrad,several_times_day,False,1,5,manual,4,2,3,2,1,1,True,42,10.5,75,True,20,44,-24.0,False,b7 b6! g2 c8!,1,False,0,,,,,,,,
intervention_esr,intervention_esr,non-adopters,p108,R1,oc20260727,True,False,elicit_select_reply,,2026-08-20T17:26:42.121570+00:00,2026-08-20T17:30:36.909695+00:00,mean,2.0,True,False,True,3.0,3,50.0,postgrad,never,False,2,5,manual,3,1,3,1,1,1,True,42,14.0,72,True,20,44,-24.0,False,b7 b6! c8!,1,False,0,,,,,,,,
intervention_esr,intervention_esr,non-adopters,p135,R1,oc20260727,True,False,elicit_select_reply,,2026-08-20T19:28:13.388774+00:00,2026-08-20T19:30:06.098220+00:00,mean,3.0,True,False,True,3.0,1,68.0,some_postgrad,several_times_day,False,1,5,manual,6,5,3,3,6,3,True,16,2.7,46,True,33,31,2.0,True,b7 c8 a7 a3 a1 g2!,1,False,0,,,,,,,,
intervention_esr,intervention_esr,non-adopters,p167,R1,oc20260727,True,False,elicit_select_reply,,2026-08-20T15:43:44.424927+00:00,2026-08-20T15:45:58.369604+00:00,mean,1.0,True,False,True,2.0,dont_know,40.0,postgrad,never,False,1,5,manual,4,3,3,2,0,0,False,36,9.0,56,True,23,41,-18.0,False,a7! g2 b6 b8,1,False,0,,,,,,,,
intervention_esr,intervention_esr,non-adopters,p22,R1,oc20260727,True,False,elicit_select_reply,,2026-08-20T16:42:57.064003+00:00,2026-08-20T16:48:59.407107+00:00,mean,3.0,True,False,True,3.0,1,30.0,bachelors,never,True,2,5,manual,5,4,3,3,3,3,True,22,4.4,332,True,30,34,-4.0,False,b7 c8 a7 a1! h1,1,False,0,,,,,,,,
intervention_esr,intervention_esr,non-adopters,p231,R1,oc20260727,True,False,elicit_select_reply,,2026-08-20T13:01:30.992300+00:00,2026-08-20T13:07:22.500633+00:00,mean,2.667,True,False,True,2.0,1,24.0,hs_incomplete,about_monthly,False,2,5,manual,5,4,3,2,0,0,False,32,6.4,112,True,25,39,-14.0,False,g2! b7 b6 c8 a8,1,False,0,,,,,,,,
intervention_esr,intervention_esr,non-adopters,p36,R1,oc20260727,True,False,elicit_select_reply,,2026-08-20T17:05:50.642686+00:00,2026-08-20T17:10:01.396522+00:00,mean,2.333,True,False,True,3.0,2,23.0,some_postgrad,weekly,False,3,5,manual,4,1,3,1,0,0,False,46,11.5,48,True,18,46,-28.0,False,b6! b7! b8 g2!,1,False,0,,,,,,,,
intervention_esr,intervention_esr,non-adopters,p566,R1,oc20260727,True,False,elicit_select_reply,,2026-08-20T14:45:32.083933+00:00,2026-08-20T14:53:07.114874+00:00,mean,3.333,True,False,True,2.0,dont_know,61.0,bachelors,less_than_monthly,False,2,5,timeout,1,1,1,1,1,1,True,0,0.0,0,False,24,32,,,b7,1,False,0,,,,,,,,
intervention_esr,intervention_esr,non-adopters,p586,R1,oc20260727,True,False,elicit_select_reply,,2026-08-20T13:01:50.937684+00:00,2026-08-20T13:06:39.620791+00:00,mean,3.0,True,False,True,3.0,dont_know,32.0,bachelors,less_than_monthly,False,1,6,manual,3,2,3,2,1,1,True,38,12.7,158,True,22,42,-20.0,False,b7 b6! b8,1,False,0,,,,,,,,
intervention_esr,intervention_esr,non-adopters,p653,R1,oc20260727,True,False,elicit_select_reply,,2026-08-20T17:26:25.302134+00:00,2026-08-20T17:29:28.973379+00:00,mean,1.0,True,False,True,3.0,dont_know,24.0,bachelors,few_times_week,True,1,5,manual,4,2,3,2,1,1,True,36,9.0,86,True,23,41,-18.0,False,b7 g2! c8 b6!,1,False,0,,,,,,,,
intervention_esr,intervention_esr,non-adopters,p703,R1,oc20260727,True,False,elicit_select_reply,,2026-08-20T13:01:26.882118+00:00,2026-08-20T13:05:53.578209+00:00,mean,2.667,True,False,True,3.0,2,67.0,bachelors,few_times_week,False,1,5,manual,4,2,3,1,0,0,False,40,10.0,79,True,21,43,-22.0,False,b6! b7! b8 a7,1,False,0,,,,,,,,
intervention_esr,intervention_esr,non-adopters,p710,R1,oc20260727,True,False,elicit_select_reply,,2026-08-20T13:02:48.440133+00:00,2026-08-20T13:04:51.344977+00:00,mean,2.0,True,False,True,2.0,2,31.0,postgrad,never,False,1,6,manual,6,6,3,3,6,3,True,0,0.0,78,True,41,23,18.0,True,b7 c8 a7 a3 a1 h1,1,True,0,,,,,,,,
intervention_esr,intervention_esr,non-adopters,p758,R1,oc20260727,True,False,elicit_select_reply,,2026-08-20T14:45:05.300489+00:00,2026-08-20T14:50:35.245946+00:00,mean,3.0,True,False,True,2.0,2,38.0,bachelors,several_times_day,True,2,10,manual,5,4,3,2,2,2,True,24,4.8,320,True,29,35,-6.0,False,b7 c8 g2! a1 a7,1,False,0,,,,,,,,
intervention_esr,intervention_esr,non-adopters,p776,R1,oc20260727,True,False,elicit_select_reply,,2026-08-20T13:01:57.305523+00:00,2026-08-20T13:07:26.662333+00:00,mean,3.0,True,False,True,4.0,1,39.0,hs_graduate,about_monthly,False,2,5,manual,3,2,3,2,1,1,True,38,12.7,91,True,22,42,-20.0,False,b7 b6! b8,1,False,0,,,,,,,,
intervention_esr,intervention_esr,non-adopters,p79,R1,oc20260727,True,False,elicit_select_reply,,2026-08-20T14:45:13.855268+00:00,2026-08-20T14:46:54.832100+00:00,mean,1.333,True,False,True,2.0,dont_know,34.0,postgrad,about_monthly,False,2,5,manual,4,2,3,2,0,0,False,44,11.0,11,True,19,45,-26.0,False,c8! g2 b6 b8!,1,False,0,,,,,,,,
vanilla_non_adopters,3arm_vanilla,non-adopters,p108,R1,oc20260727,True,False,,,2026-08-21T13:10:26.111517+00:00,,mean,2.667,True,False,True,,3,50.0,some_postgrad,never,True,2,5,manual,5,4,3,3,3,3,True,22,4.4,392,True,30,34,-4.0,False,b7 c8 a7 a1! h1,1,False,2,4.0,5.0,0.8,1.0,1.0,1.0,8.0,Solvers
vanilla_non_adopters,3arm_vanilla,non-adopters,p108,R2,b220260706,False,True,,,2026-08-21T13:10:26.111517+00:00,,mean,2.667,True,False,True,,3,50.0,some_postgrad,never,True,2,0,manual,3,3,3,3,3,3,True,0,0.0,10,True,38,26,12.0,True,g7 h1 g2,1,True,2,4.0,5.0,0.8,1.0,1.0,1.0,8.0,Solvers
vanilla_non_adopters,3arm_vanilla,non-adopters,p108,R3,bg20260726,False,True,,,2026-08-21T13:10:26.111517+00:00,,mean,2.667,True,False,True,,3,50.0,some_postgrad,never,True,2,0,manual,2,1,2,1,0,0,False,8,4.0,9,True,30,34,-4.0,False,g8! g7,1,False,2,4.0,5.0,0.8,1.0,1.0,1.0,8.0,Solvers
vanilla_non_adopters,3arm_vanilla,non-adopters,p138,R1,oc20260727,True,False,,,2026-08-21T12:43:21.651466+00:00,,mean,3.0,True,False,True,,1,52.0,bachelors,weekly,False,1,9,manual,5,4,3,3,5,3,True,16,3.2,149,True,33,31,2.0,True,b7 c8 a7 a3 g2!,1,False,2,0.0,4.0,0.0,0.0,0.0,0.0,46.0,Strugglers
vanilla_non_adopters,3arm_vanilla,non-adopters,p138,R2,b220260706,False,True,,,2026-08-21T12:43:21.651466+00:00,,mean,3.0,True,False,True,,1,52.0,bachelors,weekly,False,1,0,manual,2,0,2,0,0,0,False,24,12.0,8,True,26,38,-12.0,False,g2! h2!,1,False,2,0.0,4.0,0.0,0.0,0.0,0.0,46.0,Strugglers
vanilla_non_adopters,3arm_vanilla,non-adopters,p138,R3,bg20260726,False,True,,,2026-08-21T12:43:21.651466+00:00,,mean,3.0,True,False,True,,1,52.0,bachelors,weekly,False,1,0,manual,2,0,2,0,0,0,False,22,11.0,10,True,23,41,-18.0,False,g7! h7!,1,False,2,0.0,4.0,0.0,0.0,0.0,0.0,46.0,Strugglers
vanilla_non_adopters,3arm_vanilla,non-adopters,p159,R1,oc20260727,True,False,,,2026-08-21T13:44:53.655449+00:00,,mean,2.667,True,False,True,,1,26.0,bachelors,few_times_month,True,3,5,manual,4,3,3,2,1,1,True,38,9.5,278,True,22,42,-20.0,False,b7 b6! g2 b8,1,False,2,1.0,5.0,0.2,0.0,0.0,1.0,40.0,Strugglers
vanilla_non_adopters,3arm_vanilla,non-adopters,p159,R2,b220260706,False,True,,,2026-08-21T13:44:53.655449+00:00,,mean,2.667,True,False,True,,1,26.0,bachelors,few_times_month,True,3,0,manual,2,0,2,0,0,0,False,24,12.0,4,True,26,38,-12.0,False,g2! h2!,1,False,2,1.0,5.0,0.2,0.0,0.0,1.0,40.0,Strugglers
vanilla_non_adopters,3arm_vanilla,non-adopters,p159,R3,bg20260726,False,True,,,2026-08-21T13:44:53.655449+00:00,,mean,2.667,True,False,True,,1,26.0,bachelors,few_times_month,True,3,0,manual,3,1,3,1,1,1,True,16,5.3,9,True,26,38,-12.0,False,b2 h7! g7!,1,False,2,1.0,5.0,0.2,0.0,0.0,1.0,40.0,Strugglers
vanilla_non_adopters,3arm_vanilla,non-adopters,p16,R1,oc20260727,True,False,,,2026-08-21T13:11:53.671142+00:00,,mean,1.667,True,False,True,,1,58.0,some_college,few_times_week,True,3,7,timeout,5,5,3,3,5,3,True,0,0.0,437,False,28,34,,,b7 c8 a7 a3 a1,1,False,2,2.0,4.0,0.5,0.0,0.0,0.0,30.0,Strugglers
vanilla_non_adopters,3arm_vanilla,non-adopters,p16,R2,b220260706,False,True,,,2026-08-21T13:11:53.671142+00:00,,mean,1.667,True,False,True,,1,58.0,some_college,few_times_week,True,3,0,manual,2,1,2,1,0,0,False,14,7.0,13,True,31,33,-2.0,False,g1! g7,1,False,2,2.0,4.0,0.5,0.0,0.0,0.0,30.0,Strugglers
vanilla_non_adopters,3arm_vanilla,non-adopters,p16,R3,bg20260726,False,True,,,2026-08-21T13:11:53.671142+00:00,,mean,1.667,True,False,True,,1,58.0,some_college,few_times_week,True,3,0,manual,2,1,2,1,0,0,False,16,8.0,7,True,26,38,-12.0,False,h7! g8,1,False,2,2.0,4.0,0.5,0.0,0.0,0.0,30.0,Strugglers
vanilla_non_adopters,3arm_vanilla,non-adopters,p165,R1,oc20260727,True,False,,,2026-08-21T13:24:55.117710+00:00,,mean,3.0,True,False,True,,1,37.0,postgrad,never,True,3,5,manual,5,3,3,2,1,1,True,36,7.2,223,True,23,41,-18.0,False,b7 g2! c8 a7 a1!,1,False,2,1.0,4.0,0.25,0.0,0.0,0.0,32.0,Strugglers
vanilla_non_adopters,3arm_vanilla,non-adopters,p165,R2,b220260706,False,True,,,2026-08-21T13:24:55.117710+00:00,,mean,3.0,True,False,True,,1,37.0,postgrad,never,True,3,0,manual,2,0,2,0,0,0,False,24,12.0,10,True,26,38,-12.0,False,g2! h2!,1,False,2,1.0,4.0,0.25,0.0,0.0,0.0,32.0,Strugglers
vanilla_non_adopters,3arm_vanilla,non-adopters,p165,R3,bg20260726,False,True,,,2026-08-21T13:24:55.117710+00:00,,mean,3.0,True,False,True,,1,37.0,postgrad,never,True,3,0,manual,2,1,2,1,0,0,False,8,4.0,11,True,30,34,-4.0,False,g8! g7,1,False,2,1.0,4.0,0.25,0.0,0.0,0.0,32.0,Strugglers
vanilla_non_adopters,3arm_vanilla,non-adopters,p184,R1,oc20260727,True,False,,,2026-08-21T12:59:33.222614+00:00,,mean,2.333,True,False,True,,2,46.0,some_college,never,False,3,5,manual,4,2,3,2,1,1,True,36,9.0,113,True,23,41,-18.0,False,b7 g2! c8 b6!,1,False,2,5.0,6.0,0.833,1.0,1.0,2.0,10.0,Solvers
vanilla_non_adopters,3arm_vanilla,non-adopters,p184,R2,b220260706,False,True,,,2026-08-21T12:59:33.222614+00:00,,mean,2.333,True,False,True,,2,46.0,some_college,never,False,3,0,manual,3,3,3,3,3,3,True,0,0.0,22,True,38,26,12.0,True,g7 h1 g2,1,True,2,5.0,6.0,0.833,1.0,1.0,2.0,10.0,Solvers
vanilla_non_adopters,3arm_vanilla,non-adopters,p184,R3,bg20260726,False,True,,,2026-08-21T12:59:33.222614+00:00,,mean,2.333,True,False,True,,2,46.0,some_college,never,False,3,0,manual,3,2,3,2,1,1,True,10,3.3,13,True,29,35,-6.0,False,b2 h7! g8,1,False,2,5.0,6.0,0.833,1.0,1.0,2.0,10.0,Solvers
vanilla_non_adopters,3arm_vanilla,non-adopters,p303,R1,oc20260727,True,False,,,2026-08-21T13:36:18.122760+00:00,,mean,3.0,True,False,True,,dont_know,36.0,hs_graduate,few_times_month,False,1,6,manual,6,6,3,3,6,3,True,0,0.0,203,True,41,23,18.0,True,b7 c8 a7 a3 a1 h1,1,True,2,2.0,4.0,0.5,0.0,0.0,1.0,28.0,Strugglers
vanilla_non_adopters,3arm_vanilla,non-adopters,p303,R2,b220260706,False,True,,,2026-08-21T13:36:18.122760+00:00,,mean,3.0,True,False,True,,dont_know,36.0,hs_graduate,few_times_month,False,1,0,manual,2,1,2,1,1,1,True,12,6.0,4,True,32,32,0.0,False,g7 g2!,1,False,2,2.0,4.0,0.5,0.0,0.0,1.0,28.0,Strugglers
vanilla_non_adopters,3arm_vanilla,non-adopters,p303,R3,bg20260726,False,True,,,2026-08-21T13:36:18.122760+00:00,,mean,3.0,True,False,True,,dont_know,36.0,hs_graduate,few_times_month,False,1,0,manual,2,1,2,1,0,0,False,16,8.0,2,True,26,38,-12.0,False,g7! b2,1,False,2,2.0,4.0,0.5,0.0,0.0,1.0,28.0,Strugglers
vanilla_non_adopters,3arm_vanilla,non-adopters,p342,R1,oc20260727,True,False,,,2026-08-21T12:52:28.646328+00:00,,mean,2.333,True,False,True,,dont_know,39.0,bachelors,about_monthly,False,1,5,manual,5,4,3,3,5,3,True,16,3.2,168,True,33,31,2.0,True,b7 c8 a7 a3 g2!,1,False,2,0.0,4.0,0.0,0.0,0.0,0.0,54.0,Strugglers
vanilla_non_adopters,3arm_vanilla,non-adopters,p342,R2,b220260706,False,True,,,2026-08-21T12:52:28.646328+00:00,,mean,2.333,True,False,True,,dont_know,39.0,bachelors,about_monthly,False,1,0,manual,2,0,2,0,0,0,False,30,15.0,4,True,23,41,-18.0,False,g1! g2!,1,False,2,0.0,4.0,0.0,0.0,0.0,0.0,54.0,Strugglers
vanilla_non_adopters,3arm_vanilla,non-adopters,p342,R3,bg20260726,False,True,,,2026-08-21T12:52:28.646328+00:00,,mean,2.333,True,False,True,,dont_know,39.0,bachelors,about_monthly,False,1,0,manual,2,0,2,0,0,0,False,24,12.0,4,True,22,42,-20.0,False,g7! g8!,1,False,2,0.0,4.0,0.0,0.0,0.0,0.0,54.0,Strugglers
vanilla_non_adopters,3arm_vanilla,non-adopters,p369,R1,oc20260727,True,False,,,2026-08-21T12:32:09.336909+00:00,,mean,1.667,True,False,True,,dont_know,40.0,bachelors,never,False,1,5,manual,3,0,3,0,0,0,False,44,14.7,69,True,19,45,-26.0,False,c8! b6! b8!,1,False,2,2.0,5.0,0.4,0.0,0.0,1.0,38.0,Strugglers
vanilla_non_adopters,3arm_vanilla,non-adopters,p369,R2,b220260706,False,True,,,2026-08-21T12:32:09.336909+00:00,,mean,1.667,True,False,True,,dont_know,40.0,bachelors,never,False,1,0,manual,2,1,2,1,0,0,False,16,8.0,3,True,30,34,-4.0,False,g2! g7,1,False,2,2.0,5.0,0.4,0.0,0.0,1.0,38.0,Strugglers
vanilla_non_adopters,3arm_vanilla,non-adopters,p369,R3,bg20260726,False,True,,,2026-08-21T12:32:09.336909+00:00,,mean,1.667,True,False,True,,dont_know,40.0,bachelors,never,False,1,0,manual,3,1,3,1,1,1,True,22,7.3,6,True,23,41,-18.0,False,b2 g7! h8!,1,False,2,2.0,5.0,0.4,0.0,0.0,1.0,38.0,Strugglers
vanilla_non_adopters,3arm_vanilla,non-adopters,p466,R1,oc20260727,True,False,,,2026-08-21T13:39:13.781383+00:00,,mean,2.667,True,False,True,,dont_know,50.0,hs_graduate,about_monthly,False,1,6,manual,3,1,3,1,0,0,False,42,14.0,73,True,20,44,-24.0,False,c8! b6! a8,1,False,2,4.0,5.0,0.8,1.0,1.0,1.0,16.0,Solvers
vanilla_non_adopters,3arm_vanilla,non-adopters,p466,R2,b220260706,False,True,,,2026-08-21T13:39:13.781383+00:00,,mean,2.667,True,False,True,,dont_know,50.0,hs_graduate,about_monthly,False,1,0,manual,3,3,3,3,3,3,True,0,0.0,10,True,38,26,12.0,True,g7 h1 g2,1,True,2,4.0,5.0,0.8,1.0,1.0,1.0,16.0,Solvers
vanilla_non_adopters,3arm_vanilla,non-adopters,p466,R3,bg20260726,False,True,,,2026-08-21T13:39:13.781383+00:00,,mean,2.667,True,False,True,,dont_know,50.0,hs_graduate,about_monthly,False,1,0,manual,2,1,2,1,0,0,False,16,8.0,2,True,26,38,-12.0,False,g7! b2,1,False,2,4.0,5.0,0.8,1.0,1.0,1.0,16.0,Solvers
vanilla_non_adopters,3arm_vanilla,non-adopters,p485,R1,oc20260727,True,False,,,2026-08-21T12:32:17.167445+00:00,,mean,2.0,True,False,True,,dont_know,76.0,bachelors,weekly,False,1,7,timeout,5,5,3,3,5,3,True,0,0.0,306,False,28,34,,,b7 c8 a7 a3 a1,1,False,2,0.0,4.0,0.0,0.0,0.0,0.0,50.0,Strugglers
vanilla_non_adopters,3arm_vanilla,non-adopters,p485,R2,b220260706,False,True,,,2026-08-21T12:32:17.167445+00:00,,mean,2.0,True,False,True,,dont_know,76.0,bachelors,weekly,False,1,0,manual,2,0,2,0,0,0,False,24,12.0,8,True,26,38,-12.0,False,g2! h2!,1,False,2,0.0,4.0,0.0,0.0,0.0,0.0,50.0,Strugglers
vanilla_non_adopters,3arm_vanilla,non-adopters,p485,R3,bg20260726,False,True,,,2026-08-21T12:32:17.167445+00:00,,mean,2.0,True,False,True,,dont_know,76.0,bachelors,weekly,False,1,0,manual,2,0,2,0,0,0,False,26,13.0,12,True,21,43,-22.0,False,h7! g7!,1,False,2,0.0,4.0,0.0,0.0,0.0,0.0,50.0,Strugglers
vanilla_non_adopters,3arm_vanilla,non-adopters,p512,R1,oc20260727,True,False,,,2026-08-21T16:53:17.852590+00:00,,mean,2.667,True,False,True,,3,41.0,hs_graduate,few_times_month,False,2,5,manual,3,2,3,2,0,0,False,44,14.7,112,True,19,45,-26.0,False,b8! g2 b6,1,False,2,4.0,6.0,0.667,1.0,1.0,2.0,22.0,Solvers
vanilla_non_adopters,3arm_vanilla,non-adopters,p512,R2,b220260706,False,True,,,2026-08-21T16:53:17.852590+00:00,,mean,2.667,True,False,True,,3,41.0,hs_graduate,few_times_month,False,2,0,manual,3,3,3,3,3,3,True,0,0.0,17,True,38,26,12.0,True,g7 h1 g2,1,True,2,4.0,6.0,0.667,1.0,1.0,2.0,22.0,Solvers
vanilla_non_adopters,3arm_vanilla,non-adopters,p512,R3,bg20260726,False,True,,,2026-08-21T16:53:17.852590+00:00,,mean,2.667,True,False,True,,3,41.0,hs_graduate,few_times_month,False,2,0,manual,3,1,3,1,1,1,True,22,7.3,11,True,23,41,-18.0,False,b2 g7! h8!,1,False,2,4.0,6.0,0.667,1.0,1.0,2.0,22.0,Solvers
vanilla_non_adopters,3arm_vanilla,non-adopters,p517,R1,oc20260727,True,False,,,2026-08-21T12:40:19.916726+00:00,,mean,2.667,True,False,True,,dont_know,37.0,bachelors,few_times_month,False,3,6,manual,5,4,3,3,5,3,True,16,3.2,143,True,33,31,2.0,True,b7 c8 a7 a3 g2!,1,False,2,0.0,4.0,0.0,0.0,0.0,0.0,50.0,Strugglers
vanilla_non_adopters,3arm_vanilla,non-adopters,p517,R2,b220260706,False,True,,,2026-08-21T12:40:19.916726+00:00,,mean,2.667,True,False,True,,dont_know,37.0,bachelors,few_times_month,False,3,0,manual,2,0,2,0,0,0,False,24,12.0,3,True,26,38,-12.0,False,g2! h2!,1,False,2,0.0,4.0,0.0,0.0,0.0,0.0,50.0,Strugglers
vanilla_non_adopters,3arm_vanilla,non-adopters,p517,R3,bg20260726,False,True,,,2026-08-21T12:40:19.916726+00:00,,mean,2.667,True,False,True,,dont_know,37.0,bachelors,few_times_month,False,3,0,manual,2,0,2,0,0,0,False,26,13.0,3,True,21,43,-22.0,False,h7! g7!,1,False,2,0.0,4.0,0.0,0.0,0.0,0.0,50.0,Strugglers
vanilla_non_adopters,3arm_vanilla,non-adopters,p551,R1,oc20260727,True,False,,,2026-08-21T16:52:32.830664+00:00,,mean,2.667,True,False,True,,2,65.0,hs_graduate,few_times_week,False,3,5,manual,4,2,3,1,0,0,False,40,10.0,24,True,21,43,-22.0,False,a7! b7! g2 c8,1,False,2,4.0,5.0,0.8,1.0,1.0,2.0,12.0,Solvers
vanilla_non_adopters,3arm_vanilla,non-adopters,p551,R2,b220260706,False,True,,,2026-08-21T16:52:32.830664+00:00,,mean,2.667,True,False,True,,2,65.0,hs_graduate,few_times_week,False,3,0,manual,2,1,2,1,1,1,True,12,6.0,10,True,32,32,0.0,False,g7 g2!,1,False,2,4.0,5.0,0.8,1.0,1.0,2.0,12.0,Solvers
vanilla_non_adopters,3arm_vanilla,non-adopters,p551,R3,bg20260726,False,True,,,2026-08-21T16:52:32.830664+00:00,,mean,2.667,True,False,True,,2,65.0,hs_graduate,few_times_week,False,3,0,manual,3,3,3,3,3,3,True,0,0.0,24,True,34,30,4.0,True,b2 g8 h7,1,True,2,4.0,5.0,0.8,1.0,1.0,2.0,12.0,Solvers
vanilla_non_adopters,3arm_vanilla,non-adopters,p569,R1,oc20260727,True,False,,,2026-08-21T12:49:53.066079+00:00,,mean,2.333,True,False,True,,dont_know,26.0,hs_graduate,weekly,False,1,6,manual,5,4,3,3,3,3,True,22,4.4,168,True,30,34,-4.0,False,b7 c8 a7 a1! h1,1,False,2,1.0,5.0,0.2,0.0,0.0,1.0,52.0,Strugglers
vanilla_non_adopters,3arm_vanilla,non-adopters,p569,R2,b220260706,False,True,,,2026-08-21T12:49:53.066079+00:00,,mean,2.333,True,False,True,,dont_know,26.0,hs_graduate,weekly,False,1,0,manual,2,0,2,0,0,0,False,30,15.0,3,True,23,41,-18.0,False,g1! g2!,1,False,2,1.0,5.0,0.2,0.0,0.0,1.0,52.0,Strugglers
vanilla_non_adopters,3arm_vanilla,non-adopters,p569,R3,bg20260726,False,True,,,2026-08-21T12:49:53.066079+00:00,,mean,2.333,True,False,True,,dont_know,26.0,hs_graduate,weekly,False,1,0,manual,3,1,3,1,1,1,True,22,7.3,14,True,23,41,-18.0,False,b2 g7! h8!,1,False,2,1.0,5.0,0.2,0.0,0.0,1.0,52.0,Strugglers
vanilla_non_adopters,3arm_vanilla,non-adopters,p595,R1,oc20260727,True,False,,,2026-08-21T13:30:49.839862+00:00,,mean,1.0,True,False,True,,2,23.0,hs_graduate,few_times_week,False,2,6,manual,6,6,3,3,6,3,True,0,0.0,122,True,41,23,18.0,True,b7 c8 a7 a3 a1 h1,1,True,2,6.0,6.0,1.0,2.0,2.0,2.0,0.0,Solvers
vanilla_non_adopters,3arm_vanilla,non-adopters,p595,R2,b220260706,False,True,,,2026-08-21T13:30:49.839862+00:00,,mean,1.0,True,False,True,,2,23.0,hs_graduate,few_times_week,False,2,0,manual,3,3,3,3,3,3,True,0,0.0,23,True,38,26,12.0,True,g7 h1 g2,1,True,2,6.0,6.0,1.0,2.0,2.0,2.0,0.0,Solvers
vanilla_non_adopters,3arm_vanilla,non-adopters,p595,R3,bg20260726,False,True,,,2026-08-21T13:30:49.839862+00:00,,mean,1.0,True,False,True,,2,23.0,hs_graduate,few_times_week,False,2,0,manual,3,3,3,3,3,3,True,0,0.0,17,True,34,30,4.0,True,b2 g8 h7,1,True,2,6.0,6.0,1.0,2.0,2.0,2.0,0.0,Solvers
vanilla_non_adopters,3arm_vanilla,non-adopters,p599,R1,oc20260727,True,False,,,2026-08-21T13:29:27.693362+00:00,,mean,2.0,True,False,True,,dont_know,40.0,hs_incomplete,weekly,False,2,5,manual,3,2,3,2,1,1,True,38,12.7,48,True,22,42,-20.0,False,b7 b6! b8,1,False,2,2.0,4.0,0.5,0.0,0.0,0.0,24.0,Strugglers
vanilla_non_adopters,3arm_vanilla,non-adopters,p599,R2,b220260706,False,True,,,2026-08-21T13:29:27.693362+00:00,,mean,2.0,True,False,True,,dont_know,40.0,hs_incomplete,weekly,False,2,0,manual,2,1,2,1,0,0,False,16,8.0,8,True,30,34,-4.0,False,g2! g7,1,False,2,2.0,4.0,0.5,0.0,0.0,0.0,24.0,Strugglers
vanilla_non_adopters,3arm_vanilla,non-adopters,p599,R3,bg20260726,False,True,,,2026-08-21T13:29:27.693362+00:00,,mean,2.0,True,False,True,,dont_know,40.0,hs_incomplete,weekly,False,2,0,manual,2,1,2,1,0,0,False,8,4.0,8,True,30,34,-4.0,False,g8! g7,1,False,2,2.0,4.0,0.5,0.0,0.0,0.0,24.0,Strugglers
vanilla_non_adopters,3arm_vanilla,non-adopters,p617,R1,oc20260727,True,False,,,2026-08-21T13:24:29.998089+00:00,,mean,3.333,True,False,True,,dont_know,41.0,bachelors,daily,False,1,5,manual,4,3,3,2,0,0,False,36,9.0,92,True,23,41,-18.0,False,a7! g2 b6 b8,1,False,2,2.0,4.0,0.5,0.0,0.0,0.0,24.0,Strugglers
vanilla_non_adopters,3arm_vanilla,non-adopters,p617,R2,b220260706,False,True,,,2026-08-21T13:24:29.998089+00:00,,mean,3.333,True,False,True,,dont_know,41.0,bachelors,daily,False,1,0,manual,2,1,2,1,0,0,False,16,8.0,7,True,30,34,-4.0,False,g2! g7,1,False,2,2.0,4.0,0.5,0.0,0.0,0.0,24.0,Strugglers
vanilla_non_adopters,3arm_vanilla,non-adopters,p617,R3,bg20260726,False,True,,,2026-08-21T13:24:29.998089+00:00,,mean,3.333,True,False,True,,dont_know,41.0,bachelors,daily,False,1,0,manual,2,1,2,1,0,0,False,8,4.0,4,True,30,34,-4.0,False,g8! g7,1,False,2,2.0,4.0,0.5,0.0,0.0,0.0,24.0,Strugglers
vanilla_non_adopters,3arm_vanilla,non-adopters,p704,R1,oc20260727,True,False,,,2026-08-21T13:16:12.878407+00:00,,mean,3.0,True,False,True,,1,36.0,some_college,few_times_month,False,2,5,manual,3,1,3,1,0,0,False,36,12.0,103,True,23,41,-18.0,False,g2! b7 c8!,1,False,2,5.0,6.0,0.833,1.0,1.0,2.0,10.0,Solvers
vanilla_non_adopters,3arm_vanilla,non-adopters,p704,R2,b220260706,False,True,,,2026-08-21T13:16:12.878407+00:00,,mean,3.0,True,False,True,,1,36.0,some_college,few_times_month,False,2,0,manual,3,3,3,3,3,3,True,0,0.0,16,True,38,26,12.0,True,g7 h1 g2,1,True,2,5.0,6.0,0.833,1.0,1.0,2.0,10.0,Solvers
vanilla_non_adopters,3arm_vanilla,non-adopters,p704,R3,bg20260726,False,True,,,2026-08-21T13:16:12.878407+00:00,,mean,3.0,True,False,True,,1,36.0,some_college,few_times_month,False,2,0,manual,3,2,3,2,1,1,True,10,3.3,66,True,29,35,-6.0,False,b2 h7! g8,1,False,2,5.0,6.0,0.833,1.0,1.0,2.0,10.0,Solvers
intervention_johnny,3arm_johnny,non-adopters,p109,R1,oc20260727,True,False,johnny_connect_four_boost,,2026-08-21T13:16:19.073016+00:00,2026-08-21T13:20:15.779724+00:00,mean,3.0,True,False,True,,1,46.0,bachelors,daily,False,1,9,manual,6,6,3,3,6,3,True,0,0.0,78,True,41,23,18.0,True,b7 c8 a7 a3 a1 h1,1,True,2,1.0,5.0,0.2,0.0,0.0,1.0,46.0,Strugglers
intervention_johnny,3arm_johnny,non-adopters,p109,R2,b220260706,False,True,johnny_connect_four_boost,,2026-08-21T13:16:19.073016+00:00,2026-08-21T13:20:15.779724+00:00,mean,3.0,True,False,True,,1,46.0,bachelors,daily,False,1,0,manual,2,0,2,0,0,0,False,24,12.0,4,True,26,38,-12.0,False,g2! h2!,1,False,2,1.0,5.0,0.2,0.0,0.0,1.0,46.0,Strugglers
intervention_johnny,3arm_johnny,non-adopters,p109,R3,bg20260726,False,True,johnny_connect_four_boost,,2026-08-21T13:16:19.073016+00:00,2026-08-21T13:20:15.779724+00:00,mean,3.0,True,False,True,,1,46.0,bachelors,daily,False,1,0,manual,3,1,3,1,1,1,True,22,7.3,13,True,23,41,-18.0,False,b2 g7! h8!,1,False,2,1.0,5.0,0.2,0.0,0.0,1.0,46.0,Strugglers
intervention_johnny,3arm_johnny,non-adopters,p176,R1,oc20260727,True,False,johnny_connect_four_boost,,2026-08-21T13:02:41.972407+00:00,2026-08-21T13:05:35.934903+00:00,mean,1.667,True,False,True,,dont_know,27.0,associate,few_times_week,False,1,5,manual,3,1,3,1,0,0,False,38,12.7,85,True,22,42,-20.0,False,g2! b6 b8!,1,False,2,3.0,5.0,0.6,0.0,0.0,2.0,28.0,Solvers
intervention_johnny,3arm_johnny,non-adopters,p176,R2,b220260706,False,True,johnny_connect_four_boost,,2026-08-21T13:02:41.972407+00:00,2026-08-21T13:05:35.934903+00:00,mean,1.667,True,False,True,,dont_know,27.0,associate,few_times_week,False,1,0,manual,2,1,2,1,1,1,True,14,7.0,3,True,31,33,-2.0,False,g7 h2!,1,False,2,3.0,5.0,0.6,0.0,0.0,2.0,28.0,Solvers
intervention_johnny,3arm_johnny,non-adopters,p176,R3,bg20260726,False,True,johnny_connect_four_boost,,2026-08-21T13:02:41.972407+00:00,2026-08-21T13:05:35.934903+00:00,mean,1.667,True,False,True,,dont_know,27.0,associate,few_times_week,False,1,0,manual,3,2,3,2,1,1,True,14,4.7,7,True,27,37,-10.0,False,b2 g7! h7,1,False,2,3.0,5.0,0.6,0.0,0.0,2.0,28.0,Solvers
intervention_johnny,3arm_johnny,non-adopters,p298,R1,oc20260727,True,False,johnny_connect_four_boost,,2026-08-21T12:31:27.499828+00:00,2026-08-21T12:37:07.322907+00:00,mean,3.0,True,False,True,,1,34.0,hs_graduate,less_than_monthly,False,1,5,manual,6,6,3,3,6,3,True,0,0.0,246,True,41,23,18.0,True,b7 c8 a7 a3 a1 h1,1,True,2,1.0,4.0,0.25,0.0,0.0,1.0,34.0,Strugglers
intervention_johnny,3arm_johnny,non-adopters,p298,R2,b220260706,False,True,johnny_connect_four_boost,,2026-08-21T12:31:27.499828+00:00,2026-08-21T12:37:07.322907+00:00,mean,3.0,True,False,True,,1,34.0,hs_graduate,less_than_monthly,False,1,0,manual,2,1,2,1,1,1,True,12,6.0,10,True,32,32,0.0,False,g7 g2!,1,False,2,1.0,4.0,0.25,0.0,0.0,1.0,34.0,Strugglers
intervention_johnny,3arm_johnny,non-adopters,p298,R3,bg20260726,False,True,johnny_connect_four_boost,,2026-08-21T12:31:27.499828+00:00,2026-08-21T12:37:07.322907+00:00,mean,3.0,True,False,True,,1,34.0,hs_graduate,less_than_monthly,False,1,0,manual,2,0,2,0,0,0,False,22,11.0,6,True,23,41,-18.0,False,g7! h7!,1,False,2,1.0,4.0,0.25,0.0,0.0,1.0,34.0,Strugglers
intervention_johnny,3arm_johnny,non-adopters,p361,R1,oc20260727,True,False,johnny_connect_four_boost,,2026-08-21T12:46:50.662479+00:00,2026-08-21T12:52:30.408352+00:00,mean,2.333,True,False,True,,dont_know,33.0,some_college,never,False,1,6,manual,5,4,3,3,3,3,True,22,4.4,231,True,30,34,-4.0,False,b7 c8 a7 a1! h1,1,False,2,6.0,6.0,1.0,2.0,2.0,2.0,0.0,Solvers
intervention_johnny,3arm_johnny,non-adopters,p361,R2,b220260706,False,True,johnny_connect_four_boost,,2026-08-21T12:46:50.662479+00:00,2026-08-21T12:52:30.408352+00:00,mean,2.333,True,False,True,,dont_know,33.0,some_college,never,False,1,0,manual,3,3,3,3,3,3,True,0,0.0,14,True,38,26,12.0,True,g7 h1 g2,1,True,2,6.0,6.0,1.0,2.0,2.0,2.0,0.0,Solvers
intervention_johnny,3arm_johnny,non-adopters,p361,R3,bg20260726,False,True,johnny_connect_four_boost,,2026-08-21T12:46:50.662479+00:00,2026-08-21T12:52:30.408352+00:00,mean,2.333,True,False,True,,dont_know,33.0,some_college,never,False,1,0,manual,3,3,3,3,3,3,True,0,0.0,33,True,34,30,4.0,True,b2 g8 h7,1,True,2,6.0,6.0,1.0,2.0,2.0,2.0,0.0,Solvers
intervention_johnny,3arm_johnny,non-adopters,p391,R1,oc20260727,True,False,johnny_connect_four_boost,,2026-08-21T13:04:46.294078+00:00,2026-08-21T13:06:14.900972+00:00,mean,2.0,True,False,True,,2,43.0,hs_graduate,weekly,False,2,5,manual,5,4,3,3,3,3,True,22,4.4,101,True,30,34,-4.0,False,b7 c8 a7 a1! h1,1,False,2,2.0,5.0,0.4,0.0,0.0,1.0,34.0,Strugglers
intervention_johnny,3arm_johnny,non-adopters,p391,R2,b220260706,False,True,johnny_connect_four_boost,,2026-08-21T13:04:46.294078+00:00,2026-08-21T13:06:14.900972+00:00,mean,2.0,True,False,True,,2,43.0,hs_graduate,weekly,False,2,0,manual,2,0,2,0,0,0,False,24,12.0,3,True,26,38,-12.0,False,g2! h2!,1,False,2,2.0,5.0,0.4,0.0,0.0,1.0,34.0,Strugglers
intervention_johnny,3arm_johnny,non-adopters,p391,R3,bg20260726,False,True,johnny_connect_four_boost,,2026-08-21T13:04:46.294078+00:00,2026-08-21T13:06:14.900972+00:00,mean,2.0,True,False,True,,2,43.0,hs_graduate,weekly,False,2,0,manual,3,2,3,2,2,2,True,10,3.3,9,True,29,35,-6.0,False,b2 g8 g7!,1,False,2,2.0,5.0,0.4,0.0,0.0,1.0,34.0,Strugglers
intervention_johnny,3arm_johnny,non-adopters,p415,R1,oc20260727,True,False,johnny_connect_four_boost,,2026-08-21T12:31:36.197381+00:00,2026-08-21T12:36:09.190686+00:00,mean,2.667,True,False,True,,dont_know,29.0,bachelors,never,False,1,5,manual,5,4,3,3,5,3,True,16,3.2,131,True,33,31,2.0,True,b7 c8 a7 a3 g2!,1,False,2,0.0,4.0,0.0,0.0,0.0,0.0,44.0,Strugglers
intervention_johnny,3arm_johnny,non-adopters,p415,R2,b220260706,False,True,johnny_connect_four_boost,,2026-08-21T12:31:36.197381+00:00,2026-08-21T12:36:09.190686+00:00,mean,2.667,True,False,True,,dont_know,29.0,bachelors,never,False,1,0,manual,2,0,2,0,0,0,False,30,15.0,4,True,23,41,-18.0,False,g1! g2!,1,False,2,0.0,4.0,0.0,0.0,0.0,0.0,44.0,Strugglers
intervention_johnny,3arm_johnny,non-adopters,p415,R3,bg20260726,False,True,johnny_connect_four_boost,,2026-08-21T12:31:36.197381+00:00,2026-08-21T12:36:09.190686+00:00,mean,2.667,True,False,True,,dont_know,29.0,bachelors,never,False,1,0,manual,2,0,2,0,0,0,False,14,7.0,5,True,27,37,-10.0,False,g8! h7!,1,False,2,0.0,4.0,0.0,0.0,0.0,0.0,44.0,Strugglers
intervention_johnny,3arm_johnny,non-adopters,p416,R1,oc20260727,True,False,johnny_connect_four_boost,,2026-08-21T13:39:36.302260+00:00,2026-08-21T13:48:08.239562+00:00,mean,3.0,True,False,True,,1,55.0,hs_graduate,about_monthly,False,3,6,manual,3,2,3,2,2,2,True,38,12.7,239,True,22,42,-20.0,False,b7 c8 b6!,1,False,2,2.0,4.0,0.5,0.0,0.0,0.0,24.0,Strugglers
intervention_johnny,3arm_johnny,non-adopters,p416,R2,b220260706,False,True,johnny_connect_four_boost,,2026-08-21T13:39:36.302260+00:00,2026-08-21T13:48:08.239562+00:00,mean,3.0,True,False,True,,1,55.0,hs_graduate,about_monthly,False,3,0,manual,2,1,2,1,0,0,False,16,8.0,14,True,30,34,-4.0,False,g2! g7,1,False,2,2.0,4.0,0.5,0.0,0.0,0.0,24.0,Strugglers
intervention_johnny,3arm_johnny,non-adopters,p416,R3,bg20260726,False,True,johnny_connect_four_boost,,2026-08-21T13:39:36.302260+00:00,2026-08-21T13:48:08.239562+00:00,mean,3.0,True,False,True,,1,55.0,hs_graduate,about_monthly,False,3,0,manual,2,1,2,1,0,0,False,8,4.0,14,True,30,34,-4.0,False,g8! g7,1,False,2,2.0,4.0,0.5,0.0,0.0,0.0,24.0,Strugglers
intervention_johnny,3arm_johnny,non-adopters,p53,R1,oc20260727,True,False,johnny_connect_four_boost,,2026-08-21T12:49:37.065862+00:00,2026-08-21T12:53:56.900525+00:00,mean,2.667,True,False,True,,2,35.0,some_college,few_times_month,False,4,5,manual,6,5,3,3,6,3,True,16,2.7,130,True,33,31,2.0,True,b7 c8 a7 a3 a1 g2!,1,False,2,2.0,4.0,0.5,0.0,0.0,1.0,28.0,Strugglers
intervention_johnny,3arm_johnny,non-adopters,p53,R2,b220260706,False,True,johnny_connect_four_boost,,2026-08-21T12:49:37.065862+00:00,2026-08-21T12:53:56.900525+00:00,mean,2.667,True,False,True,,2,35.0,some_college,few_times_month,False,4,0,manual,2,1,2,1,1,1,True,12,6.0,7,True,32,32,0.0,False,g7 g2!,1,False,2,2.0,4.0,0.5,0.0,0.0,1.0,28.0,Strugglers
intervention_johnny,3arm_johnny,non-adopters,p53,R3,bg20260726,False,True,johnny_connect_four_boost,,2026-08-21T12:49:37.065862+00:00,2026-08-21T12:53:56.900525+00:00,mean,2.667,True,False,True,,2,35.0,some_college,few_times_month,False,4,0,manual,2,1,2,1,0,0,False,16,8.0,4,True,26,38,-12.0,False,g7! b2,1,False,2,2.0,4.0,0.5,0.0,0.0,1.0,28.0,Strugglers
intervention_johnny,3arm_johnny,non-adopters,p547,R1,oc20260727,True,False,johnny_connect_four_boost,,2026-08-21T13:02:27.184829+00:00,2026-08-21T13:05:24.459110+00:00,mean,2.333,True,False,True,,dont_know,43.0,bachelors,daily,False,2,7,manual,5,4,3,3,3,3,True,22,4.4,204,True,30,34,-4.0,False,b7 c8 a7 a1! h1,1,False,2,1.0,4.0,0.25,0.0,0.0,1.0,34.0,Strugglers
intervention_johnny,3arm_johnny,non-adopters,p547,R2,b220260706,False,True,johnny_connect_four_boost,,2026-08-21T13:02:27.184829+00:00,2026-08-21T13:05:24.459110+00:00,mean,2.333,True,False,True,,dont_know,43.0,bachelors,daily,False,2,0,manual,2,1,2,1,1,1,True,12,6.0,6,True,32,32,0.0,False,g7 g2!,1,False,2,1.0,4.0,0.25,0.0,0.0,1.0,34.0,Strugglers
intervention_johnny,3arm_johnny,non-adopters,p547,R3,bg20260726,False,True,johnny_connect_four_boost,,2026-08-21T13:02:27.184829+00:00,2026-08-21T13:05:24.459110+00:00,mean,2.333,True,False,True,,dont_know,43.0,bachelors,daily,False,2,0,manual,2,0,2,0,0,0,False,22,11.0,4,True,23,41,-18.0,False,g7! h7!,1,False,2,1.0,4.0,0.25,0.0,0.0,1.0,34.0,Strugglers
intervention_johnny,3arm_johnny,non-adopters,p641,R1,oc20260727,True,False,johnny_connect_four_boost,,2026-08-21T13:03:51.290589+00:00,2026-08-21T13:07:29.358708+00:00,mean,2.333,True,False,True,,3,55.0,hs_graduate,few_times_week,False,1,5,manual,3,2,3,2,0,0,False,40,13.3,66,True,21,43,-22.0,False,c8! g2 a7,1,False,2,3.0,5.0,0.6,1.0,1.0,1.0,14.0,Solvers
intervention_johnny,3arm_johnny,non-adopters,p641,R2,b220260706,False,True,johnny_connect_four_boost,,2026-08-21T13:03:51.290589+00:00,2026-08-21T13:07:29.358708+00:00,mean,2.333,True,False,True,,3,55.0,hs_graduate,few_times_week,False,1,0,manual,3,3,3,3,3,3,True,0,0.0,21,True,38,26,12.0,True,g7 h1 g2,1,True,2,3.0,5.0,0.6,1.0,1.0,1.0,14.0,Solvers
intervention_johnny,3arm_johnny,non-adopters,p641,R3,bg20260726,False,True,johnny_connect_four_boost,,2026-08-21T13:03:51.290589+00:00,2026-08-21T13:07:29.358708+00:00,mean,2.333,True,False,True,,3,55.0,hs_graduate,few_times_week,False,1,0,manual,2,0,2,0,0,0,False,14,7.0,7,True,27,37,-10.0,False,g8! h7!,1,False,2,3.0,5.0,0.6,1.0,1.0,1.0,14.0,Solvers
intervention_johnny,3arm_johnny,non-adopters,p70,R1,oc20260727,True,False,johnny_connect_four_boost,,2026-08-21T13:42:09.322660+00:00,2026-08-21T14:00:07.803240+00:00,mean,3.0,True,False,True,,1,73.0,some_college,less_than_monthly,True,3,5,manual,6,6,3,3,6,3,True,0,0.0,371,True,41,23,18.0,True,b7 c8 a7 a3 a1 h1,1,True,2,0.0,4.0,0.0,0.0,0.0,0.0,48.0,Strugglers
intervention_johnny,3arm_johnny,non-adopters,p70,R2,b220260706,False,True,johnny_connect_four_boost,,2026-08-21T13:42:09.322660+00:00,2026-08-21T14:00:07.803240+00:00,mean,3.0,True,False,True,,1,73.0,some_college,less_than_monthly,True,3,0,manual,2,0,2,0,0,0,False,24,12.0,22,True,26,38,-12.0,False,g2! h2!,1,False,2,0.0,4.0,0.0,0.0,0.0,0.0,48.0,Strugglers
intervention_johnny,3arm_johnny,non-adopters,p70,R3,bg20260726,False,True,johnny_connect_four_boost,,2026-08-21T13:42:09.322660+00:00,2026-08-21T14:00:07.803240+00:00,mean,3.0,True,False,True,,1,73.0,some_college,less_than_monthly,True,3,0,manual,2,0,2,0,0,0,False,24,12.0,13,True,22,42,-20.0,False,g7! g8!,1,False,2,0.0,4.0,0.0,0.0,0.0,0.0,48.0,Strugglers
intervention_johnny,3arm_johnny,non-adopters,p702,R1,oc20260727,True,False,johnny_connect_four_boost,,2026-08-21T13:31:47.340834+00:00,2026-08-21T13:35:40.649901+00:00,mean,1.667,True,False,True,,2,65.0,bachelors,few_times_week,True,3,6,manual,6,6,3,3,6,3,True,0,0.0,238,True,41,23,18.0,True,b7 c8 a7 a3 a1 h1,1,True,2,2.0,4.0,0.5,0.0,0.0,0.0,30.0,Strugglers
intervention_johnny,3arm_johnny,non-adopters,p702,R2,b220260706,False,True,johnny_connect_four_boost,,2026-08-21T13:31:47.340834+00:00,2026-08-21T13:35:40.649901+00:00,mean,1.667,True,False,True,,2,65.0,bachelors,few_times_week,True,3,0,manual,2,1,2,1,0,0,False,14,7.0,5,True,31,33,-2.0,False,g1! g7,1,False,2,2.0,4.0,0.5,0.0,0.0,0.0,30.0,Strugglers
intervention_johnny,3arm_johnny,non-adopters,p702,R3,bg20260726,False,True,johnny_connect_four_boost,,2026-08-21T13:31:47.340834+00:00,2026-08-21T13:35:40.649901+00:00,mean,1.667,True,False,True,,2,65.0,bachelors,few_times_week,True,3,0,manual,2,1,2,1,0,0,False,16,8.0,9,True,26,38,-12.0,False,h7! g8,1,False,2,2.0,4.0,0.5,0.0,0.0,0.0,30.0,Strugglers
intervention_johnny,3arm_johnny,non-adopters,p741,R1,oc20260727,True,False,johnny_connect_four_boost,,2026-08-21T12:33:37.781641+00:00,2026-08-21T12:40:50.541819+00:00,mean,2.333,True,False,True,,dont_know,36.0,associate,daily,True,1,5,manual,4,3,3,3,3,3,True,36,9.0,230,True,23,41,-18.0,False,b7 c8 a7 g2!,1,False,2,2.0,5.0,0.4,0.0,0.0,2.0,30.0,Strugglers
intervention_johnny,3arm_johnny,non-adopters,p741,R2,b220260706,False,True,johnny_connect_four_boost,,2026-08-21T12:33:37.781641+00:00,2026-08-21T12:40:50.541819+00:00,mean,2.333,True,False,True,,dont_know,36.0,associate,daily,True,1,0,manual,2,1,2,1,1,1,True,14,7.0,7,True,31,33,-2.0,False,g7 h2!,1,False,2,2.0,5.0,0.4,0.0,0.0,2.0,30.0,Strugglers
intervention_johnny,3arm_johnny,non-adopters,p741,R3,bg20260726,False,True,johnny_connect_four_boost,,2026-08-21T12:33:37.781641+00:00,2026-08-21T12:40:50.541819+00:00,mean,2.333,True,False,True,,dont_know,36.0,associate,daily,True,1,0,manual,3,1,3,1,1,1,True,16,5.3,25,True,26,38,-12.0,False,b2 h7! g7!,1,False,2,2.0,5.0,0.4,0.0,0.0,2.0,30.0,Strugglers
3arm_v9_reasons,3arm_v9_reasons,non-adopters,p291,R1,oc20260727,True,False,contrasting_cases,v9_reasons,2026-08-21T16:52:23.283908+00:00,2026-08-21T16:55:53.660184+00:00,mean,1.667,True,False,True,3.0,1,51.0,bachelors,less_than_monthly,True,3,5,manual,4,3,3,2,1,1,True,38,9.5,232,True,22,42,-20.0,False,b7 b6! g2 b8,1,False,2,4.0,6.0,0.667,1.0,1.0,2.0,22.0,Solvers
3arm_v9_reasons,3arm_v9_reasons,non-adopters,p291,R2,b220260706,False,True,contrasting_cases,v9_reasons,2026-08-21T16:52:23.283908+00:00,2026-08-21T16:55:53.660184+00:00,mean,1.667,True,False,True,3.0,1,51.0,bachelors,less_than_monthly,True,3,0,manual,3,3,3,3,3,3,True,0,0.0,11,True,38,26,12.0,True,g7 h1 g2,1,True,2,4.0,6.0,0.667,1.0,1.0,2.0,22.0,Solvers
3arm_v9_reasons,3arm_v9_reasons,non-adopters,p291,R3,bg20260726,False,True,contrasting_cases,v9_reasons,2026-08-21T16:52:23.283908+00:00,2026-08-21T16:55:53.660184+00:00,mean,1.667,True,False,True,3.0,1,51.0,bachelors,less_than_monthly,True,3,0,manual,3,1,3,1,1,1,True,22,7.3,16,True,23,41,-18.0,False,b2 g7! h8!,1,False,2,4.0,6.0,0.667,1.0,1.0,2.0,22.0,Solvers
3arm_v9_reasons,3arm_v9_reasons,non-adopters,p381,R1,oc20260727,True,False,contrasting_cases,v9_reasons,2026-08-21T18:54:40.105073+00:00,2026-08-21T18:58:43.613987+00:00,mean,2.667,True,False,True,3.0,3,41.0,bachelors,few_times_week,False,3,5,manual,3,2,3,2,2,2,True,38,12.7,62,True,22,42,-20.0,False,b7 c8 b6!,1,False,2,3.0,5.0,0.6,0.0,0.0,1.0,26.0,Solvers
3arm_v9_reasons,3arm_v9_reasons,non-adopters,p381,R2,b220260706,False,True,contrasting_cases,v9_reasons,2026-08-21T18:54:40.105073+00:00,2026-08-21T18:58:43.613987+00:00,mean,2.667,True,False,True,3.0,3,41.0,bachelors,few_times_week,False,3,0,manual,2,1,2,1,0,0,False,16,8.0,4,True,30,34,-4.0,False,g2! g7,1,False,2,3.0,5.0,0.6,0.0,0.0,1.0,26.0,Solvers
3arm_v9_reasons,3arm_v9_reasons,non-adopters,p381,R3,bg20260726,False,True,contrasting_cases,v9_reasons,2026-08-21T18:54:40.105073+00:00,2026-08-21T18:58:43.613987+00:00,mean,2.667,True,False,True,3.0,3,41.0,bachelors,few_times_week,False,3,0,manual,3,2,3,2,1,1,True,10,3.3,15,True,29,35,-6.0,False,b2 h7! g8,1,False,2,3.0,5.0,0.6,0.0,0.0,1.0,26.0,Solvers
3arm_v9_reasons,3arm_v9_reasons,non-adopters,p518,R1,oc20260727,True,False,contrasting_cases,v9_reasons,2026-08-21T16:52:40.392730+00:00,2026-08-21T17:00:59.401444+00:00,mean,2.667,True,False,True,3.0,2,50.0,bachelors,less_than_monthly,True,3,5,manual,3,2,3,2,1,1,True,38,12.7,262,True,22,42,-20.0,False,b7 b6! b8,1,False,2,4.0,6.0,0.667,1.0,1.0,2.0,22.0,Solvers
3arm_v9_reasons,3arm_v9_reasons,non-adopters,p518,R2,b220260706,False,True,contrasting_cases,v9_reasons,2026-08-21T16:52:40.392730+00:00,2026-08-21T17:00:59.401444+00:00,mean,2.667,True,False,True,3.0,2,50.0,bachelors,less_than_monthly,True,3,0,manual,3,3,3,3,3,3,True,0,0.0,11,True,38,26,12.0,True,g7 h1 g2,1,True,2,4.0,6.0,0.667,1.0,1.0,2.0,22.0,Solvers
3arm_v9_reasons,3arm_v9_reasons,non-adopters,p518,R3,bg20260726,False,True,contrasting_cases,v9_reasons,2026-08-21T16:52:40.392730+00:00,2026-08-21T17:00:59.401444+00:00,mean,2.667,True,False,True,3.0,2,50.0,bachelors,less_than_monthly,True,3,0,manual,3,1,3,1,1,1,True,22,7.3,9,True,23,41,-18.0,False,b2 g7! h8!,1,False,2,4.0,6.0,0.667,1.0,1.0,2.0,22.0,Solvers
3arm_v9_reasons,3arm_v9_reasons,non-adopters,p586,R1,oc20260727,True,False,contrasting_cases,v9_reasons,2026-08-21T20:03:14.946764+00:00,2026-08-21T20:07:32.899366+00:00,mean,3.0,True,False,True,4.0,1,32.0,bachelors,never,False,3,6,manual,6,6,3,3,6,3,True,0,0.0,289,True,41,23,18.0,True,b7 c8 a7 a3 a1 h1,1,True,2,4.0,5.0,0.8,1.0,1.0,2.0,12.0,Solvers
3arm_v9_reasons,3arm_v9_reasons,non-adopters,p586,R2,b220260706,False,True,contrasting_cases,v9_reasons,2026-08-21T20:03:14.946764+00:00,2026-08-21T20:07:32.899366+00:00,mean,3.0,True,False,True,4.0,1,32.0,bachelors,never,False,3,0,manual,2,1,2,1,1,1,True,12,6.0,7,True,32,32,0.0,False,g7 g2!,1,False,2,4.0,5.0,0.8,1.0,1.0,2.0,12.0,Solvers
3arm_v9_reasons,3arm_v9_reasons,non-adopters,p586,R3,bg20260726,False,True,contrasting_cases,v9_reasons,2026-08-21T20:03:14.946764+00:00,2026-08-21T20:07:32.899366+00:00,mean,3.0,True,False,True,4.0,1,32.0,bachelors,never,False,3,0,manual,3,3,3,3,3,3,True,0,0.0,19,True,34,30,4.0,True,b2 g8 h7,1,True,2,4.0,5.0,0.8,1.0,1.0,2.0,12.0,Solvers
3arm_v9_reasons,3arm_v9_reasons,non-adopters,p804,R1,oc20260727,True,False,contrasting_cases,v9_reasons,2026-08-21T16:54:03.412156+00:00,2026-08-21T17:04:12.228965+00:00,mean,2.0,True,False,True,4.0,1,22.0,hs_graduate,daily,False,1,5,manual,5,4,3,3,3,3,True,22,4.4,136,True,30,34,-4.0,False,b7 c8 a7 a1! h1,1,False,2,0.0,4.0,0.0,0.0,0.0,0.0,48.0,Strugglers
3arm_v9_reasons,3arm_v9_reasons,non-adopters,p804,R2,b220260706,False,True,contrasting_cases,v9_reasons,2026-08-21T16:54:03.412156+00:00,2026-08-21T17:04:12.228965+00:00,mean,2.0,True,False,True,4.0,1,22.0,hs_graduate,daily,False,1,0,manual,2,0,2,0,0,0,False,24,12.0,4,True,26,38,-12.0,False,g2! h2!,1,False,2,0.0,4.0,0.0,0.0,0.0,0.0,48.0,Strugglers
3arm_v9_reasons,3arm_v9_reasons,non-adopters,p804,R3,bg20260726,False,True,contrasting_cases,v9_reasons,2026-08-21T16:54:03.412156+00:00,2026-08-21T17:04:12.228965+00:00,mean,2.0,True,False,True,4.0,1,22.0,hs_graduate,daily,False,1,0,manual,2,0,2,0,0,0,False,24,12.0,3,True,22,42,-20.0,False,g7! g8!,1,False,2,0.0,4.0,0.0,0.0,0.0,0.0,48.0,Strugglers
3arm_v9_reasons,3arm_v9_reasons,non-adopters,p854,R1,oc20260727,True,False,contrasting_cases,v9_reasons,2026-08-21T20:38:30.781954+00:00,2026-08-21T20:44:24.849245+00:00,mean,2.667,True,False,True,4.0,1,36.0,some_postgrad,weekly,True,1,5,manual,3,2,3,2,2,2,True,38,12.7,228,True,22,42,-20.0,False,b7 c8 b6!,1,False,2,1.0,5.0,0.2,0.0,0.0,1.0,46.0,Strugglers
3arm_v9_reasons,3arm_v9_reasons,non-adopters,p854,R2,b220260706,False,True,contrasting_cases,v9_reasons,2026-08-21T20:38:30.781954+00:00,2026-08-21T20:44:24.849245+00:00,mean,2.667,True,False,True,4.0,1,36.0,some_postgrad,weekly,True,1,0,manual,2,0,2,0,0,0,False,24,12.0,8,True,26,38,-12.0,False,g2! h2!,1,False,2,1.0,5.0,0.2,0.0,0.0,1.0,46.0,Strugglers
3arm_v9_reasons,3arm_v9_reasons,non-adopters,p854,R3,bg20260726,False,True,contrasting_cases,v9_reasons,2026-08-21T20:38:30.781954+00:00,2026-08-21T20:44:24.849245+00:00,mean,2.667,True,False,True,4.0,1,36.0,some_postgrad,weekly,True,1,0,manual,3,1,3,1,1,1,True,22,7.3,16,True,23,41,-18.0,False,b2 g7! h8!,1,False,2,1.0,5.0,0.2,0.0,0.0,1.0,46.0,Strugglers
3arm_v9_reasons,3arm_v9_reasons,non-adopters,p856,R1,oc20260727,True,False,contrasting_cases,v9_reasons,2026-08-21T20:22:41.465935+00:00,2026-08-21T20:25:58.761977+00:00,mean,2.667,True,False,True,3.0,1,46.0,postgrad,weekly,True,3,5,manual,3,2,3,2,2,2,True,38,12.7,253,True,22,42,-20.0,False,b7 c8 b6!,1,False,2,4.0,6.0,0.667,1.0,1.0,2.0,22.0,Solvers
3arm_v9_reasons,3arm_v9_reasons,non-adopters,p856,R2,b220260706,False,True,contrasting_cases,v9_reasons,2026-08-21T20:22:41.465935+00:00,2026-08-21T20:25:58.761977+00:00,mean,2.667,True,False,True,3.0,1,46.0,postgrad,weekly,True,3,0,manual,3,3,3,3,3,3,True,0,0.0,15,True,38,26,12.0,True,g7 h1 g2,1,True,2,4.0,6.0,0.667,1.0,1.0,2.0,22.0,Solvers
3arm_v9_reasons,3arm_v9_reasons,non-adopters,p856,R3,bg20260726,False,True,contrasting_cases,v9_reasons,2026-08-21T20:22:41.465935+00:00,2026-08-21T20:25:58.761977+00:00,mean,2.667,True,False,True,3.0,1,46.0,postgrad,weekly,True,3,0,manual,3,1,3,1,1,1,True,22,7.3,9,True,23,41,-18.0,False,b2 g7! h8!,1,False,2,4.0,6.0,0.667,1.0,1.0,2.0,22.0,Solvers
3arm_v9_reasons,3arm_v9_reasons,non-adopters,p858,R1,oc20260727,True,False,contrasting_cases,v9_reasons,2026-08-21T19:30:38.831857+00:00,2026-08-21T19:34:10.216627+00:00,mean,3.333,True,False,True,3.0,1,34.0,postgrad,few_times_week,False,1,6,manual,6,6,3,3,6,3,True,0,0.0,71,True,41,23,18.0,True,b7 c8 a7 a3 a1 h1,1,True,2,2.0,5.0,0.4,0.0,0.0,0.0,40.0,Strugglers
3arm_v9_reasons,3arm_v9_reasons,non-adopters,p858,R2,b220260706,False,True,contrasting_cases,v9_reasons,2026-08-21T19:30:38.831857+00:00,2026-08-21T19:34:10.216627+00:00,mean,3.333,True,False,True,3.0,1,34.0,postgrad,few_times_week,False,1,0,manual,2,0,2,0,0,0,False,24,12.0,5,True,26,38,-12.0,False,g2! h2!,1,False,2,2.0,5.0,0.4,0.0,0.0,0.0,40.0,Strugglers
3arm_v9_reasons,3arm_v9_reasons,non-adopters,p858,R3,bg20260726,False,True,contrasting_cases,v9_reasons,2026-08-21T19:30:38.831857+00:00,2026-08-21T19:34:10.216627+00:00,mean,3.333,True,False,True,3.0,1,34.0,postgrad,few_times_week,False,1,0,manual,3,2,3,2,0,0,False,16,5.3,6,True,26,38,-12.0,False,h7! b2 g8,1,False,2,2.0,5.0,0.4,0.0,0.0,0.0,40.0,Strugglers
3arm_v9_reasons,3arm_v9_reasons,non-adopters,p860,R1,oc20260727,True,False,contrasting_cases,v9_reasons,2026-08-21T19:31:07.228747+00:00,2026-08-21T19:36:04.885242+00:00,mean,3.0,True,False,True,3.0,1,48.0,some_college,daily,False,1,6,manual,5,4,3,3,3,3,True,22,4.4,129,True,30,34,-4.0,False,b7 c8 a7 a1! h1,1,False,2,4.0,6.0,0.667,0.0,0.0,2.0,24.0,Solvers
3arm_v9_reasons,3arm_v9_reasons,non-adopters,p860,R2,b220260706,False,True,contrasting_cases,v9_reasons,2026-08-21T19:31:07.228747+00:00,2026-08-21T19:36:04.885242+00:00,mean,3.0,True,False,True,3.0,1,48.0,some_college,daily,False,1,0,manual,3,2,3,2,2,2,True,14,4.7,12,True,31,33,-2.0,False,g7 h1 h2!,1,False,2,4.0,6.0,0.667,0.0,0.0,2.0,24.0,Solvers
3arm_v9_reasons,3arm_v9_reasons,non-adopters,p860,R3,bg20260726,False,True,contrasting_cases,v9_reasons,2026-08-21T19:31:07.228747+00:00,2026-08-21T19:36:04.885242+00:00,mean,3.0,True,False,True,3.0,1,48.0,some_college,daily,False,1,0,manual,3,2,3,2,1,1,True,10,3.3,12,True,29,35,-6.0,False,b2 h7! g8,1,False,2,4.0,6.0,0.667,0.0,0.0,2.0,24.0,Solvers
3arm_v9_reasons,3arm_v9_reasons,non-adopters,p861,R1,oc20260727,True,False,contrasting_cases,v9_reasons,2026-08-21T19:48:31.976712+00:00,2026-08-21T20:03:17.934987+00:00,mean,3.5,True,False,True,4.0,3,34.0,associate,several_times_day,False,3,5,timeout,4,1,3,0,0,0,False,48,12.0,63,True,17,47,-30.0,False,c8! b8! a7! b6,1,False,2,1.0,4.0,0.25,0.0,0.0,0.0,28.0,Strugglers
3arm_v9_reasons,3arm_v9_reasons,non-adopters,p861,R2,b220260706,False,True,contrasting_cases,v9_reasons,2026-08-21T19:48:31.976712+00:00,2026-08-21T20:03:17.934987+00:00,mean,3.5,True,False,True,4.0,3,34.0,associate,several_times_day,False,3,0,manual,2,1,2,1,0,0,False,14,7.0,19,True,31,33,-2.0,False,g1! g7,1,False,2,1.0,4.0,0.25,0.0,0.0,0.0,28.0,Strugglers
3arm_v9_reasons,3arm_v9_reasons,non-adopters,p861,R3,bg20260726,False,True,contrasting_cases,v9_reasons,2026-08-21T19:48:31.976712+00:00,2026-08-21T20:03:17.934987+00:00,mean,3.5,True,False,True,4.0,3,34.0,associate,several_times_day,False,3,0,manual,2,0,2,0,0,0,False,14,7.0,25,True,27,37,-10.0,False,g8! h7!,1,False,2,1.0,4.0,0.25,0.0,0.0,0.0,28.0,Strugglers
3arm_v9_reasons,3arm_v9_reasons,non-adopters,p862,R1,oc20260727,True,False,contrasting_cases,v9_reasons,2026-08-21T18:18:00.781313+00:00,2026-08-21T18:24:00.514761+00:00,mean,2.667,True,False,True,3.0,1,23.0,bachelors,several_times_day,False,1,5,manual,6,6,3,3,6,3,True,0,0.0,290,True,41,23,18.0,True,b7 c8 a7 a3 a1 h1,1,True,2,0.0,4.0,0.0,0.0,0.0,0.0,38.0,Strugglers
3arm_v9_reasons,3arm_v9_reasons,non-adopters,p862,R2,b220260706,False,True,contrasting_cases,v9_reasons,2026-08-21T18:18:00.781313+00:00,2026-08-21T18:24:00.514761+00:00,mean,2.667,True,False,True,3.0,1,23.0,bachelors,several_times_day,False,1,0,manual,2,0,2,0,0,0,False,24,12.0,4,True,26,38,-12.0,False,g2! h2!,1,False,2,0.0,4.0,0.0,0.0,0.0,0.0,38.0,Strugglers
3arm_v9_reasons,3arm_v9_reasons,non-adopters,p862,R3,bg20260726,False,True,contrasting_cases,v9_reasons,2026-08-21T18:18:00.781313+00:00,2026-08-21T18:24:00.514761+00:00,mean,2.667,True,False,True,3.0,1,23.0,bachelors,several_times_day,False,1,0,manual,2,0,2,0,0,0,False,14,7.0,11,True,27,37,-10.0,False,g8! h7!,1,False,2,0.0,4.0,0.0,0.0,0.0,0.0,38.0,Strugglers
3arm_v9_reasons,3arm_v9_reasons,non-adopters,p863,R1,oc20260727,True,False,contrasting_cases,v9_reasons,2026-08-21T20:37:52.664736+00:00,2026-08-21T20:40:16.626627+00:00,mean,1.333,True,False,True,3.0,dont_know,50.0,hs_graduate,never,False,1,5,manual,6,5,3,3,6,3,True,16,2.7,155,True,33,31,2.0,True,b7 c8 a7 a3 a1 g2!,1,False,2,2.0,4.0,0.5,0.0,0.0,0.0,30.0,Strugglers
3arm_v9_reasons,3arm_v9_reasons,non-adopters,p863,R2,b220260706,False,True,contrasting_cases,v9_reasons,2026-08-21T20:37:52.664736+00:00,2026-08-21T20:40:16.626627+00:00,mean,1.333,True,False,True,3.0,dont_know,50.0,hs_graduate,never,False,1,0,manual,2,1,2,1,0,0,False,14,7.0,4,True,31,33,-2.0,False,g1! g7,1,False,2,2.0,4.0,0.5,0.0,0.0,0.0,30.0,Strugglers
3arm_v9_reasons,3arm_v9_reasons,non-adopters,p863,R3,bg20260726,False,True,contrasting_cases,v9_reasons,2026-08-21T20:37:52.664736+00:00,2026-08-21T20:40:16.626627+00:00,mean,1.333,True,False,True,3.0,dont_know,50.0,hs_graduate,never,False,1,0,manual,2,1,2,1,0,0,False,16,8.0,3,True,26,38,-12.0,False,g7! b2,1,False,2,2.0,4.0,0.5,0.0,0.0,0.0,30.0,Strugglers
3arm_v9_reasons,3arm_v9_reasons,non-adopters,p864,R1,oc20260727,True,False,contrasting_cases,v9_reasons,2026-08-21T19:50:51.795316+00:00,2026-08-21T19:57:11.731799+00:00,mean,2.667,True,False,True,3.0,1,61.0,some_college,few_times_month,False,1,7,manual,6,6,3,3,6,3,True,0,0.0,119,True,41,23,18.0,True,b7 c8 a7 a3 a1 h1,1,True,2,1.0,4.0,0.25,0.0,0.0,0.0,38.0,Strugglers
3arm_v9_reasons,3arm_v9_reasons,non-adopters,p864,R2,b220260706,False,True,contrasting_cases,v9_reasons,2026-08-21T19:50:51.795316+00:00,2026-08-21T19:57:11.731799+00:00,mean,2.667,True,False,True,3.0,1,61.0,some_college,few_times_month,False,1,0,manual,2,0,2,0,0,0,False,30,15.0,5,True,23,41,-18.0,False,g1! g2!,1,False,2,1.0,4.0,0.25,0.0,0.0,0.0,38.0,Strugglers
3arm_v9_reasons,3arm_v9_reasons,non-adopters,p864,R3,bg20260726,False,True,contrasting_cases,v9_reasons,2026-08-21T19:50:51.795316+00:00,2026-08-21T19:57:11.731799+00:00,mean,2.667,True,False,True,3.0,1,61.0,some_college,few_times_month,False,1,0,manual,2,1,2,1,0,0,False,8,4.0,3,True,30,34,-4.0,False,g8! g7,1,False,2,1.0,4.0,0.25,0.0,0.0,0.0,38.0,Strugglers
3arm_v9_reasons,3arm_v9_reasons,non-adopters,p865,R1,oc20260727,True,False,contrasting_cases,v9_reasons,,2026-08-21T19:36:12.414902+00:00,mean,2.333,True,False,False,3.0,dont_know,,,,False,1,2,,1,0,1,0,0,0,False,40,40.0,0,False,24,32,,,c8!,1,False,0,,,,,,,,
3arm_v9_reasons,3arm_v9_reasons,non-adopters,p866,R1,oc20260727,True,False,contrasting_cases,v9_reasons,2026-08-21T19:50:07.165050+00:00,2026-08-21T19:52:45.465288+00:00,mean,2.667,True,False,True,3.0,1,41.0,postgrad,several_times_day,False,4,5,manual,5,3,3,2,0,0,False,46,9.2,13,True,18,46,-28.0,False,a7! g2 b6 b7! b8,1,False,2,4.0,6.0,0.667,1.0,1.0,2.0,22.0,Solvers
3arm_v9_reasons,3arm_v9_reasons,non-adopters,p866,R2,b220260706,False,True,contrasting_cases,v9_reasons,2026-08-21T19:50:07.165050+00:00,2026-08-21T19:52:45.465288+00:00,mean,2.667,True,False,True,3.0,1,41.0,postgrad,several_times_day,False,4,0,manual,3,3,3,3,3,3,True,0,0.0,5,True,38,26,12.0,True,g7 h1 g2,1,True,2,4.0,6.0,0.667,1.0,1.0,2.0,22.0,Solvers
3arm_v9_reasons,3arm_v9_reasons,non-adopters,p866,R3,bg20260726,False,True,contrasting_cases,v9_reasons,2026-08-21T19:50:07.165050+00:00,2026-08-21T19:52:45.465288+00:00,mean,2.667,True,False,True,3.0,1,41.0,postgrad,several_times_day,False,4,0,manual,3,1,3,1,1,1,True,22,7.3,4,True,23,41,-18.0,False,b2 g7! h8!,1,False,2,4.0,6.0,0.667,1.0,1.0,2.0,22.0,Solvers
3arm_v9_reasons,3arm_v9_reasons,non-adopters,p867,R1,oc20260727,True,False,contrasting_cases,v9_reasons,2026-08-21T19:42:00.640936+00:00,2026-08-21T19:48:44.671720+00:00,mean,3.0,True,False,True,3.0,3,30.0,bachelors,few_times_month,True,2,7,manual,6,6,3,3,6,3,True,0,0.0,268,True,41,23,18.0,True,b7 c8 a7 a3 a1 h1,1,True,2,1.0,5.0,0.2,0.0,0.0,1.0,46.0,Strugglers
3arm_v9_reasons,3arm_v9_reasons,non-adopters,p867,R2,b220260706,False,True,contrasting_cases,v9_reasons,2026-08-21T19:42:00.640936+00:00,2026-08-21T19:48:44.671720+00:00,mean,3.0,True,False,True,3.0,3,30.0,bachelors,few_times_month,True,2,0,manual,2,0,2,0,0,0,False,24,12.0,8,True,26,38,-12.0,False,g2! h2!,1,False,2,1.0,5.0,0.2,0.0,0.0,1.0,46.0,Strugglers
3arm_v9_reasons,3arm_v9_reasons,non-adopters,p867,R3,bg20260726,False,True,contrasting_cases,v9_reasons,2026-08-21T19:42:00.640936+00:00,2026-08-21T19:48:44.671720+00:00,mean,3.0,True,False,True,3.0,3,30.0,bachelors,few_times_month,True,2,0,manual,3,1,3,1,1,1,True,22,7.3,7,True,23,41,-18.0,False,b2 g7! h8!,1,False,2,1.0,5.0,0.2,0.0,0.0,1.0,46.0,Strugglers
3arm_v9_reasons,3arm_v9_reasons,non-adopters,p868,R1,oc20260727,True,False,contrasting_cases,v9_reasons,2026-08-21T19:35:56.234228+00:00,2026-08-21T19:41:24.152411+00:00,mean,1.667,True,False,True,4.0,1,42.0,bachelors,few_times_week,True,2,6,manual,6,6,3,3,6,3,True,0,0.0,308,True,41,23,18.0,True,b7 c8 a7 a3 a1 h1,1,True,2,3.0,5.0,0.6,0.0,0.0,1.0,24.0,Solvers
3arm_v9_reasons,3arm_v9_reasons,non-adopters,p868,R2,b220260706,False,True,contrasting_cases,v9_reasons,2026-08-21T19:35:56.234228+00:00,2026-08-21T19:41:24.152411+00:00,mean,1.667,True,False,True,4.0,1,42.0,bachelors,few_times_week,True,2,0,manual,2,1,2,1,0,0,False,14,7.0,3,True,31,33,-2.0,False,g1! g7,1,False,2,3.0,5.0,0.6,0.0,0.0,1.0,24.0,Solvers
3arm_v9_reasons,3arm_v9_reasons,non-adopters,p868,R3,bg20260726,False,True,contrasting_cases,v9_reasons,2026-08-21T19:35:56.234228+00:00,2026-08-21T19:41:24.152411+00:00,mean,1.667,True,False,True,4.0,1,42.0,bachelors,few_times_week,True,2,0,manual,3,2,3,2,1,1,True,10,3.3,9,True,29,35,-6.0,False,b2 h7! g8,1,False,2,3.0,5.0,0.6,0.0,0.0,1.0,24.0,Solvers
3arm_v9_reasons,3arm_v9_reasons,non-adopters,p869,R1,oc20260727,True,False,contrasting_cases,v9_reasons,2026-08-21T19:39:05.031127+00:00,2026-08-21T19:50:02.334137+00:00,mean,2.667,True,False,True,4.0,1,56.0,hs_graduate,few_times_month,False,1,6,manual,6,6,3,3,6,3,True,0,0.0,282,True,41,23,18.0,True,b7 c8 a7 a3 a1 h1,1,True,2,0.0,4.0,0.0,0.0,0.0,0.0,38.0,Strugglers
3arm_v9_reasons,3arm_v9_reasons,non-adopters,p869,R2,b220260706,False,True,contrasting_cases,v9_reasons,2026-08-21T19:39:05.031127+00:00,2026-08-21T19:50:02.334137+00:00,mean,2.667,True,False,True,4.0,1,56.0,hs_graduate,few_times_month,False,1,0,manual,2,0,2,0,0,0,False,24,12.0,15,True,26,38,-12.0,False,g2! h2!,1,False,2,0.0,4.0,0.0,0.0,0.0,0.0,38.0,Strugglers
3arm_v9_reasons,3arm_v9_reasons,non-adopters,p869,R3,bg20260726,False,True,contrasting_cases,v9_reasons,2026-08-21T19:39:05.031127+00:00,2026-08-21T19:50:02.334137+00:00,mean,2.667,True,False,True,4.0,1,56.0,hs_graduate,few_times_month,False,1,0,manual,2,0,2,0,0,0,False,14,7.0,15,True,27,37,-10.0,False,g8! h7!,1,False,2,0.0,4.0,0.0,0.0,0.0,0.0,38.0,Strugglers
3arm_v9_reasons,3arm_v9_reasons,non-adopters,p870,R1,oc20260727,True,False,contrasting_cases,v9_reasons,2026-08-21T20:31:36.020829+00:00,2026-08-21T20:37:00.994322+00:00,mean,3.0,True,False,True,4.0,1,35.0,some_college,weekly,True,2,5,manual,4,3,3,2,2,2,True,24,6.0,402,True,29,35,-6.0,False,b7 c8 g2! a7,1,False,2,2.0,5.0,0.4,0.0,0.0,1.0,34.0,Strugglers
3arm_v9_reasons,3arm_v9_reasons,non-adopters,p870,R2,b220260706,False,True,contrasting_cases,v9_reasons,2026-08-21T20:31:36.020829+00:00,2026-08-21T20:37:00.994322+00:00,mean,3.0,True,False,True,4.0,1,35.0,some_college,weekly,True,2,0,manual,2,0,2,0,0,0,False,24,12.0,5,True,26,38,-12.0,False,g2! h2!,1,False,2,2.0,5.0,0.4,0.0,0.0,1.0,34.0,Strugglers
3arm_v9_reasons,3arm_v9_reasons,non-adopters,p870,R3,bg20260726,False,True,contrasting_cases,v9_reasons,2026-08-21T20:31:36.020829+00:00,2026-08-21T20:37:00.994322+00:00,mean,3.0,True,False,True,4.0,1,35.0,some_college,weekly,True,2,0,manual,3,2,3,2,1,1,True,10,3.3,9,True,29,35,-6.0,False,b2 h7! g8,1,False,2,2.0,5.0,0.4,0.0,0.0,1.0,34.0,Strugglers
3arm_v9_reasons,3arm_v9_reasons,non-adopters,p871,R1,oc20260727,True,False,contrasting_cases,v9_reasons,2026-08-21T20:25:53.397054+00:00,2026-08-21T20:31:03.297385+00:00,mean,2.667,True,False,True,3.0,dont_know,31.0,some_college,never,True,2,6,manual,5,3,3,2,4,3,True,20,4.0,173,True,31,33,-2.0,False,b7 a7! a1 h1 g2!,1,False,2,2.0,4.0,0.5,0.0,0.0,0.0,30.0,Strugglers
3arm_v9_reasons,3arm_v9_reasons,non-adopters,p871,R2,b220260706,False,True,contrasting_cases,v9_reasons,2026-08-21T20:25:53.397054+00:00,2026-08-21T20:31:03.297385+00:00,mean,2.667,True,False,True,3.0,dont_know,31.0,some_college,never,True,2,0,manual,2,1,2,1,0,0,False,14,7.0,5,True,31,33,-2.0,False,g1! g7,1,False,2,2.0,4.0,0.5,0.0,0.0,0.0,30.0,Strugglers
3arm_v9_reasons,3arm_v9_reasons,non-adopters,p871,R3,bg20260726,False,True,contrasting_cases,v9_reasons,2026-08-21T20:25:53.397054+00:00,2026-08-21T20:31:03.297385+00:00,mean,2.667,True,False,True,3.0,dont_know,31.0,some_college,never,True,2,0,manual,2,1,2,1,0,0,False,16,8.0,5,True,26,38,-12.0,False,g7! b2,1,False,2,2.0,4.0,0.5,0.0,0.0,0.0,30.0,Strugglers
3arm_v9_reasons,3arm_v9_reasons,non-adopters,p872,R1,oc20260727,True,False,contrasting_cases,v9_reasons,2026-08-21T19:30:57.266501+00:00,2026-08-21T19:39:58.224549+00:00,mean,3.0,True,False,True,3.0,dont_know,68.0,bachelors,several_times_day,False,1,7,manual,6,6,3,3,6,3,True,0,0.0,202,True,41,23,18.0,True,b7 c8 a7 a3 a1 h1,1,True,2,4.0,5.0,0.8,1.0,1.0,1.0,14.0,Solvers
3arm_v9_reasons,3arm_v9_reasons,non-adopters,p872,R2,b220260706,False,True,contrasting_cases,v9_reasons,2026-08-21T19:30:57.266501+00:00,2026-08-21T19:39:58.224549+00:00,mean,3.0,True,False,True,3.0,dont_know,68.0,bachelors,several_times_day,False,1,0,manual,2,1,2,1,0,0,False,14,7.0,5,True,31,33,-2.0,False,g1! g7,1,False,2,4.0,5.0,0.8,1.0,1.0,1.0,14.0,Solvers
3arm_v9_reasons,3arm_v9_reasons,non-adopters,p872,R3,bg20260726,False,True,contrasting_cases,v9_reasons,2026-08-21T19:30:57.266501+00:00,2026-08-21T19:39:58.224549+00:00,mean,3.0,True,False,True,3.0,dont_know,68.0,bachelors,several_times_day,False,1,0,manual,3,3,3,3,3,3,True,0,0.0,15,True,34,30,4.0,True,b2 g8 h7,1,True,2,4.0,5.0,0.8,1.0,1.0,1.0,14.0,Solvers
3arm_v9_reasons,3arm_v9_reasons,non-adopters,p874,R1,oc20260727,True,False,contrasting_cases,v9_reasons,2026-08-21T20:06:56.110386+00:00,2026-08-21T20:12:51.215103+00:00,mean,3.0,True,False,True,4.0,1,30.0,bachelors,never,False,2,5,manual,3,2,3,2,0,0,False,40,13.3,206,True,21,43,-22.0,False,c8! a7 g2,1,False,2,0.0,4.0,0.0,0.0,0.0,0.0,50.0,Strugglers
3arm_v9_reasons,3arm_v9_reasons,non-adopters,p874,R2,b220260706,False,True,contrasting_cases,v9_reasons,2026-08-21T20:06:56.110386+00:00,2026-08-21T20:12:51.215103+00:00,mean,3.0,True,False,True,4.0,1,30.0,bachelors,never,False,2,0,manual,2,0,2,0,0,0,False,24,12.0,5,True,26,38,-12.0,False,g2! h2!,1,False,2,0.0,4.0,0.0,0.0,0.0,0.0,50.0,Strugglers
3arm_v9_reasons,3arm_v9_reasons,non-adopters,p874,R3,bg20260726,False,True,contrasting_cases,v9_reasons,2026-08-21T20:06:56.110386+00:00,2026-08-21T20:12:51.215103+00:00,mean,3.0,True,False,True,4.0,1,30.0,bachelors,never,False,2,0,manual,2,0,2,0,0,0,False,26,13.0,7,True,21,43,-22.0,False,h7! g7!,1,False,2,0.0,4.0,0.0,0.0,0.0,0.0,50.0,Strugglers
3arm_v9_reasons,3arm_v9_reasons,non-adopters,p875,R1,oc20260727,True,False,contrasting_cases,v9_reasons,2026-08-21T18:28:20.198582+00:00,2026-08-21T18:34:20.811504+00:00,mean,2.333,True,False,True,3.0,1,41.0,hs_incomplete,never,False,2,5,manual,4,2,3,2,1,1,True,42,10.5,159,True,20,44,-24.0,False,b7 b6! g2 c8!,1,False,2,1.0,4.0,0.25,0.0,0.0,1.0,34.0,Strugglers
3arm_v9_reasons,3arm_v9_reasons,non-adopters,p875,R2,b220260706,False,True,contrasting_cases,v9_reasons,2026-08-21T18:28:20.198582+00:00,2026-08-21T18:34:20.811504+00:00,mean,2.333,True,False,True,3.0,1,41.0,hs_incomplete,never,False,2,0,manual,2,1,2,1,1,1,True,12,6.0,3,True,32,32,0.0,False,g7 g2!,1,False,2,1.0,4.0,0.25,0.0,0.0,1.0,34.0,Strugglers
3arm_v9_reasons,3arm_v9_reasons,non-adopters,p875,R3,bg20260726,False,True,contrasting_cases,v9_reasons,2026-08-21T18:28:20.198582+00:00,2026-08-21T18:34:20.811504+00:00,mean,2.333,True,False,True,3.0,1,41.0,hs_incomplete,never,False,2,0,manual,2,0,2,0,0,0,False,22,11.0,3,True,23,41,-18.0,False,g7! h7!,1,False,2,1.0,4.0,0.25,0.0,0.0,1.0,34.0,Strugglers
3arm_v9_reasons,3arm_v9_reasons,non-adopters,p876,R1,oc20260727,True,False,contrasting_cases,v9_reasons,,2026-08-21T20:04:53.230153+00:00,mean,2.667,True,False,False,3.0,1,,,,True,5,0,,1,1,1,1,1,1,True,0,0.0,0,False,24,32,,,b7,1,False,0,,,,,,,,
3arm_v9_reasons,3arm_v9_reasons,non-adopters,p877,R1,oc20260727,True,False,contrasting_cases,v9_reasons,2026-08-21T20:03:25.535173+00:00,2026-08-21T20:11:16.235876+00:00,mean,2.333,True,False,True,3.0,1,55.0,hs_graduate,weekly,False,1,5,manual,4,2,3,2,0,0,False,40,10.0,136,True,21,43,-22.0,False,b6! g2 b7 a7!,1,False,2,2.0,5.0,0.4,0.0,0.0,1.0,38.0,Strugglers
3arm_v9_reasons,3arm_v9_reasons,non-adopters,p877,R2,b220260706,False,True,contrasting_cases,v9_reasons,2026-08-21T20:03:25.535173+00:00,2026-08-21T20:11:16.235876+00:00,mean,2.333,True,False,True,3.0,1,55.0,hs_graduate,weekly,False,1,0,manual,2,0,2,0,0,0,False,24,12.0,9,True,26,38,-12.0,False,g2! h2!,1,False,2,2.0,5.0,0.4,0.0,0.0,1.0,38.0,Strugglers
3arm_v9_reasons,3arm_v9_reasons,non-adopters,p877,R3,bg20260726,False,True,contrasting_cases,v9_reasons,2026-08-21T20:03:25.535173+00:00,2026-08-21T20:11:16.235876+00:00,mean,2.333,True,False,True,3.0,1,55.0,hs_graduate,weekly,False,1,0,manual,3,2,3,2,1,1,True,14,4.7,11,True,27,37,-10.0,False,b2 g7! h7,1,False,2,2.0,5.0,0.4,0.0,0.0,1.0,38.0,Strugglers
vanilla_non_adopters,v9run_vanilla,non-adopters,p878,R1,oc20260727,True,False,,,2026-08-26T14:26:41.821633+00:00,,mean,1.667,True,False,True,,1,42.0,bachelors,weekly,False,1,5,manual,6,6,3,3,6,3,True,0,0.0,248,True,41,23,18.0,True,b7 c8 a7 a3 a1 h1,1,True,2,2.0,5.0,0.4,0.0,0.0,1.0,40.0,Strugglers
vanilla_non_adopters,v9run_vanilla,non-adopters,p878,R2,b220260706,False,True,,,2026-08-26T14:26:41.821633+00:00,,mean,1.667,True,False,True,,1,42.0,bachelors,weekly,False,1,0,manual,2,0,2,0,0,0,False,30,15.0,3,True,23,41,-18.0,False,g1! g2!,1,False,2,2.0,5.0,0.4,0.0,0.0,1.0,40.0,Strugglers
vanilla_non_adopters,v9run_vanilla,non-adopters,p878,R3,bg20260726,False,True,,,2026-08-26T14:26:41.821633+00:00,,mean,1.667,True,False,True,,1,42.0,bachelors,weekly,False,1,0,manual,3,2,3,2,1,1,True,10,3.3,9,True,29,35,-6.0,False,b2 h7! g8,1,False,2,2.0,5.0,0.4,0.0,0.0,1.0,40.0,Strugglers
vanilla_non_adopters,v9run_vanilla,non-adopters,p880,R1,oc20260727,True,False,,,2026-08-26T13:54:24.739232+00:00,,mean,2.333,True,False,True,,2,59.0,associate,few_times_month,True,1,5,manual,6,6,3,3,6,3,True,0,0.0,136,True,41,23,18.0,True,b7 c8 a7 a3 a1 h1,1,True,2,0.0,4.0,0.0,0.0,0.0,0.0,46.0,Strugglers
vanilla_non_adopters,v9run_vanilla,non-adopters,p880,R2,b220260706,False,True,,,2026-08-26T13:54:24.739232+00:00,,mean,2.333,True,False,True,,2,59.0,associate,few_times_month,True,1,0,manual,2,0,2,0,0,0,False,24,12.0,5,True,26,38,-12.0,False,g2! h2!,1,False,2,0.0,4.0,0.0,0.0,0.0,0.0,46.0,Strugglers
vanilla_non_adopters,v9run_vanilla,non-adopters,p880,R3,bg20260726,False,True,,,2026-08-26T13:54:24.739232+00:00,,mean,2.333,True,False,True,,2,59.0,associate,few_times_month,True,1,0,manual,2,0,2,0,0,0,False,22,11.0,4,True,23,41,-18.0,False,g7! h7!,1,False,2,0.0,4.0,0.0,0.0,0.0,0.0,46.0,Strugglers
vanilla_non_adopters,v9run_vanilla,non-adopters,p881,R1,oc20260727,True,False,,,2026-08-26T15:24:27.459111+00:00,,mean,1.0,True,False,True,,dont_know,23.0,bachelors,few_times_week,False,1,5,manual,6,5,3,3,6,3,True,16,2.7,52,True,33,31,2.0,True,b7 c8 a7 a3 a1 g2!,1,False,2,0.0,4.0,0.0,0.0,0.0,0.0,44.0,Strugglers
vanilla_non_adopters,v9run_vanilla,non-adopters,p881,R2,b220260706,False,True,,,2026-08-26T15:24:27.459111+00:00,,mean,1.0,True,False,True,,dont_know,23.0,bachelors,few_times_week,False,1,0,manual,2,0,2,0,0,0,False,30,15.0,2,True,23,41,-18.0,False,g1! g2!,1,False,2,0.0,4.0,0.0,0.0,0.0,0.0,44.0,Strugglers
vanilla_non_adopters,v9run_vanilla,non-adopters,p881,R3,bg20260726,False,True,,,2026-08-26T15:24:27.459111+00:00,,mean,1.0,True,False,True,,dont_know,23.0,bachelors,few_times_week,False,1,0,manual,2,0,2,0,0,0,False,14,7.0,2,True,27,37,-10.0,False,g8! h7!,1,False,2,0.0,4.0,0.0,0.0,0.0,0.0,44.0,Strugglers
vanilla_non_adopters,v9run_vanilla,non-adopters,p883,R1,oc20260727,True,False,,,2026-08-26T14:35:24.213847+00:00,,mean,2.333,True,False,True,,dont_know,38.0,some_college,less_than_monthly,False,1,5,manual,4,2,3,2,1,1,True,42,10.5,27,True,20,44,-24.0,False,b7 b6! g2 c8!,1,False,2,2.0,4.0,0.5,0.0,0.0,0.0,32.0,Strugglers
vanilla_non_adopters,v9run_vanilla,non-adopters,p883,R2,b220260706,False,True,,,2026-08-26T14:35:24.213847+00:00,,mean,2.333,True,False,True,,dont_know,38.0,some_college,less_than_monthly,False,1,0,manual,2,1,2,1,0,0,False,16,8.0,2,True,30,34,-4.0,False,g2! g7,1,False,2,2.0,4.0,0.5,0.0,0.0,0.0,32.0,Strugglers
vanilla_non_adopters,v9run_vanilla,non-adopters,p883,R3,bg20260726,False,True,,,2026-08-26T14:35:24.213847+00:00,,mean,2.333,True,False,True,,dont_know,38.0,some_college,less_than_monthly,False,1,0,manual,2,1,2,1,0,0,False,16,8.0,2,True,26,38,-12.0,False,g7! b2,1,False,2,2.0,4.0,0.5,0.0,0.0,0.0,32.0,Strugglers
vanilla_non_adopters,v9run_vanilla,non-adopters,p884,R1,oc20260727,True,False,,,2026-08-26T13:47:04.680900+00:00,,mean,1.333,True,False,True,,1,60.0,bachelors,several_times_day,False,3,5,manual,6,6,3,3,6,3,True,0,0.0,262,True,41,23,18.0,True,b7 c8 a7 a3 a1 h1,1,True,2,4.0,6.0,0.667,1.0,1.0,2.0,16.0,Solvers
vanilla_non_adopters,v9run_vanilla,non-adopters,p884,R2,b220260706,False,True,,,2026-08-26T13:47:04.680900+00:00,,mean,1.333,True,False,True,,1,60.0,bachelors,several_times_day,False,3,0,manual,3,3,3,3,3,3,True,0,0.0,15,True,38,26,12.0,True,g7 h1 g2,1,True,2,4.0,6.0,0.667,1.0,1.0,2.0,16.0,Solvers
vanilla_non_adopters,v9run_vanilla,non-adopters,p884,R3,bg20260726,False,True,,,2026-08-26T13:47:04.680900+00:00,,mean,1.333,True,False,True,,1,60.0,bachelors,several_times_day,False,3,0,manual,3,1,3,1,1,1,True,16,5.3,31,True,26,38,-12.0,False,b2 h7! g7!,1,False,2,4.0,6.0,0.667,1.0,1.0,2.0,16.0,Solvers
vanilla_non_adopters,v9run_vanilla,non-adopters,p886,R1,oc20260727,True,False,,,2026-08-26T14:09:30.529154+00:00,,mean,2.667,True,False,True,,2,27.0,some_college,less_than_monthly,False,2,5,manual,3,2,3,2,2,2,True,38,12.7,68,True,22,42,-20.0,False,b7 c8 b6!,1,False,2,2.0,4.0,0.5,0.0,0.0,1.0,30.0,Strugglers
vanilla_non_adopters,v9run_vanilla,non-adopters,p886,R2,b220260706,False,True,,,2026-08-26T14:09:30.529154+00:00,,mean,2.667,True,False,True,,2,27.0,some_college,less_than_monthly,False,2,0,manual,2,1,2,1,1,1,True,14,7.0,21,True,31,33,-2.0,False,g7 h2!,1,False,2,2.0,4.0,0.5,0.0,0.0,1.0,30.0,Strugglers
vanilla_non_adopters,v9run_vanilla,non-adopters,p886,R3,bg20260726,False,True,,,2026-08-26T14:09:30.529154+00:00,,mean,2.667,True,False,True,,2,27.0,some_college,less_than_monthly,False,2,0,manual,2,1,2,1,0,0,False,16,8.0,8,True,26,38,-12.0,False,h7! g8,1,False,2,2.0,4.0,0.5,0.0,0.0,1.0,30.0,Strugglers
vanilla_non_adopters,v9run_vanilla,non-adopters,p893,R1,oc20260727,True,False,,,2026-08-26T14:44:06.474516+00:00,,mean,3.0,True,False,True,,2,28.0,bachelors,few_times_week,False,1,6,manual,5,4,3,2,0,0,False,32,6.4,278,True,25,39,-14.0,False,g2! b7 b6 c8 a8,1,False,2,2.0,5.0,0.4,0.0,0.0,1.0,38.0,Strugglers
vanilla_non_adopters,v9run_vanilla,non-adopters,p893,R2,b220260706,False,True,,,2026-08-26T14:44:06.474516+00:00,,mean,3.0,True,False,True,,2,28.0,bachelors,few_times_week,False,1,0,manual,3,2,3,2,2,2,True,14,4.7,10,True,31,33,-2.0,False,g7 h1 h2!,1,False,2,2.0,5.0,0.4,0.0,0.0,1.0,38.0,Strugglers
vanilla_non_adopters,v9run_vanilla,non-adopters,p893,R3,bg20260726,False,True,,,2026-08-26T14:44:06.474516+00:00,,mean,3.0,True,False,True,,2,28.0,bachelors,few_times_week,False,1,0,manual,2,0,2,0,0,0,False,24,12.0,5,True,22,42,-20.0,False,g7! g8!,1,False,2,2.0,5.0,0.4,0.0,0.0,1.0,38.0,Strugglers
vanilla_non_adopters,v9run_vanilla,non-adopters,p894,R1,oc20260727,True,False,,,2026-08-26T13:46:39.275195+00:00,,mean,3.0,True,False,True,,1,54.0,some_college,several_times_day,False,1,8,manual,6,5,3,3,6,3,True,16,2.7,355,True,33,31,2.0,True,b7 c8 a7 a3 a1 g2!,1,False,2,2.0,5.0,0.4,0.0,0.0,0.0,40.0,Strugglers
vanilla_non_adopters,v9run_vanilla,non-adopters,p894,R2,b220260706,False,True,,,2026-08-26T13:46:39.275195+00:00,,mean,3.0,True,False,True,,1,54.0,some_college,several_times_day,False,1,0,manual,2,0,2,0,0,0,False,24,12.0,11,True,26,38,-12.0,False,g2! h2!,1,False,2,2.0,5.0,0.4,0.0,0.0,0.0,40.0,Strugglers
vanilla_non_adopters,v9run_vanilla,non-adopters,p894,R3,bg20260726,False,True,,,2026-08-26T13:46:39.275195+00:00,,mean,3.0,True,False,True,,1,54.0,some_college,several_times_day,False,1,0,manual,3,2,3,2,0,0,False,16,5.3,29,True,26,38,-12.0,False,h7! b2 g8,1,False,2,2.0,5.0,0.4,0.0,0.0,0.0,40.0,Strugglers
vanilla_non_adopters,v9run_vanilla,non-adopters,p896,R1,oc20260727,True,False,,,2026-08-26T14:43:22.146188+00:00,,mean,3.0,True,False,True,,dont_know,34.0,postgrad,few_times_week,False,1,5,manual,3,2,3,2,2,2,True,38,12.7,64,True,22,42,-20.0,False,b7 c8 b6!,1,False,2,1.0,5.0,0.2,0.0,0.0,1.0,46.0,Strugglers
vanilla_non_adopters,v9run_vanilla,non-adopters,p896,R2,b220260706,False,True,,,2026-08-26T14:43:22.146188+00:00,,mean,3.0,True,False,True,,dont_know,34.0,postgrad,few_times_week,False,1,0,manual,2,0,2,0,0,0,False,30,15.0,3,True,23,41,-18.0,False,g1! g2!,1,False,2,1.0,5.0,0.2,0.0,0.0,1.0,46.0,Strugglers
vanilla_non_adopters,v9run_vanilla,non-adopters,p896,R3,bg20260726,False,True,,,2026-08-26T14:43:22.146188+00:00,,mean,3.0,True,False,True,,dont_know,34.0,postgrad,few_times_week,False,1,0,manual,3,1,3,1,1,1,True,16,5.3,6,True,26,38,-12.0,False,b2 h7! g7!,1,False,2,1.0,5.0,0.2,0.0,0.0,1.0,46.0,Strugglers
vanilla_non_adopters,v9run_vanilla,non-adopters,p898,R1,oc20260727,True,False,,,2026-08-26T16:12:45.311773+00:00,,mean,1.667,True,False,True,,dont_know,51.0,some_college,less_than_monthly,False,1,6,manual,6,6,3,3,6,3,True,0,0.0,112,True,41,23,18.0,True,b7 c8 a7 a3 a1 h1,1,True,2,3.0,5.0,0.6,1.0,1.0,1.0,24.0,Solvers
vanilla_non_adopters,v9run_vanilla,non-adopters,p898,R2,b220260706,False,True,,,2026-08-26T16:12:45.311773+00:00,,mean,1.667,True,False,True,,dont_know,51.0,some_college,less_than_monthly,False,1,0,manual,2,0,2,0,0,0,False,24,12.0,2,True,26,38,-12.0,False,g2! h2!,1,False,2,3.0,5.0,0.6,1.0,1.0,1.0,24.0,Solvers
vanilla_non_adopters,v9run_vanilla,non-adopters,p898,R3,bg20260726,False,True,,,2026-08-26T16:12:45.311773+00:00,,mean,1.667,True,False,True,,dont_know,51.0,some_college,less_than_monthly,False,1,0,manual,3,3,3,3,3,3,True,0,0.0,4,True,34,30,4.0,True,b2 g8 h7,1,True,2,3.0,5.0,0.6,1.0,1.0,1.0,24.0,Solvers
vanilla_non_adopters,v9run_vanilla,non-adopters,p900,R1,oc20260727,True,False,,,2026-08-26T14:21:59.294402+00:00,,mean,2.667,True,False,True,,2,41.0,postgrad,few_times_week,True,3,5,manual,6,6,3,3,6,3,True,0,0.0,125,True,41,23,18.0,True,b7 c8 a7 a3 a1 h1,1,True,2,2.0,4.0,0.5,0.0,0.0,0.0,24.0,Strugglers
vanilla_non_adopters,v9run_vanilla,non-adopters,p900,R2,b220260706,False,True,,,2026-08-26T14:21:59.294402+00:00,,mean,2.667,True,False,True,,2,41.0,postgrad,few_times_week,True,3,0,manual,2,1,2,1,0,0,False,16,8.0,3,True,30,34,-4.0,False,g2! g7,1,False,2,2.0,4.0,0.5,0.0,0.0,0.0,24.0,Strugglers
vanilla_non_adopters,v9run_vanilla,non-adopters,p900,R3,bg20260726,False,True,,,2026-08-26T14:21:59.294402+00:00,,mean,2.667,True,False,True,,2,41.0,postgrad,few_times_week,True,3,0,manual,2,1,2,1,0,0,False,8,4.0,4,True,30,34,-4.0,False,g8! g7,1,False,2,2.0,4.0,0.5,0.0,0.0,0.0,24.0,Strugglers
vanilla_non_adopters,v9run_vanilla,non-adopters,p901,R1,oc20260727,True,False,,,2026-08-26T14:52:36.533019+00:00,,mean,1.667,True,False,True,,dont_know,32.0,hs_graduate,weekly,False,1,5,manual,3,2,3,2,0,0,False,40,13.3,135,True,21,43,-22.0,False,c8! a7 g2,1,False,2,0.0,4.0,0.0,0.0,0.0,0.0,38.0,Strugglers
vanilla_non_adopters,v9run_vanilla,non-adopters,p901,R2,b220260706,False,True,,,2026-08-26T14:52:36.533019+00:00,,mean,1.667,True,False,True,,dont_know,32.0,hs_graduate,weekly,False,1,0,manual,2,0,2,0,0,0,False,24,12.0,10,True,26,38,-12.0,False,g2! h2!,1,False,2,0.0,4.0,0.0,0.0,0.0,0.0,38.0,Strugglers
vanilla_non_adopters,v9run_vanilla,non-adopters,p901,R3,bg20260726,False,True,,,2026-08-26T14:52:36.533019+00:00,,mean,1.667,True,False,True,,dont_know,32.0,hs_graduate,weekly,False,1,0,manual,2,0,2,0,0,0,False,14,7.0,11,True,27,37,-10.0,False,g8! h7!,1,False,2,0.0,4.0,0.0,0.0,0.0,0.0,38.0,Strugglers
vanilla_non_adopters,v9run_vanilla,non-adopters,p902,R1,oc20260727,True,False,,,2026-08-26T14:04:13.783028+00:00,,mean,1.0,True,False,True,,1,50.0,some_college,several_times_day,False,2,5,manual,4,2,3,2,1,1,True,36,9.0,47,True,23,41,-18.0,False,b7 g2! c8 b6!,1,False,2,0.0,4.0,0.0,0.0,0.0,0.0,44.0,Strugglers
vanilla_non_adopters,v9run_vanilla,non-adopters,p902,R2,b220260706,False,True,,,2026-08-26T14:04:13.783028+00:00,,mean,1.0,True,False,True,,1,50.0,some_college,several_times_day,False,2,0,manual,2,0,2,0,0,0,False,30,15.0,3,True,23,41,-18.0,False,g1! g2!,1,False,2,0.0,4.0,0.0,0.0,0.0,0.0,44.0,Strugglers
vanilla_non_adopters,v9run_vanilla,non-adopters,p902,R3,bg20260726,False,True,,,2026-08-26T14:04:13.783028+00:00,,mean,1.0,True,False,True,,1,50.0,some_college,several_times_day,False,2,0,manual,2,0,2,0,0,0,False,14,7.0,3,True,27,37,-10.0,False,g8! h7!,1,False,2,0.0,4.0,0.0,0.0,0.0,0.0,44.0,Strugglers
vanilla_non_adopters,v9run_vanilla,non-adopters,p903,R1,oc20260727,True,False,,,2026-08-25T20:04:29.468315+00:00,,mean,2.667,True,False,True,,1,53.0,postgrad,several_times_day,False,1,6,manual,6,6,3,3,6,3,True,0,0.0,99,True,41,23,18.0,True,b7 c8 a7 a3 a1 h1,1,True,2,6.0,6.0,1.0,2.0,2.0,2.0,0.0,Solvers
vanilla_non_adopters,v9run_vanilla,non-adopters,p903,R2,b220260706,False,True,,,2026-08-25T20:04:29.468315+00:00,,mean,2.667,True,False,True,,1,53.0,postgrad,several_times_day,False,1,0,manual,3,3,3,3,3,3,True,0,0.0,11,True,38,26,12.0,True,g7 h1 g2,1,True,2,6.0,6.0,1.0,2.0,2.0,2.0,0.0,Solvers
vanilla_non_adopters,v9run_vanilla,non-adopters,p903,R3,bg20260726,False,True,,,2026-08-25T20:04:29.468315+00:00,,mean,2.667,True,False,True,,1,53.0,postgrad,several_times_day,False,1,0,manual,3,3,3,3,3,3,True,0,0.0,17,True,34,30,4.0,True,b2 g8 h7,1,True,2,6.0,6.0,1.0,2.0,2.0,2.0,0.0,Solvers
vanilla_non_adopters,v9run_vanilla,non-adopters,p908,R1,oc20260727,True,False,,,2026-08-26T14:18:39.645771+00:00,,mean,1.0,True,False,True,,1,65.0,hs_graduate,daily,False,1,6,manual,5,4,3,2,0,0,False,32,6.4,93,True,25,39,-14.0,False,g2! b6 b7 c8 a8,1,False,2,0.0,4.0,0.0,0.0,0.0,0.0,52.0,Strugglers
vanilla_non_adopters,v9run_vanilla,non-adopters,p908,R2,b220260706,False,True,,,2026-08-26T14:18:39.645771+00:00,,mean,1.0,True,False,True,,1,65.0,hs_graduate,daily,False,1,0,manual,2,0,2,0,0,0,False,30,15.0,10,True,23,41,-18.0,False,g1! g2!,1,False,2,0.0,4.0,0.0,0.0,0.0,0.0,52.0,Strugglers
vanilla_non_adopters,v9run_vanilla,non-adopters,p908,R3,bg20260726,False,True,,,2026-08-26T14:18:39.645771+00:00,,mean,1.0,True,False,True,,1,65.0,hs_graduate,daily,False,1,0,manual,2,0,2,0,0,0,False,22,11.0,3,True,23,41,-18.0,False,g7! h7!,1,False,2,0.0,4.0,0.0,0.0,0.0,0.0,52.0,Strugglers
vanilla_non_adopters,v9run_vanilla,non-adopters,p910,R1,oc20260727,True,False,,,2026-08-26T14:34:11.708373+00:00,,mean,1.667,True,False,True,,1,27.0,bachelors,weekly,False,4,6,manual,5,4,3,3,5,3,True,16,3.2,131,True,33,31,2.0,True,b7 c8 a7 a3 g2!,1,False,2,1.0,4.0,0.25,0.0,0.0,0.0,40.0,Strugglers
vanilla_non_adopters,v9run_vanilla,non-adopters,p910,R2,b220260706,False,True,,,2026-08-26T14:34:11.708373+00:00,,mean,1.667,True,False,True,,1,27.0,bachelors,weekly,False,4,0,manual,2,1,2,1,0,0,False,16,8.0,5,True,30,34,-4.0,False,g2! g7,1,False,2,1.0,4.0,0.25,0.0,0.0,0.0,40.0,Strugglers
vanilla_non_adopters,v9run_vanilla,non-adopters,p910,R3,bg20260726,False,True,,,2026-08-26T14:34:11.708373+00:00,,mean,1.667,True,False,True,,1,27.0,bachelors,weekly,False,4,0,manual,2,0,2,0,0,0,False,24,12.0,3,True,22,42,-20.0,False,g7! g8!,1,False,2,1.0,4.0,0.25,0.0,0.0,0.0,40.0,Strugglers
vanilla_non_adopters,v9run_vanilla,non-adopters,p916,R1,oc20260727,True,False,,,2026-08-26T13:46:38.627676+00:00,,mean,1.0,True,False,True,,3,36.0,some_college,daily,False,2,5,manual,3,2,3,2,2,2,True,38,12.7,15,True,22,42,-20.0,False,b7 c8 b6!,1,False,2,1.0,4.0,0.25,0.0,0.0,1.0,26.0,Strugglers
vanilla_non_adopters,v9run_vanilla,non-adopters,p916,R2,b220260706,False,True,,,2026-08-26T13:46:38.627676+00:00,,mean,1.0,True,False,True,,3,36.0,some_college,daily,False,2,0,manual,2,1,2,1,1,1,True,12,6.0,3,True,32,32,0.0,False,g7 g2!,1,False,2,1.0,4.0,0.25,0.0,0.0,1.0,26.0,Strugglers
vanilla_non_adopters,v9run_vanilla,non-adopters,p916,R3,bg20260726,False,True,,,2026-08-26T13:46:38.627676+00:00,,mean,1.0,True,False,True,,3,36.0,some_college,daily,False,2,0,manual,2,0,2,0,0,0,False,14,7.0,4,True,27,37,-10.0,False,g8! h7!,1,False,2,1.0,4.0,0.25,0.0,0.0,1.0,26.0,Strugglers
vanilla_non_adopters,v9run_vanilla,non-adopters,p918,R1,oc20260727,True,False,,,2026-08-26T15:22:10.376959+00:00,,mean,3.333,True,False,True,,2,45.0,postgrad,less_than_monthly,False,2,5,manual,3,2,3,2,2,2,True,38,12.7,90,True,22,42,-20.0,False,b7 c8 b6!,1,False,2,3.0,6.0,0.5,0.0,0.0,2.0,36.0,Strugglers
vanilla_non_adopters,v9run_vanilla,non-adopters,p918,R2,b220260706,False,True,,,2026-08-26T15:22:10.376959+00:00,,mean,3.333,True,False,True,,2,45.0,postgrad,less_than_monthly,False,2,0,manual,3,2,3,2,2,2,True,14,4.7,9,True,31,33,-2.0,False,g7 h1 h2!,1,False,2,3.0,6.0,0.5,0.0,0.0,2.0,36.0,Strugglers
vanilla_non_adopters,v9run_vanilla,non-adopters,p918,R3,bg20260726,False,True,,,2026-08-26T15:22:10.376959+00:00,,mean,3.333,True,False,True,,2,45.0,postgrad,less_than_monthly,False,2,0,manual,3,1,3,1,1,1,True,22,7.3,10,True,23,41,-18.0,False,b2 g7! h8!,1,False,2,3.0,6.0,0.5,0.0,0.0,2.0,36.0,Strugglers
vanilla_non_adopters,v9run_vanilla,non-adopters,p921,R1,oc20260727,True,False,,,2026-08-26T15:46:42.587903+00:00,,mean,2.667,True,False,True,,dont_know,32.0,associate,few_times_week,False,1,6,manual,4,3,3,3,3,3,True,36,9.0,158,True,23,41,-18.0,False,b7 c8 a7 g2!,1,False,2,0.0,4.0,0.0,0.0,0.0,0.0,44.0,Strugglers
vanilla_non_adopters,v9run_vanilla,non-adopters,p921,R2,b220260706,False,True,,,2026-08-26T15:46:42.587903+00:00,,mean,2.667,True,False,True,,dont_know,32.0,associate,few_times_week,False,1,0,manual,2,0,2,0,0,0,False,30,15.0,5,True,23,41,-18.0,False,g1! g2!,1,False,2,0.0,4.0,0.0,0.0,0.0,0.0,44.0,Strugglers
vanilla_non_adopters,v9run_vanilla,non-adopters,p921,R3,bg20260726,False,True,,,2026-08-26T15:46:42.587903+00:00,,mean,2.667,True,False,True,,dont_know,32.0,associate,few_times_week,False,1,0,manual,2,0,2,0,0,0,False,14,7.0,3,True,27,37,-10.0,False,g8! h7!,1,False,2,0.0,4.0,0.0,0.0,0.0,0.0,44.0,Strugglers
vanilla_non_adopters,v9run_vanilla,non-adopters,p923,R1,oc20260727,True,False,,,2026-08-25T20:03:39.161011+00:00,,mean,2.333,True,False,True,,2,22.0,some_college,few_times_month,False,2,7,manual,6,6,3,3,6,3,True,0,0.0,79,True,41,23,18.0,True,b7 c8 a7 a3 a1 h1,1,True,2,1.0,4.0,0.25,0.0,0.0,0.0,42.0,Strugglers
vanilla_non_adopters,v9run_vanilla,non-adopters,p923,R2,b220260706,False,True,,,2026-08-25T20:03:39.161011+00:00,,mean,2.333,True,False,True,,2,22.0,some_college,few_times_month,False,2,0,manual,2,1,2,1,0,0,False,16,8.0,2,True,30,34,-4.0,False,g2! g7,1,False,2,1.0,4.0,0.25,0.0,0.0,0.0,42.0,Strugglers
vanilla_non_adopters,v9run_vanilla,non-adopters,p923,R3,bg20260726,False,True,,,2026-08-25T20:03:39.161011+00:00,,mean,2.333,True,False,True,,2,22.0,some_college,few_times_month,False,2,0,manual,2,0,2,0,0,0,False,26,13.0,3,True,21,43,-22.0,False,h7! g7!,1,False,2,1.0,4.0,0.25,0.0,0.0,0.0,42.0,Strugglers
vanilla_non_adopters,v9run_vanilla,non-adopters,p926,R1,oc20260727,True,False,,,2026-08-26T15:00:19.456832+00:00,,mean,1.667,True,False,True,,1,42.0,bachelors,daily,False,1,5,manual,5,4,3,2,0,0,False,32,6.4,112,True,25,39,-14.0,False,g2! b6 b7 c8 a8,1,False,2,1.0,4.0,0.25,0.0,0.0,0.0,42.0,Strugglers
vanilla_non_adopters,v9run_vanilla,non-adopters,p926,R2,b220260706,False,True,,,2026-08-26T15:00:19.456832+00:00,,mean,1.667,True,False,True,,1,42.0,bachelors,daily,False,1,0,manual,2,1,2,1,0,0,False,16,8.0,9,True,30,34,-4.0,False,g2! g7,1,False,2,1.0,4.0,0.25,0.0,0.0,0.0,42.0,Strugglers
vanilla_non_adopters,v9run_vanilla,non-adopters,p926,R3,bg20260726,False,True,,,2026-08-26T15:00:19.456832+00:00,,mean,1.667,True,False,True,,1,42.0,bachelors,daily,False,1,0,manual,2,0,2,0,0,0,False,26,13.0,7,True,21,43,-22.0,False,h7! g7!,1,False,2,1.0,4.0,0.25,0.0,0.0,0.0,42.0,Strugglers
3arm_v9_reasons,v9run_v9_reasons,non-adopters,p885,R1,oc20260727,True,False,contrasting_cases,v9_reasons,2026-08-26T15:32:25.067339+00:00,2026-08-26T15:39:47.908081+00:00,mean,2.333,True,False,True,3.0,3,34.0,hs_graduate,few_times_month,False,3,5,manual,3,2,3,2,2,2,True,38,12.7,236,True,22,42,-20.0,False,b7 c8 b6!,1,False,2,2.0,4.0,0.5,0.0,0.0,1.0,28.0,Strugglers
3arm_v9_reasons,v9run_v9_reasons,non-adopters,p885,R2,b220260706,False,True,contrasting_cases,v9_reasons,2026-08-26T15:32:25.067339+00:00,2026-08-26T15:39:47.908081+00:00,mean,2.333,True,False,True,3.0,3,34.0,hs_graduate,few_times_month,False,3,0,manual,2,1,2,1,1,1,True,12,6.0,4,True,32,32,0.0,False,g7 g2!,1,False,2,2.0,4.0,0.5,0.0,0.0,1.0,28.0,Strugglers
3arm_v9_reasons,v9run_v9_reasons,non-adopters,p885,R3,bg20260726,False,True,contrasting_cases,v9_reasons,2026-08-26T15:32:25.067339+00:00,2026-08-26T15:39:47.908081+00:00,mean,2.333,True,False,True,3.0,3,34.0,hs_graduate,few_times_month,False,3,0,manual,2,1,2,1,0,0,False,16,8.0,5,True,26,38,-12.0,False,h7! g8,1,False,2,2.0,4.0,0.5,0.0,0.0,1.0,28.0,Strugglers
3arm_v9_reasons,v9run_v9_reasons,non-adopters,p887,R2,b220260706,False,True,contrasting_cases,v9_reasons,2026-08-26T15:47:40.662812+00:00,2026-08-26T15:53:01.624567+00:00,mean,3.0,True,False,True,3.0,1,39.0,associate,daily,False,1,0,manual,3,3,3,3,3,3,True,0,0.0,12,True,38,26,12.0,True,g7 h1 g2,1,True,2,4.0,6.0,0.667,1.0,1.0,2.0,22.0,Solvers
3arm_v9_reasons,v9run_v9_reasons,non-adopters,p887,R3,bg20260726,False,True,contrasting_cases,v9_reasons,2026-08-26T15:47:40.662812+00:00,2026-08-26T15:53:01.624567+00:00,mean,3.0,True,False,True,3.0,1,39.0,associate,daily,False,1,0,manual,3,1,3,1,1,1,True,22,7.3,18,True,23,41,-18.0,False,b2 g7! h8!,1,False,2,4.0,6.0,0.667,1.0,1.0,2.0,22.0,Solvers
3arm_v9_reasons,v9run_v9_reasons,non-adopters,p888,R1,oc20260727,True,False,contrasting_cases,v9_reasons,2026-08-25T20:03:40.895268+00:00,2026-08-25T20:07:14.219838+00:00,mean,1.667,True,False,True,3.0,1,35.0,some_college,few_times_week,False,3,5,manual,4,2,3,1,0,0,False,42,10.5,129,True,20,44,-24.0,False,c8! b6! g2 a8,1,False,2,1.0,4.0,0.25,0.0,0.0,0.0,40.0,Strugglers
3arm_v9_reasons,v9run_v9_reasons,non-adopters,p888,R2,b220260706,False,True,contrasting_cases,v9_reasons,2026-08-25T20:03:40.895268+00:00,2026-08-25T20:07:14.219838+00:00,mean,1.667,True,False,True,3.0,1,35.0,some_college,few_times_week,False,3,0,manual,2,0,2,0,0,0,False,24,12.0,11,True,26,38,-12.0,False,g2! h2!,1,False,2,1.0,4.0,0.25,0.0,0.0,0.0,40.0,Strugglers
3arm_v9_reasons,v9run_v9_reasons,non-adopters,p888,R3,bg20260726,False,True,contrasting_cases,v9_reasons,2026-08-25T20:03:40.895268+00:00,2026-08-25T20:07:14.219838+00:00,mean,1.667,True,False,True,3.0,1,35.0,some_college,few_times_week,False,3,0,manual,2,1,2,1,0,0,False,16,8.0,6,True,26,38,-12.0,False,g7! b2,1,False,2,1.0,4.0,0.25,0.0,0.0,0.0,40.0,Strugglers
3arm_v9_reasons,v9run_v9_reasons,non-adopters,p889,R1,oc20260727,True,False,contrasting_cases,v9_reasons,2026-08-26T14:50:12.177892+00:00,2026-08-26T14:54:39.354765+00:00,mean,2.333,True,False,True,3.0,2,27.0,some_college,few_times_week,False,2,5,manual,4,3,3,2,2,2,True,24,6.0,40,True,29,35,-6.0,False,b7 c8 g2! a7,1,False,2,1.0,4.0,0.25,0.0,0.0,0.0,30.0,Strugglers
3arm_v9_reasons,v9run_v9_reasons,non-adopters,p889,R2,b220260706,False,True,contrasting_cases,v9_reasons,2026-08-26T14:50:12.177892+00:00,2026-08-26T14:54:39.354765+00:00,mean,2.333,True,False,True,3.0,2,27.0,some_college,few_times_week,False,2,0,manual,2,1,2,1,0,0,False,16,8.0,6,True,30,34,-4.0,False,g2! g7,1,False,2,1.0,4.0,0.25,0.0,0.0,0.0,30.0,Strugglers
3arm_v9_reasons,v9run_v9_reasons,non-adopters,p889,R3,bg20260726,False,True,contrasting_cases,v9_reasons,2026-08-26T14:50:12.177892+00:00,2026-08-26T14:54:39.354765+00:00,mean,2.333,True,False,True,3.0,2,27.0,some_college,few_times_week,False,2,0,manual,2,0,2,0,0,0,False,14,7.0,3,True,27,37,-10.0,False,g8! h7!,1,False,2,1.0,4.0,0.25,0.0,0.0,0.0,30.0,Strugglers
3arm_v9_reasons,v9run_v9_reasons,non-adopters,p890,R1,oc20260727,True,False,contrasting_cases,v9_reasons,2026-08-26T14:29:41.739009+00:00,2026-08-26T14:31:20.800790+00:00,mean,1.0,True,False,True,2.0,dont_know,26.0,some_college,never,False,1,7,manual,6,6,3,3,6,3,True,0,0.0,50,True,41,23,18.0,True,b7 c8 a7 a3 a1 h1,1,True,2,0.0,4.0,0.0,0.0,0.0,0.0,46.0,Strugglers
3arm_v9_reasons,v9run_v9_reasons,non-adopters,p890,R2,b220260706,False,True,contrasting_cases,v9_reasons,2026-08-26T14:29:41.739009+00:00,2026-08-26T14:31:20.800790+00:00,mean,1.0,True,False,True,2.0,dont_know,26.0,some_college,never,False,1,0,manual,2,0,2,0,0,0,False,24,12.0,1,True,26,38,-12.0,False,g2! h2!,1,False,2,0.0,4.0,0.0,0.0,0.0,0.0,46.0,Strugglers
3arm_v9_reasons,v9run_v9_reasons,non-adopters,p890,R3,bg20260726,False,True,contrasting_cases,v9_reasons,2026-08-26T14:29:41.739009+00:00,2026-08-26T14:31:20.800790+00:00,mean,1.0,True,False,True,2.0,dont_know,26.0,some_college,never,False,1,0,manual,2,0,2,0,0,0,False,22,11.0,1,True,23,41,-18.0,False,g7! h7!,1,False,2,0.0,4.0,0.0,0.0,0.0,0.0,46.0,Strugglers
3arm_v9_reasons,v9run_v9_reasons,non-adopters,p892,R1,oc20260727,True,False,contrasting_cases,v9_reasons,2026-08-26T14:39:55.197537+00:00,2026-08-26T14:41:59.706225+00:00,mean,1.333,True,False,True,3.0,2,54.0,some_college,few_times_month,False,2,5,manual,6,6,3,3,6,3,True,0,0.0,108,True,41,23,18.0,True,b7 c8 a7 a3 a1 h1,1,True,2,1.0,4.0,0.25,0.0,0.0,1.0,28.0,Strugglers
3arm_v9_reasons,v9run_v9_reasons,non-adopters,p892,R2,b220260706,False,True,contrasting_cases,v9_reasons,2026-08-26T14:39:55.197537+00:00,2026-08-26T14:41:59.706225+00:00,mean,1.333,True,False,True,3.0,2,54.0,some_college,few_times_month,False,2,0,manual,2,1,2,1,1,1,True,14,7.0,3,True,31,33,-2.0,False,g7 h2!,1,False,2,1.0,4.0,0.25,0.0,0.0,1.0,28.0,Strugglers
3arm_v9_reasons,v9run_v9_reasons,non-adopters,p892,R3,bg20260726,False,True,contrasting_cases,v9_reasons,2026-08-26T14:39:55.197537+00:00,2026-08-26T14:41:59.706225+00:00,mean,1.333,True,False,True,3.0,2,54.0,some_college,few_times_month,False,2,0,manual,2,0,2,0,0,0,False,14,7.0,4,True,27,37,-10.0,False,g8! h7!,1,False,2,1.0,4.0,0.25,0.0,0.0,1.0,28.0,Strugglers
3arm_v9_reasons,v9run_v9_reasons,non-adopters,p904,R1,oc20260727,True,False,contrasting_cases,v9_reasons,2026-08-26T14:57:31.716923+00:00,2026-08-26T15:02:59.809998+00:00,mean,2.0,True,False,True,3.0,1,57.0,associate,weekly,False,1,5,manual,6,6,3,3,6,3,True,0,0.0,167,True,41,23,18.0,True,b7 c8 a7 a3 a1 h1,1,True,2,2.0,5.0,0.4,0.0,0.0,1.0,34.0,Strugglers
3arm_v9_reasons,v9run_v9_reasons,non-adopters,p904,R2,b220260706,False,True,contrasting_cases,v9_reasons,2026-08-26T14:57:31.716923+00:00,2026-08-26T15:02:59.809998+00:00,mean,2.0,True,False,True,3.0,1,57.0,associate,weekly,False,1,0,manual,2,0,2,0,0,0,False,24,12.0,5,True,26,38,-12.0,False,g2! h2!,1,False,2,2.0,5.0,0.4,0.0,0.0,1.0,34.0,Strugglers
3arm_v9_reasons,v9run_v9_reasons,non-adopters,p904,R3,bg20260726,False,True,contrasting_cases,v9_reasons,2026-08-26T14:57:31.716923+00:00,2026-08-26T15:02:59.809998+00:00,mean,2.0,True,False,True,3.0,1,57.0,associate,weekly,False,1,0,manual,3,2,3,2,1,1,True,10,3.3,14,True,29,35,-6.0,False,b2 h7! g8,1,False,2,2.0,5.0,0.4,0.0,0.0,1.0,34.0,Strugglers
3arm_v9_reasons,v9run_v9_reasons,non-adopters,p905,R1,oc20260727,True,False,contrasting_cases,v9_reasons,,2026-08-26T16:07:02.294751+00:00,mean,2.667,True,False,False,3.0,1,,,,True,1,1,,2,2,2,2,2,2,True,0,0.0,140,False,22,36,,,b7 c8,1,False,0,,,,,,,,
3arm_v9_reasons,v9run_v9_reasons,non-adopters,p909,R1,oc20260727,True,False,contrasting_cases,v9_reasons,2026-08-26T14:03:19.477876+00:00,2026-08-26T14:08:59.490768+00:00,mean,3.0,True,False,True,3.0,1,39.0,some_college,daily,False,1,6,manual,4,3,3,2,2,2,True,24,6.0,154,True,29,35,-6.0,False,b7 c8 g2! a7,1,False,2,2.0,5.0,0.4,0.0,0.0,2.0,34.0,Strugglers
3arm_v9_reasons,v9run_v9_reasons,non-adopters,p909,R2,b220260706,False,True,contrasting_cases,v9_reasons,2026-08-26T14:03:19.477876+00:00,2026-08-26T14:08:59.490768+00:00,mean,3.0,True,False,True,3.0,1,39.0,some_college,daily,False,1,0,manual,2,1,2,1,1,1,True,12,6.0,7,True,32,32,0.0,False,g7 g2!,1,False,2,2.0,5.0,0.4,0.0,0.0,2.0,34.0,Strugglers
3arm_v9_reasons,v9run_v9_reasons,non-adopters,p909,R3,bg20260726,False,True,contrasting_cases,v9_reasons,2026-08-26T14:03:19.477876+00:00,2026-08-26T14:08:59.490768+00:00,mean,3.0,True,False,True,3.0,1,39.0,some_college,daily,False,1,0,manual,3,1,3,1,1,1,True,22,7.3,14,True,23,41,-18.0,False,b2 g7! h8!,1,False,2,2.0,5.0,0.4,0.0,0.0,2.0,34.0,Strugglers
3arm_v9_reasons,v9run_v9_reasons,non-adopters,p911,R1,oc20260727,True,False,contrasting_cases,v9_reasons,2026-08-26T14:18:10.250691+00:00,2026-08-26T14:24:38.938251+00:00,mean,1.667,True,False,True,3.0,1,40.0,bachelors,daily,False,1,5,manual,3,2,3,2,2,2,True,38,12.7,120,True,22,42,-20.0,False,b7 c8 b6!,1,False,2,4.0,5.0,0.8,1.0,1.0,1.0,8.0,Solvers
3arm_v9_reasons,v9run_v9_reasons,non-adopters,p911,R2,b220260706,False,True,contrasting_cases,v9_reasons,2026-08-26T14:18:10.250691+00:00,2026-08-26T14:24:38.938251+00:00,mean,1.667,True,False,True,3.0,1,40.0,bachelors,daily,False,1,0,manual,3,3,3,3,3,3,True,0,0.0,19,True,38,26,12.0,True,g7 h1 g2,1,True,2,4.0,5.0,0.8,1.0,1.0,1.0,8.0,Solvers
3arm_v9_reasons,v9run_v9_reasons,non-adopters,p911,R3,bg20260726,False,True,contrasting_cases,v9_reasons,2026-08-26T14:18:10.250691+00:00,2026-08-26T14:24:38.938251+00:00,mean,1.667,True,False,True,3.0,1,40.0,bachelors,daily,False,1,0,manual,2,1,2,1,0,0,False,8,4.0,10,True,30,34,-4.0,False,g8! g7,1,False,2,4.0,5.0,0.8,1.0,1.0,1.0,8.0,Solvers
3arm_v9_reasons,v9run_v9_reasons,non-adopters,p912,R1,oc20260727,True,False,contrasting_cases,v9_reasons,2026-08-26T15:31:56.224371+00:00,2026-08-26T15:35:59.834416+00:00,mean,1.667,True,False,True,3.0,1,67.0,bachelors,several_times_day,False,1,6,manual,6,6,3,3,6,3,True,0,0.0,306,True,41,23,18.0,True,b7 c8 a7 a3 a1 h1,1,True,2,1.0,5.0,0.2,0.0,0.0,1.0,52.0,Strugglers
3arm_v9_reasons,v9run_v9_reasons,non-adopters,p912,R2,b220260706,False,True,contrasting_cases,v9_reasons,2026-08-26T15:31:56.224371+00:00,2026-08-26T15:35:59.834416+00:00,mean,1.667,True,False,True,3.0,1,67.0,bachelors,several_times_day,False,1,0,manual,2,0,2,0,0,0,False,30,15.0,3,True,23,41,-18.0,False,g1! g2!,1,False,2,1.0,5.0,0.2,0.0,0.0,1.0,52.0,Strugglers
3arm_v9_reasons,v9run_v9_reasons,non-adopters,p912,R3,bg20260726,False,True,contrasting_cases,v9_reasons,2026-08-26T15:31:56.224371+00:00,2026-08-26T15:35:59.834416+00:00,mean,1.667,True,False,True,3.0,1,67.0,bachelors,several_times_day,False,1,0,manual,3,1,3,1,1,1,True,22,7.3,7,True,23,41,-18.0,False,b2 g7! h8!,1,False,2,1.0,5.0,0.2,0.0,0.0,1.0,52.0,Strugglers
3arm_v9_reasons,v9run_v9_reasons,non-adopters,p915,R1,oc20260727,True,False,contrasting_cases,v9_reasons,2026-08-26T15:09:38.586972+00:00,2026-08-26T15:13:57.603766+00:00,mean,1.333,True,False,True,2.0,dont_know,55.0,some_college,few_times_week,False,1,5,manual,5,3,3,2,3,3,True,26,5.2,88,True,28,36,-8.0,False,b7 a7! a1 g2! b6,1,False,2,0.0,4.0,0.0,0.0,0.0,0.0,54.0,Strugglers
3arm_v9_reasons,v9run_v9_reasons,non-adopters,p915,R2,b220260706,False,True,contrasting_cases,v9_reasons,2026-08-26T15:09:38.586972+00:00,2026-08-26T15:13:57.603766+00:00,mean,1.333,True,False,True,2.0,dont_know,55.0,some_college,few_times_week,False,1,0,manual,2,0,2,0,0,0,False,30,15.0,3,True,23,41,-18.0,False,g1! g2!,1,False,2,0.0,4.0,0.0,0.0,0.0,0.0,54.0,Strugglers
3arm_v9_reasons,v9run_v9_reasons,non-adopters,p915,R3,bg20260726,False,True,contrasting_cases,v9_reasons,2026-08-26T15:09:38.586972+00:00,2026-08-26T15:13:57.603766+00:00,mean,1.333,True,False,True,2.0,dont_know,55.0,some_college,few_times_week,False,1,0,manual,2,0,2,0,0,0,False,24,12.0,2,True,22,42,-20.0,False,g7! g8!,1,False,2,0.0,4.0,0.0,0.0,0.0,0.0,54.0,Strugglers
3arm_v9_reasons,v9run_v9_reasons,non-adopters,p919,R1,oc20260727,True,False,contrasting_cases,v9_reasons,2026-08-26T15:01:02.014411+00:00,2026-08-26T15:11:24.090517+00:00,mean,2.333,True,False,True,4.0,3,22.0,bachelors,weekly,False,3,10,manual,5,4,3,2,0,0,False,32,6.4,83,True,25,39,-14.0,False,b6! g2 b7 c8 a8,1,False,2,3.0,5.0,0.6,0.0,0.0,1.0,28.0,Solvers
3arm_v9_reasons,v9run_v9_reasons,non-adopters,p919,R2,b220260706,False,True,contrasting_cases,v9_reasons,2026-08-26T15:01:02.014411+00:00,2026-08-26T15:11:24.090517+00:00,mean,2.333,True,False,True,4.0,3,22.0,bachelors,weekly,False,3,0,manual,2,1,2,1,0,0,False,14,7.0,7,True,31,33,-2.0,False,g1! g7,1,False,2,3.0,5.0,0.6,0.0,0.0,1.0,28.0,Solvers
3arm_v9_reasons,v9run_v9_reasons,non-adopters,p919,R3,bg20260726,False,True,contrasting_cases,v9_reasons,2026-08-26T15:01:02.014411+00:00,2026-08-26T15:11:24.090517+00:00,mean,2.333,True,False,True,4.0,3,22.0,bachelors,weekly,False,3,0,manual,3,2,3,2,1,1,True,14,4.7,12,True,27,37,-10.0,False,b2 g7! h7,1,False,2,3.0,5.0,0.6,0.0,0.0,1.0,28.0,Solvers
