pid,utt_ind,act_type,text,needs_review
p786,0,Direct Instruction,"Edge squares are often safer than middle squares **if they’re stable**, but in the endgame you still have to check corners/mobility.

Here the key danger is the empty corner **a8**:

- **a7** is directly next to a8, and likely gives White access to that corner.
- **b8** is also next to the empty corner, so it needs checking carefully.
- **c8** is an edge but less directly adjacent—still ask: *what legal moves does White get after it?*

So don’t use “edge over middle” as a rule here. Instead compare: **which move leaves White fewest good replies, especially not a8?**",False
p786,0,Hint,"Edge squares are often safer than middle squares **if they’re stable**, but in the endgame you still have to check corners/mobility.

Here the key danger is the empty corner **a8**:

- **a7** is directly next to a8, and likely gives White access to that corner.
- **b8** is also next to the empty corner, so it needs checking carefully.
- **c8** is an edge but less directly adjacent—still ask: *what legal moves does White get after it?*

So don’t use “edge over middle” as a rule here. Instead compare: **which move leaves White fewest good replies, especially not a8?**",False
p786,0,Prompt,"Edge squares are often safer than middle squares **if they’re stable**, but in the endgame you still have to check corners/mobility.

Here the key danger is the empty corner **a8**:

- **a7** is directly next to a8, and likely gives White access to that corner.
- **b8** is also next to the empty corner, so it needs checking carefully.
- **c8** is an edge but less directly adjacent—still ask: *what legal moves does White get after it?*

So don’t use “edge over middle” as a rule here. Instead compare: **which move leaves White fewest good replies, especially not a8?**",False
p786,0,Pose Simplified Problem,"Edge squares are often safer than middle squares **if they’re stable**, but in the endgame you still have to check corners/mobility.

Here the key danger is the empty corner **a8**:

- **a7** is directly next to a8, and likely gives White access to that corner.
- **b8** is also next to the empty corner, so it needs checking carefully.
- **c8** is an edge but less directly adjacent—still ask: *what legal moves does White get after it?*

So don’t use “edge over middle” as a rule here. Instead compare: **which move leaves White fewest good replies, especially not a8?**",False
p786,0,Neutral Feedback,"Edge squares are often safer than middle squares **if they’re stable**, but in the endgame you still have to check corners/mobility.

Here the key danger is the empty corner **a8**:

- **a7** is directly next to a8, and likely gives White access to that corner.
- **b8** is also next to the empty corner, so it needs checking carefully.
- **c8** is an edge but less directly adjacent—still ask: *what legal moves does White get after it?*

So don’t use “edge over middle” as a rule here. Instead compare: **which move leaves White fewest good replies, especially not a8?**",False
p786,1,Direct Instruction,"Now there are only **3 legal moves: g2, b6, a7**.

Quick way to compare them:

- **a7** is dangerous because it sits next to the empty corner **a8**.
- For each move, ask: **“Can White take a8 next?”**
- Also ask: **“Do I leave White with few/no moves?”** — a pass in the endgame can be huge.

So I’d focus your calculation on the move that **doesn’t help White get a8** and keeps their mobility low.",False
p786,1,Hint,"Now there are only **3 legal moves: g2, b6, a7**.

Quick way to compare them:

- **a7** is dangerous because it sits next to the empty corner **a8**.
- For each move, ask: **“Can White take a8 next?”**
- Also ask: **“Do I leave White with few/no moves?”** — a pass in the endgame can be huge.

So I’d focus your calculation on the move that **doesn’t help White get a8** and keeps their mobility low.",False
p786,1,Prompt,"Now there are only **3 legal moves: g2, b6, a7**.

Quick way to compare them:

- **a7** is dangerous because it sits next to the empty corner **a8**.
- For each move, ask: **“Can White take a8 next?”**
- Also ask: **“Do I leave White with few/no moves?”** — a pass in the endgame can be huge.

So I’d focus your calculation on the move that **doesn’t help White get a8** and keeps their mobility low.",False
p786,2,Direct Instruction,"Between **b6** and **g2**:

- **b6** plays into the dangerous lower-left corner area: after it, White has strong replies around **a8/a7/a3**, so you may give them too much mobility there.
- **g2** is a middle move, but it avoids disturbing that corner fight and keeps White’s options more constrained.

So the lesson here: **edge isn’t automatically safer**—in endgames, the move that limits White’s replies is often better.",False
p786,3,Direct Instruction,"Yes — that’s the right trade-off to notice.

Small correction: after **a7**, White’s danger is taking the **corner a8**, which can flip along row 8 through **b8–e8**.

For deciding between **b6** and **a7**, try this quick check: after each move, list White’s legal replies and ask **which one lets White play last / take a corner**. In endgame, that can matter more than the immediate flips.",False
p786,3,Prompt,"Yes — that’s the right trade-off to notice.

Small correction: after **a7**, White’s danger is taking the **corner a8**, which can flip along row 8 through **b8–e8**.

For deciding between **b6** and **a7**, try this quick check: after each move, list White’s legal replies and ask **which one lets White play last / take a corner**. In endgame, that can matter more than the immediate flips.",False
p786,3,Positive Feedback,"Yes — that’s the right trade-off to notice.

Small correction: after **a7**, White’s danger is taking the **corner a8**, which can flip along row 8 through **b8–e8**.

For deciding between **b6** and **a7**, try this quick check: after each move, list White’s legal replies and ask **which one lets White play last / take a corner**. In endgame, that can matter more than the immediate flips.",False
p786,4,Direct Instruction,"Yes — **White corners matter much more than White edges**.

- **Corners are permanent**: once White gets a corner, it can’t be flipped back.
- A White corner often makes the nearby **edge discs stable too**.
- Edge discs **without a corner anchor** can still be flipped later, so they’re less important.

But the real goal is still: **final disc count**. Corners are important because they usually help White win more discs safely.

Rule of thumb:  
**Avoid giving White corners > avoid giving White stable edges > avoid giving White lots of moves.**

Here the board is full, so the game is over.",False
p786,5,Direct Instruction,"You’re welcome.

This position is finished: **no empty squares, no legal moves**.

Final count:
- **Black:** 19
- **White:** 45

So White wins.",False
p226,0,Direct Instruction,"There are 10 empties, and **three open corners**: **a1, h1, a8**. In the endgame, corners and forcing moves matter more than “flipping a lot now.”

Black’s legal moves are: **g2, b6, a7, b7, b8, c8**.

Things to watch:
- **g2** is near the open **h1** corner — check whether it lets White take h1.
- **a7, b7, b8** are all around the open **a8** corner, so they may affect who gets that corner.
- Ask: after my move, **how many legal moves does White have**, and can they take a corner?  
- Also consider whether you can make White run out of moves or force a pass.

Try picking one candidate and we can talk through White’s likely reply.",False
p226,0,Hint,"There are 10 empties, and **three open corners**: **a1, h1, a8**. In the endgame, corners and forcing moves matter more than “flipping a lot now.”

Black’s legal moves are: **g2, b6, a7, b7, b8, c8**.

Things to watch:
- **g2** is near the open **h1** corner — check whether it lets White take h1.
- **a7, b7, b8** are all around the open **a8** corner, so they may affect who gets that corner.
- Ask: after my move, **how many legal moves does White have**, and can they take a corner?  
- Also consider whether you can make White run out of moves or force a pass.

Try picking one candidate and we can talk through White’s likely reply.",False
p226,0,Prompt,"There are 10 empties, and **three open corners**: **a1, h1, a8**. In the endgame, corners and forcing moves matter more than “flipping a lot now.”

Black’s legal moves are: **g2, b6, a7, b7, b8, c8**.

Things to watch:
- **g2** is near the open **h1** corner — check whether it lets White take h1.
- **a7, b7, b8** are all around the open **a8** corner, so they may affect who gets that corner.
- Ask: after my move, **how many legal moves does White have**, and can they take a corner?  
- Also consider whether you can make White run out of moves or force a pass.

Try picking one candidate and we can talk through White’s likely reply.",False
p226,1,Direct Instruction,"If Black plays **c8**, you flip quite a lot: **c7, d7, d8, e6, f5, g4**.

But the key consequence: it gives White the **a1 corner** next turn. White can play **a1** along the diagonal **a1-b2-c3-d4-e5-f6-g7**.

So **c8 looks big immediately**, but it likely trades that for a permanent White corner.",False
p226,2,Direct Instruction,"Playing **a7** flips only **a6** — so it’s a “small” move, not a big grab.

The concern is what it leaves White:
- White can likely answer with the **a1 corner**, which is permanent.
- It also doesn’t secure the **a8 corner** yet; the nearby empties **b7/b8/a8** still matter.

So ask yourself: after **a7**, are you gaining enough on the left edge to compensate for White possibly getting **a1**?",False
p226,2,Hint,"Playing **a7** flips only **a6** — so it’s a “small” move, not a big grab.

The concern is what it leaves White:
- White can likely answer with the **a1 corner**, which is permanent.
- It also doesn’t secure the **a8 corner** yet; the nearby empties **b7/b8/a8** still matter.

So ask yourself: after **a7**, are you gaining enough on the left edge to compensate for White possibly getting **a1**?",False
p226,2,Prompt,"Playing **a7** flips only **a6** — so it’s a “small” move, not a big grab.

The concern is what it leaves White:
- White can likely answer with the **a1 corner**, which is permanent.
- It also doesn’t secure the **a8 corner** yet; the nearby empties **b7/b8/a8** still matter.

So ask yourself: after **a7**, are you gaining enough on the left edge to compensate for White possibly getting **a1**?",False
p226,3,Direct Instruction,"**g2** flips **f2, f3, e4, d5** — a decent-looking gain.

But the big issue: it still leaves White the **a1 corner** immediately, via the diagonal **a1-b2-c3-d4-e5-f6-g7**. Corners are permanent, so that’s a serious price.

So I’d be cautious: **g2 gains discs now, but may lose too much corner control.**",False
p226,3,Neutral Feedback,"**g2** flips **f2, f3, e4, d5** — a decent-looking gain.

But the big issue: it still leaves White the **a1 corner** immediately, via the diagonal **a1-b2-c3-d4-e5-f6-g7**. Corners are permanent, so that’s a serious price.

So I’d be cautious: **g2 gains discs now, but may lose too much corner control.**",False
p226,4,Direct Instruction,"Right — **a1 looks hard to stop**, so don’t focus only on that corner.

Endgame question becomes: **if White gets a1, what do you get in return?**
Look for a move that:
- doesn’t also hand over **h1** or **a8** cheaply,
- keeps pressure around **a8**,
- leaves White with few good moves after **a1**.

So compare the left-side options by asking: after my move and White **a1**, can I take or secure **a8**, or do I lose both corners?",False
p226,4,Hint,"Right — **a1 looks hard to stop**, so don’t focus only on that corner.

Endgame question becomes: **if White gets a1, what do you get in return?**
Look for a move that:
- doesn’t also hand over **h1** or **a8** cheaply,
- keeps pressure around **a8**,
- leaves White with few good moves after **a1**.

So compare the left-side options by asking: after my move and White **a1**, can I take or secure **a8**, or do I lose both corners?",False
p226,4,Prompt,"Right — **a1 looks hard to stop**, so don’t focus only on that corner.

Endgame question becomes: **if White gets a1, what do you get in return?**
Look for a move that:
- doesn’t also hand over **h1** or **a8** cheaply,
- keeps pressure around **a8**,
- leaves White with few good moves after **a1**.

So compare the left-side options by asking: after my move and White **a1**, can I take or secure **a8**, or do I lose both corners?",False
p226,4,Pose Simplified Problem,"Right — **a1 looks hard to stop**, so don’t focus only on that corner.

Endgame question becomes: **if White gets a1, what do you get in return?**
Look for a move that:
- doesn’t also hand over **h1** or **a8** cheaply,
- keeps pressure around **a8**,
- leaves White with few good moves after **a1**.

So compare the left-side options by asking: after my move and White **a1**, can I take or secure **a8**, or do I lose both corners?",False
p277,0,Direct Instruction,"In Othello, you can only play a square if it **captures at least one opponent disc**.

That means: from your new black disc, in a straight line — horizontal, vertical, or diagonal — there must be:

**your new black disc → one or more white discs → another black disc**

The white discs in between get flipped.

So the pale-dot squares are exactly the empty squares where that pattern exists.  
For example, if Black plays **g2**, it would bracket white discs along a line with another black disc, so it’s legal.

Empty squares without a dot don’t currently trap any white discs between the new black disc and an existing black disc, so they aren’t playable.",False
p277,1,Direct Instruction,"Not quite — **g2 flips 4 white discs**:

- **f2** flips horizontally, because g2–f2–e2 brackets white with black.
- **f3, e4, d5** flip diagonally, because g2–f3–e4–d5–c6 brackets them.

The white discs down the **g-file** don’t flip, because there’s no black disc at the far end to bracket them.",False
p277,1,Negative Feedback,"Not quite — **g2 flips 4 white discs**:

- **f2** flips horizontally, because g2–f2–e2 brackets white with black.
- **f3, e4, d5** flip diagonally, because g2–f3–e4–d5–c6 brackets them.

The white discs down the **g-file** don’t flip, because there’s no black disc at the far end to bracket them.",False
p277,2,Direct Instruction,"Good thought to compare **b7 vs c8**, but don’t choose just by “flips 5.”

In the endgame, ask: **what does White get next?**

- **b7** flips a lot, but it’s next to the empty **a8 corner**, so check whether White can use that.
- **c8** also flips a lot, but ask whether White can immediately play on the bottom edge and flip some back.

Try looking one move ahead: after each, what legal moves would White have, especially near **a8/b8**?",False
p277,2,Hint,"Good thought to compare **b7 vs c8**, but don’t choose just by “flips 5.”

In the endgame, ask: **what does White get next?**

- **b7** flips a lot, but it’s next to the empty **a8 corner**, so check whether White can use that.
- **c8** also flips a lot, but ask whether White can immediately play on the bottom edge and flip some back.

Try looking one move ahead: after each, what legal moves would White have, especially near **a8/b8**?",False
p277,2,Prompt,"Good thought to compare **b7 vs c8**, but don’t choose just by “flips 5.”

In the endgame, ask: **what does White get next?**

- **b7** flips a lot, but it’s next to the empty **a8 corner**, so check whether White can use that.
- **c8** also flips a lot, but ask whether White can immediately play on the bottom edge and flip some back.

Try looking one move ahead: after each, what legal moves would White have, especially near **a8/b8**?",False
p277,2,Positive Feedback,"Good thought to compare **b7 vs c8**, but don’t choose just by “flips 5.”

In the endgame, ask: **what does White get next?**

- **b7** flips a lot, but it’s next to the empty **a8 corner**, so check whether White can use that.
- **c8** also flips a lot, but ask whether White can immediately play on the bottom edge and flip some back.

Try looking one move ahead: after each, what legal moves would White have, especially near **a8/b8**?",False
p277,2,Neutral Feedback,"Good thought to compare **b7 vs c8**, but don’t choose just by “flips 5.”

In the endgame, ask: **what does White get next?**

- **b7** flips a lot, but it’s next to the empty **a8 corner**, so check whether White can use that.
- **c8** also flips a lot, but ask whether White can immediately play on the bottom edge and flip some back.

Try looking one move ahead: after each, what legal moves would White have, especially near **a8/b8**?",False
p277,3,Direct Instruction,"That’s a good safety instinct: **b6 doesn’t directly sit next to the a8 corner**.

But check two more things before choosing it:

- **b6 only flips c5**, so it may not change the endgame much.
- It leaves the whole lower-left area open: **a7, b7, b8, c8, a8**. Ask: after b6, does White get a strong reply or a path to the **a8 corner**?

So don’t judge only by “not near a corner”; compare what White’s next legal moves become.",False
p277,3,Prompt,"That’s a good safety instinct: **b6 doesn’t directly sit next to the a8 corner**.

But check two more things before choosing it:

- **b6 only flips c5**, so it may not change the endgame much.
- It leaves the whole lower-left area open: **a7, b7, b8, c8, a8**. Ask: after b6, does White get a strong reply or a path to the **a8 corner**?

So don’t judge only by “not near a corner”; compare what White’s next legal moves become.",False
p277,3,Positive Feedback,"That’s a good safety instinct: **b6 doesn’t directly sit next to the a8 corner**.

But check two more things before choosing it:

- **b6 only flips c5**, so it may not change the endgame much.
- It leaves the whole lower-left area open: **a7, b7, b8, c8, a8**. Ask: after b6, does White get a strong reply or a path to the **a8 corner**?

So don’t judge only by “not near a corner”; compare what White’s next legal moves become.",False
p277,3,Neutral Feedback,"That’s a good safety instinct: **b6 doesn’t directly sit next to the a8 corner**.

But check two more things before choosing it:

- **b6 only flips c5**, so it may not change the endgame much.
- It leaves the whole lower-left area open: **a7, b7, b8, c8, a8**. Ask: after b6, does White get a strong reply or a path to the **a8 corner**?

So don’t judge only by “not near a corner”; compare what White’s next legal moves become.",False
p277,4,Direct Instruction,"Careful: after **g2**, White may actually be able to play the **h1 corner**:  
**h1–g2–f3** would be White bracketing your new black disc on g2.

So g2 might still be worth considering, but not because it prevents all corners. Ask: **if White takes h1, do you still end up ahead or get a strong reply?**",False
p277,4,Prompt,"Careful: after **g2**, White may actually be able to play the **h1 corner**:  
**h1–g2–f3** would be White bracketing your new black disc on g2.

So g2 might still be worth considering, but not because it prevents all corners. Ask: **if White takes h1, do you still end up ahead or get a strong reply?**",False
p277,4,Neutral Feedback,"Careful: after **g2**, White may actually be able to play the **h1 corner**:  
**h1–g2–f3** would be White bracketing your new black disc on g2.

So g2 might still be worth considering, but not because it prevents all corners. Ask: **if White takes h1, do you still end up ahead or get a strong reply?**",False
p780,0,Direct Instruction,"I’d be cautious about **b6**. It flips several discs now, but in the endgame that can be misleading: those discs aren’t permanent, and it seems to leave White multiple replies around the lower-left edge.

Before choosing it, ask: after **b6**, can White play into **a7/b8/c8** and gain the edge/corner access? If yes, that’s a warning sign. Compare it with moves that restrict White’s next options more.",False
p780,0,Hint,"I’d be cautious about **b6**. It flips several discs now, but in the endgame that can be misleading: those discs aren’t permanent, and it seems to leave White multiple replies around the lower-left edge.

Before choosing it, ask: after **b6**, can White play into **a7/b8/c8** and gain the edge/corner access? If yes, that’s a warning sign. Compare it with moves that restrict White’s next options more.",False
p780,0,Prompt,"I’d be cautious about **b6**. It flips several discs now, but in the endgame that can be misleading: those discs aren’t permanent, and it seems to leave White multiple replies around the lower-left edge.

Before choosing it, ask: after **b6**, can White play into **a7/b8/c8** and gain the edge/corner access? If yes, that’s a warning sign. Compare it with moves that restrict White’s next options more.",False
p780,0,Neutral Feedback,"I’d be cautious about **b6**. It flips several discs now, but in the endgame that can be misleading: those discs aren’t permanent, and it seems to leave White multiple replies around the lower-left edge.

Before choosing it, ask: after **b6**, can White play into **a7/b8/c8** and gain the edge/corner access? If yes, that’s a warning sign. Compare it with moves that restrict White’s next options more.",False
p780,1,Direct Instruction,"**g2 is risky.** It’s the diagonal “X-square” next to the empty corner **h1**.

If Black plays **g2**, White appears to get **h1** immediately by the diagonal **h1–g2–f3**. That corner would be permanent, so the flips you gain at g2 may be given back or outweighed.

So I’d compare: *does another legal move avoid handing White a corner while still limiting White’s replies?*",False
p780,1,Hint,"**g2 is risky.** It’s the diagonal “X-square” next to the empty corner **h1**.

If Black plays **g2**, White appears to get **h1** immediately by the diagonal **h1–g2–f3**. That corner would be permanent, so the flips you gain at g2 may be given back or outweighed.

So I’d compare: *does another legal move avoid handing White a corner while still limiting White’s replies?*",False
p780,1,Pose Simplified Problem,"**g2 is risky.** It’s the diagonal “X-square” next to the empty corner **h1**.

If Black plays **g2**, White appears to get **h1** immediately by the diagonal **h1–g2–f3**. That corner would be permanent, so the flips you gain at g2 may be given back or outweighed.

So I’d compare: *does another legal move avoid handing White a corner while still limiting White’s replies?*",False
p780,2,Direct Instruction,"**a7 is safer than g2** because it doesn’t directly hand White the **h1 corner**.

But don’t stop at “safer”: after **a7**, check White’s legal replies and whether Black still controls access to the empty corners **a1/h1**. I’d especially compare it with **c8**, which may restrict White more in the endgame.",False
p780,2,Hint,"**a7 is safer than g2** because it doesn’t directly hand White the **h1 corner**.

But don’t stop at “safer”: after **a7**, check White’s legal replies and whether Black still controls access to the empty corners **a1/h1**. I’d especially compare it with **c8**, which may restrict White more in the endgame.",False
p780,2,Prompt,"**a7 is safer than g2** because it doesn’t directly hand White the **h1 corner**.

But don’t stop at “safer”: after **a7**, check White’s legal replies and whether Black still controls access to the empty corners **a1/h1**. I’d especially compare it with **c8**, which may restrict White more in the endgame.",False
p780,3,Direct Instruction,"Main “disadvantages” of **c8**:

- It flips only **d8**, so it looks small immediately.
- It may leave White a reply at **b8** along the bottom edge.

But those aren’t necessarily bad in the endgame: **c8 avoids the dangerous h1 corner issue from g2**, and it doesn’t give away a corner directly. The key question is whether White’s replies after c8 are limited/manageable.",False
p780,3,Prompt,"Main “disadvantages” of **c8**:

- It flips only **d8**, so it looks small immediately.
- It may leave White a reply at **b8** along the bottom edge.

But those aren’t necessarily bad in the endgame: **c8 avoids the dangerous h1 corner issue from g2**, and it doesn’t give away a corner directly. The key question is whether White’s replies after c8 are limited/manageable.",False
p780,4,Hint,"You’re welcome!  

For this position, keep asking: **which move leaves White the fewest useful replies and avoids giving a corner**—especially **h1** after moves near **g2**, and the bottom-left edge around **a7/b8/c8**. If you want, I can help count the final sequence from any move you’re considering.",False
p780,4,Pose Simplified Problem,"You’re welcome!  

For this position, keep asking: **which move leaves White the fewest useful replies and avoids giving a corner**—especially **h1** after moves near **g2**, and the bottom-left edge around **a7/b8/c8**. If you want, I can help count the final sequence from any move you’re considering.",False
p158,0,Provide Correct Answer,"Yes — **g2 works** and is the move I’d lean toward here.

It only flips **f2**, but that’s fine in the endgame: the key is that it keeps your remaining options on the bottom/left side while avoiding the more dangerous edge moves too early. Just be aware White may look at the **h1 corner** afterward, so count the follow-up rather than judging by flips now.",False
p158,0,Direct Instruction,"Yes — **g2 works** and is the move I’d lean toward here.

It only flips **f2**, but that’s fine in the endgame: the key is that it keeps your remaining options on the bottom/left side while avoiding the more dangerous edge moves too early. Just be aware White may look at the **h1 corner** afterward, so count the follow-up rather than judging by flips now.",False
p158,0,Hint,"Yes — **g2 works** and is the move I’d lean toward here.

It only flips **f2**, but that’s fine in the endgame: the key is that it keeps your remaining options on the bottom/left side while avoiding the more dangerous edge moves too early. Just be aware White may look at the **h1 corner** afterward, so count the follow-up rather than judging by flips now.",False
p158,0,Positive Feedback,"Yes — **g2 works** and is the move I’d lean toward here.

It only flips **f2**, but that’s fine in the endgame: the key is that it keeps your remaining options on the bottom/left side while avoiding the more dangerous edge moves too early. Just be aware White may look at the **h1 corner** afterward, so count the follow-up rather than judging by flips now.",False
p158,1,Direct Instruction,"By “follow-up” I mean: **don’t judge your move by the discs it flips now**—look at what White can play immediately after.

In this position, ask for each candidate (**b6, b7, b8, c8**):

1. Does it let White take a corner like **a8** or **h1**?
2. Does it leave White with very few moves / maybe a pass?
3. After White’s reply, what will your next move be?

With only 6 empties, the game can be counted almost to the end.",False
p158,1,Prompt,"By “follow-up” I mean: **don’t judge your move by the discs it flips now**—look at what White can play immediately after.

In this position, ask for each candidate (**b6, b7, b8, c8**):

1. Does it let White take a corner like **a8** or **h1**?
2. Does it leave White with very few moves / maybe a pass?
3. After White’s reply, what will your next move be?

With only 6 empties, the game can be counted almost to the end.",False
p158,2,Provide Correct Answer,"I’d **not play c8 yet**. I’d go **b6** first.

Reason: **c8 gives White lots of replies** around **a8/b8/b7**, while **b6 limits White’s mobility** much more. In this endgame, restricting White’s moves matters more than the immediate flips.",False
p158,2,Direct Instruction,"I’d **not play c8 yet**. I’d go **b6** first.

Reason: **c8 gives White lots of replies** around **a8/b8/b7**, while **b6 limits White’s mobility** much more. In this endgame, restricting White’s moves matters more than the immediate flips.",False
p158,3,Direct Instruction,"Game’s over — **0 empty squares**, so no move left.

Final count: **Black 18, White 46**. White wins.

Tips for next endgame:

- **Don’t chase flips** early in the endgame; big flips can flip back.
- **Corners are huge** because they never change.
- Avoid playing next to an open corner (**C-squares/X-squares**) unless you’ve counted it out.
- Try to **limit White’s legal moves**; forcing a pass can be better than flipping many discs.
- With few empties left, **count the sequence**: “If I play X, White must play Y, then I get Z.”
- Stable edge discs matter more than temporary center discs.",False
p158,4,Direct Instruction,"No — **the board is full**, so the game is over. There are **no moves left**, so **no discs can be flipped back** now.

In Othello, discs only flip when someone legally places a disc on an empty square. With **0 empty squares**, the final count stands.",False
p158,4,Negative Feedback,"No — **the board is full**, so the game is over. There are **no moves left**, so **no discs can be flipped back** now.

In Othello, discs only flip when someone legally places a disc on an empty square. With **0 empty squares**, the final count stands.",False
p62,0,Direct Instruction,"No — **h2 to h1 isn’t a legal Othello move**. You don’t move discs; you place a new Black disc on a marked legal square.

Your legal choices are: **b6, a7, b7, b8, c8**.

Instead of “blocking the row,” think: **which move leaves White the fewest good replies, especially around the empty corners/edges?**",False
p62,0,Hint,"No — **h2 to h1 isn’t a legal Othello move**. You don’t move discs; you place a new Black disc on a marked legal square.

Your legal choices are: **b6, a7, b7, b8, c8**.

Instead of “blocking the row,” think: **which move leaves White the fewest good replies, especially around the empty corners/edges?**",False
p62,0,Pose Simplified Problem,"No — **h2 to h1 isn’t a legal Othello move**. You don’t move discs; you place a new Black disc on a marked legal square.

Your legal choices are: **b6, a7, b7, b8, c8**.

Instead of “blocking the row,” think: **which move leaves White the fewest good replies, especially around the empty corners/edges?**",False
p62,0,Negative Feedback,"No — **h2 to h1 isn’t a legal Othello move**. You don’t move discs; you place a new Black disc on a marked legal square.

Your legal choices are: **b6, a7, b7, b8, c8**.

Instead of “blocking the row,” think: **which move leaves White the fewest good replies, especially around the empty corners/edges?**",False
p62,1,Provide Correct Answer,"I’d recommend **b6**.

Why: **c8** only flips one disc and can leave the bottom-left empties awkward. **b6** flips the diagonal **c5–d4–e3** and gives Black a stronger shape while keeping more pressure on White’s remaining replies.",False
p62,1,Direct Instruction,"I’d recommend **b6**.

Why: **c8** only flips one disc and can leave the bottom-left empties awkward. **b6** flips the diagonal **c5–d4–e3** and gives Black a stronger shape while keeping more pressure on White’s remaining replies.",False
p62,2,Direct Instruction,"**a7 is legal**, but pause: it sits right next to the empty corner **a8**.

Ask yourself: if you play **a7**, can White immediately take **a8**? Corners are permanent, so giving White a corner this late is usually very costly. Consider the legal move that avoids handing over that corner.",False
p62,2,Hint,"**a7 is legal**, but pause: it sits right next to the empty corner **a8**.

Ask yourself: if you play **a7**, can White immediately take **a8**? Corners are permanent, so giving White a corner this late is usually very costly. Consider the legal move that avoids handing over that corner.",False
p62,2,Prompt,"**a7 is legal**, but pause: it sits right next to the empty corner **a8**.

Ask yourself: if you play **a7**, can White immediately take **a8**? Corners are permanent, so giving White a corner this late is usually very costly. Consider the legal move that avoids handing over that corner.",False
p62,3,Direct Instruction,"Sure.

On your turn, you **place** a new black disc on an empty legal square. You flip White discs when they are **trapped in a straight line** between:

**your new black disc** and **another black disc already on the board**.

Lines can be:
- horizontal
- vertical
- diagonal

Example pattern:

**Black – White – White – [your new Black]**

Those White discs in between flip to Black.

Important:
- There must be **no empty spaces** in the line.
- You flip in **all directions** where you trap discs.
- You do **not move** an existing disc; you only place a new one.
- If you have no legal move, you **pass**. If both players cannot move or the board is full, the game ends.

This board is full now, so the game is over. Final count looks like **White 42, Black 22**.",False
p62,4,Direct Instruction,"A move is legal if placing a Black disc there would **flip at least one White disc**.

That means in **one straight direction** (row, column, or diagonal) from the empty square, you must see:

**new Black → one or more White discs → existing Black**

No gaps, and the line must end with a Black disc.

If no direction traps White discs like that, the square has **no dot** and is illegal.

In your shown board there are **0 empty squares**, so Black has **no legal moves** and the game is over.",False
p405,0,Direct Instruction,"b7 isn’t legal — it’s already occupied by White.

Your legal moves are **g2, b6, a7, c8**. In this endgame, look especially at whether your move gives White access to an empty corner like **a1 or h1**, and whether it leaves White with few moves.",False
p405,0,Hint,"b7 isn’t legal — it’s already occupied by White.

Your legal moves are **g2, b6, a7, c8**. In this endgame, look especially at whether your move gives White access to an empty corner like **a1 or h1**, and whether it leaves White with few moves.",False
p405,0,Negative Feedback,"b7 isn’t legal — it’s already occupied by White.

Your legal moves are **g2, b6, a7, c8**. In this endgame, look especially at whether your move gives White access to an empty corner like **a1 or h1**, and whether it leaves White with few moves.",False
p405,1,Provide Correct Answer,"**c8 is legal.** Nice endgame idea: it only flips **d8**, but it keeps Black stable on the bottom edge and doesn’t immediately give White an easy corner. In endgames, that kind of quiet move can be stronger than a big flip.",False
p405,1,Direct Instruction,"**c8 is legal.** Nice endgame idea: it only flips **d8**, but it keeps Black stable on the bottom edge and doesn’t immediately give White an easy corner. In endgames, that kind of quiet move can be stronger than a big flip.",False
p405,1,Positive Feedback,"**c8 is legal.** Nice endgame idea: it only flips **d8**, but it keeps Black stable on the bottom edge and doesn’t immediately give White an easy corner. In endgames, that kind of quiet move can be stronger than a big flip.",False
p405,2,Hint,"Black’s legal moves are:

- **g2**
- **b6**
- **a7**

Quick thing to compare: **a7** is next to the empty **a8/a? edge area**, while **g2** is near the top-right side and may affect access to **h1** later. Think about which move leaves White with the fewest useful replies.",False
p405,2,Pose Simplified Problem,"Black’s legal moves are:

- **g2**
- **b6**
- **a7**

Quick thing to compare: **a7** is next to the empty **a8/a? edge area**, while **g2** is near the top-right side and may affect access to **h1** later. Think about which move leaves White with the fewest useful replies.",False
p405,3,Direct Instruction,"**a7 is legal.** It flips **a6, b7, and c7**.

Good endgame idea: it strengthens the left/bottom edge area without handing White an immediate corner. Now watch whether White is forced into a low-mobility reply.",False
p405,3,Hint,"**a7 is legal.** It flips **a6, b7, and c7**.

Good endgame idea: it strengthens the left/bottom edge area without handing White an immediate corner. Now watch whether White is forced into a low-mobility reply.",False
p405,3,Positive Feedback,"**a7 is legal.** It flips **a6, b7, and c7**.

Good endgame idea: it strengthens the left/bottom edge area without handing White an immediate corner. Now watch whether White is forced into a low-mobility reply.",False
p405,4,Direct Instruction,"Legal moves for Black are:

- **a1**
- **g2**
- **a3**

Only 4 empties left, so compare not just flips now, but what each move leaves White next—especially whether White gets a corner or is forced into a pass.",False
p405,4,Hint,"Legal moves for Black are:

- **a1**
- **g2**
- **a3**

Only 4 empties left, so compare not just flips now, but what each move leaves White next—especially whether White gets a corner or is forced into a pass.",False
p405,5,Provide Correct Answer,"**Best: a3.**

It’s strong because after **a3**, White appears to have **no legal move**, so White must **pass** and Black moves again. That mobility swing is better than grabbing **a1** immediately.",False
p405,5,Direct Instruction,"**Best: a3.**

It’s strong because after **a3**, White appears to have **no legal move**, so White must **pass** and Black moves again. That mobility swing is better than grabbing **a1** immediately.",False
p602,0,Provide Correct Answer,"Optimal move for Black: **b7**.

Why: in this endgame, **b7 gives Black the best final result**, even though it’s near the empty corner **a8**. The key idea is not the immediate flips, but that **b7 controls White’s mobility and leads to the best final disc count**.",False
p602,0,Direct Instruction,"Optimal move for Black: **b7**.

Why: in this endgame, **b7 gives Black the best final result**, even though it’s near the empty corner **a8**. The key idea is not the immediate flips, but that **b7 controls White’s mobility and leads to the best final disc count**.",False
p602,1,Direct Instruction,"You lost because the later moves let White win the **corner/stability battle**.

Final count from the board: **White 44 – Black 20**.

Key reasons:

- White ended with **3 corners**: **a1, h1, a8**. Black only has **h8**.
- Once White got **a8**, the bottom/left/top-side white discs became very hard or impossible to flip.
- Moves like **b8** are dangerous when **a8 is still available or can be given to White**, because b8 is an “X/C-square” next to the corner area and often helps White secure that corner/edge.
- In the endgame, flipping a few discs with **b6/b8** can look good short-term, but if it gives White a corner or stable edge, the final count swings heavily.

So the main lesson: **b7 may be best in the original position, but the follow-up still matters.** After that, the goal is usually to **deny White corners and limit White’s legal moves**, not just take the biggest flip.",False
p602,2,Direct Instruction,"From this final board, the big problem is clear: **White got a8 and then the whole bottom/left/top edge became stable.**

So the better “positions” to aim for were:

- **Take/secure the corner a8** if you can.
- If you can’t take it, **avoid playing b8 or a7** unless you have calculated that White still cannot take **a8**.
- Prefer moves that **leave White with few/no legal moves** rather than moves that flip many discs.
- In the earlier position, **b7** was better than **b6/b8** because it was more about controlling White’s replies.

Why **b8** hurt: it sits directly next to the corner **a8**. If White can answer by taking **a8**, your b8 disc becomes easy to flip and White’s corner becomes permanent.

If you want, send the board from the moment before you chose **b6**, and I can show the exact better continuation.",False
p602,2,Prompt,"From this final board, the big problem is clear: **White got a8 and then the whole bottom/left/top edge became stable.**

So the better “positions” to aim for were:

- **Take/secure the corner a8** if you can.
- If you can’t take it, **avoid playing b8 or a7** unless you have calculated that White still cannot take **a8**.
- Prefer moves that **leave White with few/no legal moves** rather than moves that flip many discs.
- In the earlier position, **b7** was better than **b6/b8** because it was more about controlling White’s replies.

Why **b8** hurt: it sits directly next to the corner **a8**. If White can answer by taking **a8**, your b8 disc becomes easy to flip and White’s corner becomes permanent.

If you want, send the board from the moment before you chose **b6**, and I can show the exact better continuation.",False
p602,3,Direct Instruction,"On the **current board, the game is already over**: there are **0 empty squares**, so Black has **no legal move** now.

For the earlier decision: **maybe**, but not automatically.

A move in **column c or d** is often safer than **b8** because it’s not directly next to the corner **a8**. But in the endgame, the key questions are:

1. **Does it give White a corner next?**
2. **Does it leave White many legal moves or very few?**
3. **What is the final disc count after both sides are forced out?**

So yes, a c/d move *could* have been better than b8, but I’d need the board from **before you played b6** or **before b8** to say exactly which legal move was best.",False
p602,3,Hint,"On the **current board, the game is already over**: there are **0 empty squares**, so Black has **no legal move** now.

For the earlier decision: **maybe**, but not automatically.

A move in **column c or d** is often safer than **b8** because it’s not directly next to the corner **a8**. But in the endgame, the key questions are:

1. **Does it give White a corner next?**
2. **Does it leave White many legal moves or very few?**
3. **What is the final disc count after both sides are forced out?**

So yes, a c/d move *could* have been better than b8, but I’d need the board from **before you played b6** or **before b8** to say exactly which legal move was best.",False
p602,3,Neutral Feedback,"On the **current board, the game is already over**: there are **0 empty squares**, so Black has **no legal move** now.

For the earlier decision: **maybe**, but not automatically.

A move in **column c or d** is often safer than **b8** because it’s not directly next to the corner **a8**. But in the endgame, the key questions are:

1. **Does it give White a corner next?**
2. **Does it leave White many legal moves or very few?**
3. **What is the final disc count after both sides are forced out?**

So yes, a c/d move *could* have been better than b8, but I’d need the board from **before you played b6** or **before b8** to say exactly which legal move was best.",False
p602,4,Direct Instruction,"Game over — there are **0 empty squares**, so Black has **no move**.

Final count:

- **White: 44**
- **Black: 20**

So White wins by **24 discs**.

Main takeaway: White’s stable edges/corners dominated the endgame, especially after gaining the **a8 corner area**.",False
p552,0,Direct Instruction,"Probably **not ideal**. The third row from the bottom is **b6**.

Ask yourself: after **b6**, what legal moves does White get, and does it let White force an edge/corner sequence near the **a8 corner**? In the endgame, a move that flips several discs now can still lose if it gives White the last stable edge/corner access.",False
p552,0,Hint,"Probably **not ideal**. The third row from the bottom is **b6**.

Ask yourself: after **b6**, what legal moves does White get, and does it let White force an edge/corner sequence near the **a8 corner**? In the endgame, a move that flips several discs now can still lose if it gives White the last stable edge/corner access.",False
p552,0,Prompt,"Probably **not ideal**. The third row from the bottom is **b6**.

Ask yourself: after **b6**, what legal moves does White get, and does it let White force an edge/corner sequence near the **a8 corner**? In the endgame, a move that flips several discs now can still lose if it gives White the last stable edge/corner access.",False
p552,0,Neutral Feedback,"Probably **not ideal**. The third row from the bottom is **b6**.

Ask yourself: after **b6**, what legal moves does White get, and does it let White force an edge/corner sequence near the **a8 corner**? In the endgame, a move that flips several discs now can still lose if it gives White the last stable edge/corner access.",False
p552,1,Direct Instruction,"No worries — quick refresher:

- You’re **Black**.
- Legal moves are the pale dots: **g2, b6, a7, c8**.
- A move is legal if it traps one or more White discs in a straight line between your new disc and another Black disc.
- In the endgame, don’t just ask “how many do I flip now?” Ask: **what move does White get next, especially near corners?**

Here, pay special attention to the corners/edges:
- **a8** is already White and stable.
- **h1** is empty but near activity on the right edge.
- Moves on edges can decide the final count.",False
p552,1,Hint,"No worries — quick refresher:

- You’re **Black**.
- Legal moves are the pale dots: **g2, b6, a7, c8**.
- A move is legal if it traps one or more White discs in a straight line between your new disc and another Black disc.
- In the endgame, don’t just ask “how many do I flip now?” Ask: **what move does White get next, especially near corners?**

Here, pay special attention to the corners/edges:
- **a8** is already White and stable.
- **h1** is empty but near activity on the right edge.
- Moves on edges can decide the final count.",False
p552,2,Direct Instruction,"Yes — **it looks like checkers**, but the strategy is often more like **chess endgames**.

- Like chess: you think ahead, control key squares, and avoid giving away “permanent” advantages.
- Unlike checkers: discs can flip back and forth, so the current count can be misleading.
- In Othello, **corners are like gold** because once taken they can’t be flipped.

For this position, don’t focus on “which move flips most now.” Compare your legal moves — **g2, b6, a7, c8** — by asking: *what does White get next, especially near corners or edges?*",False
p552,2,Hint,"Yes — **it looks like checkers**, but the strategy is often more like **chess endgames**.

- Like chess: you think ahead, control key squares, and avoid giving away “permanent” advantages.
- Unlike checkers: discs can flip back and forth, so the current count can be misleading.
- In Othello, **corners are like gold** because once taken they can’t be flipped.

For this position, don’t focus on “which move flips most now.” Compare your legal moves — **g2, b6, a7, c8** — by asking: *what does White get next, especially near corners or edges?*",False
p552,2,Prompt,"Yes — **it looks like checkers**, but the strategy is often more like **chess endgames**.

- Like chess: you think ahead, control key squares, and avoid giving away “permanent” advantages.
- Unlike checkers: discs can flip back and forth, so the current count can be misleading.
- In Othello, **corners are like gold** because once taken they can’t be flipped.

For this position, don’t focus on “which move flips most now.” Compare your legal moves — **g2, b6, a7, c8** — by asking: *what does White get next, especially near corners or edges?*",False
p552,3,Provide Correct Answer,"Best choice: **c8**.

Why: it plays on the bottom edge and keeps Black’s endgame result best. The tempting moves like **b6** or **a7** interact with the **a8 corner/left edge**, where White already has stability, and can give White better follow-up control. So I’d play **c8**.",False
p552,3,Direct Instruction,"Best choice: **c8**.

Why: it plays on the bottom edge and keeps Black’s endgame result best. The tempting moves like **b6** or **a7** interact with the **a8 corner/left edge**, where White already has stability, and can give White better follow-up control. So I’d play **c8**.",False
p552,4,Provide Correct Answer,"Good — play **c8**.

It’s the bottom-edge move that avoids giving White too much leverage around the already-stable **a8 corner**. After you place at **c8**, watch White’s reply and keep thinking in terms of final count, not biggest immediate flip.",False
p552,4,Direct Instruction,"Good — play **c8**.

It’s the bottom-edge move that avoids giving White too much leverage around the already-stable **a8 corner**. After you place at **c8**, watch White’s reply and keep thinking in terms of final count, not biggest immediate flip.",False
p552,4,Positive Feedback,"Good — play **c8**.

It’s the bottom-edge move that avoids giving White too much leverage around the already-stable **a8 corner**. After you place at **c8**, watch White’s reply and keep thinking in terms of final count, not biggest immediate flip.",False
p552,5,Direct Instruction,"There are **8 columns and 8 rows** — an **8×8 board**.

- Columns go **a to h** from left to right.
- Rows go **1 to 8** from top to bottom.
- So the corners are **a1, h1, a8, h8**.

Right now your legal moves are marked at **b6, a7, and c8**.",False
p552,6,Provide Correct Answer,"Play **c8** — that’s the **bottom row, third column from the left**.

It’s the safest of the available moves because it stays on the bottom edge without giving White easy extra control around the **a8 corner**.",False
p552,6,Direct Instruction,"Play **c8** — that’s the **bottom row, third column from the left**.

It’s the safest of the available moves because it stays on the bottom edge without giving White easy extra control around the **a8 corner**.",False
p552,7,Provide Correct Answer,"Yes — **c8 is the best choice**, not just the safest.

That’s the **bottom row, third column from the left**. It takes an edge square and gives White fewer good endgame replies than **b6** or **a7**, which let White work the left edge around the stable **a8 corner**.",False
p552,7,Direct Instruction,"Yes — **c8 is the best choice**, not just the safest.

That’s the **bottom row, third column from the left**. It takes an edge square and gives White fewer good endgame replies than **b6** or **a7**, which let White work the left edge around the stable **a8 corner**.",False
p552,7,Positive Feedback,"Yes — **c8 is the best choice**, not just the safest.

That’s the **bottom row, third column from the left**. It takes an edge square and gives White fewer good endgame replies than **b6** or **a7**, which let White work the left edge around the stable **a8 corner**.",False
p552,8,Direct Instruction,"No problem — the position has changed, and now Black only has **two legal moves: b6 or a7**.

Think endgame: don’t ask “which flips more now?” — ask **which leaves White the worst reply**. Compare:
- **b6** is inside the board.
- **a7** is on the left edge and also affects the **a6–a7–a8** edge area.

If you want, I can give the direct best move from here.",False
p552,8,Hint,"No problem — the position has changed, and now Black only has **two legal moves: b6 or a7**.

Think endgame: don’t ask “which flips more now?” — ask **which leaves White the worst reply**. Compare:
- **b6** is inside the board.
- **a7** is on the left edge and also affects the **a6–a7–a8** edge area.

If you want, I can give the direct best move from here.",False
p552,9,Provide Correct Answer,"Play **a7** — left edge, second row from the bottom.

It’s stronger than **b6** here because it uses the edge and gives White fewer useful endgame replies. After **a7**, just keep playing any legal moves; if you ever have no legal move, you **pass** and White moves again.",False
p552,9,Direct Instruction,"Play **a7** — left edge, second row from the bottom.

It’s stronger than **b6** here because it uses the edge and gives White fewer useful endgame replies. After **a7**, just keep playing any legal moves; if you ever have no legal move, you **pass** and White moves again.",False
p752,0,Direct Instruction,"Big caution: **don’t choose by flips now** in an endgame.

Try this check:

- If Black plays **g2**, what can White do at the empty corner **h1**? Look along the diagonal **h1–g2–f3**.
- Corners like **h1** are permanent, so giving one away can outweigh flipping 5 discs.

For **b6 / a7 / c8**, compare not “how many now,” but: **which move leaves White with the worst reply and avoids handing over a corner/edge?**  
I’d especially inspect the bottom-left area after each move and count White’s immediate legal replies.",False
p752,0,Hint,"Big caution: **don’t choose by flips now** in an endgame.

Try this check:

- If Black plays **g2**, what can White do at the empty corner **h1**? Look along the diagonal **h1–g2–f3**.
- Corners like **h1** are permanent, so giving one away can outweigh flipping 5 discs.

For **b6 / a7 / c8**, compare not “how many now,” but: **which move leaves White with the worst reply and avoids handing over a corner/edge?**  
I’d especially inspect the bottom-left area after each move and count White’s immediate legal replies.",False
p752,0,Prompt,"Big caution: **don’t choose by flips now** in an endgame.

Try this check:

- If Black plays **g2**, what can White do at the empty corner **h1**? Look along the diagonal **h1–g2–f3**.
- Corners like **h1** are permanent, so giving one away can outweigh flipping 5 discs.

For **b6 / a7 / c8**, compare not “how many now,” but: **which move leaves White with the worst reply and avoids handing over a corner/edge?**  
I’d especially inspect the bottom-left area after each move and count White’s immediate legal replies.",False
p752,0,Pose Simplified Problem,"Big caution: **don’t choose by flips now** in an endgame.

Try this check:

- If Black plays **g2**, what can White do at the empty corner **h1**? Look along the diagonal **h1–g2–f3**.
- Corners like **h1** are permanent, so giving one away can outweigh flipping 5 discs.

For **b6 / a7 / c8**, compare not “how many now,” but: **which move leaves White with the worst reply and avoids handing over a corner/edge?**  
I’d especially inspect the bottom-left area after each move and count White’s immediate legal replies.",False
p752,1,Direct Instruction,"Discs can flip in **all 8 directions**: horizontal, vertical, **and diagonal**.

So if Black plays **g2**, then White could play the corner **h1** because along the diagonal:

**h1 → g2 → f3**

White’s new disc at **h1** would bracket the Black disc on **g2** with the White disc at **f3**, so **g2 flips back to White**. And since **h1 is a corner**, White keeps it permanently.",False
p752,2,Direct Instruction,"Yes — **c8 is worth strong consideration**, but the reason isn’t “edge = safe” automatically.

Here, **c8**:
- avoids the **g2 → White h1 corner** problem,
- plays on the bottom edge without sitting next to an empty corner,
- and likely keeps White’s replies more awkward than **b6/a7**.

So your reasoning is shifting in the right direction: **look for the move that avoids giving corners and limits White’s next move**, not the one that flips most now.",False
p752,2,Positive Feedback,"Yes — **c8 is worth strong consideration**, but the reason isn’t “edge = safe” automatically.

Here, **c8**:
- avoids the **g2 → White h1 corner** problem,
- plays on the bottom edge without sitting next to an empty corner,
- and likely keeps White’s replies more awkward than **b6/a7**.

So your reasoning is shifting in the right direction: **look for the move that avoids giving corners and limits White’s next move**, not the one that flips most now.",False
p752,3,Direct Instruction,"After **c8**, White got a reply that **flipped your c8 disc back to White**. That’s the key lesson: **edges are not automatically permanent** — only **corners** are.

Now Black has legal moves **g2, b6, a7**. Before choosing, re-check:
- **g2**: does it give White the **h1 corner**?
- Between **b6** and **a7**: which leaves White fewer/less dangerous replies?",False
p752,3,Prompt,"After **c8**, White got a reply that **flipped your c8 disc back to White**. That’s the key lesson: **edges are not automatically permanent** — only **corners** are.

Now Black has legal moves **g2, b6, a7**. Before choosing, re-check:
- **g2**: does it give White the **h1 corner**?
- Between **b6** and **a7**: which leaves White fewer/less dangerous replies?",False
p752,3,Pose Simplified Problem,"After **c8**, White got a reply that **flipped your c8 disc back to White**. That’s the key lesson: **edges are not automatically permanent** — only **corners** are.

Now Black has legal moves **g2, b6, a7**. Before choosing, re-check:
- **g2**: does it give White the **h1 corner**?
- Between **b6** and **a7**: which leaves White fewer/less dangerous replies?",False
p752,4,Direct Instruction,"Yes — you mean **g2**, and I agree it’s dangerous because it gives White **h1**.

Before choosing **b6**, compare it with **a7**: after **b6**, White may get activity on the left side like **a3/a7**. Ask: which move leaves White’s next move less damaging, and does either give White a corner?",False
p752,4,Prompt,"Yes — you mean **g2**, and I agree it’s dangerous because it gives White **h1**.

Before choosing **b6**, compare it with **a7**: after **b6**, White may get activity on the left side like **a3/a7**. Ask: which move leaves White’s next move less damaging, and does either give White a corner?",False
p752,4,Pose Simplified Problem,"Yes — you mean **g2**, and I agree it’s dangerous because it gives White **h1**.

Before choosing **b6**, compare it with **a7**: after **b6**, White may get activity on the left side like **a3/a7**. Ask: which move leaves White’s next move less damaging, and does either give White a corner?",False
p752,4,Paraphrase,"Yes — you mean **g2**, and I agree it’s dangerous because it gives White **h1**.

Before choosing **b6**, compare it with **a7**: after **b6**, White may get activity on the left side like **a3/a7**. Ask: which move leaves White’s next move less damaging, and does either give White a corner?",False
p752,5,Provide Correct Answer,"Yes: **play a7**.

Why:
- **g2** hands White the **h1 corner**.
- **b6** flips more now, but it gives White a strong reply at **a7**, flipping back along **a7–b6–c5**.
- **a7** takes that square yourself and avoids giving White an immediate corner.

So your instinct about b6’s mobility is good, but here **a7 is safer/better for the endgame count**.",False
p752,5,Direct Instruction,"Yes: **play a7**.

Why:
- **g2** hands White the **h1 corner**.
- **b6** flips more now, but it gives White a strong reply at **a7**, flipping back along **a7–b6–c5**.
- **a7** takes that square yourself and avoids giving White an immediate corner.

So your instinct about b6’s mobility is good, but here **a7 is safer/better for the endgame count**.",False
p752,5,Positive Feedback,"Yes: **play a7**.

Why:
- **g2** hands White the **h1 corner**.
- **b6** flips more now, but it gives White a strong reply at **a7**, flipping back along **a7–b6–c5**.
- **a7** takes that square yourself and avoids giving White an immediate corner.

So your instinct about b6’s mobility is good, but here **a7 is safer/better for the endgame count**.",False
p752,5,Neutral Feedback,"Yes: **play a7**.

Why:
- **g2** hands White the **h1 corner**.
- **b6** flips more now, but it gives White a strong reply at **a7**, flipping back along **a7–b6–c5**.
- **a7** takes that square yourself and avoids giving White an immediate corner.

So your instinct about b6’s mobility is good, but here **a7 is safer/better for the endgame count**.",False
p777,0,Provide Correct Answer,"Best move: **b7**.

Even though it’s near the empty **a8** corner, in this endgame it gives Black the best final result by keeping White’s replies most constrained. The other legal moves give White better access to the remaining corner/edge squares.",False
p777,0,Direct Instruction,"Best move: **b7**.

Even though it’s near the empty **a8** corner, in this endgame it gives Black the best final result by keeping White’s replies most constrained. The other legal moves give White better access to the remaining corner/edge squares.",False
p777,1,Direct Instruction,"From this current board, rethink the **corners** first:

- **a7** is dangerous because it sits next to the empty **a8 corner** and can help White take it.
- **b6** is also close to that corner area.
- **g2** is near the empty **h1 corner** region and may loosen that side.

So I’d look for the move that **doesn’t hand White a corner/edge follow-up** and keeps their mobility tight.",False
p777,1,Hint,"From this current board, rethink the **corners** first:

- **a7** is dangerous because it sits next to the empty **a8 corner** and can help White take it.
- **b6** is also close to that corner area.
- **g2** is near the empty **h1 corner** region and may loosen that side.

So I’d look for the move that **doesn’t hand White a corner/edge follow-up** and keeps their mobility tight.",False
p777,2,Direct Instruction,"You can’t move the disc from **b2** to **a1**.

In Othello, you **place a new disc** on one of the marked legal squares, then flip captured discs. Here Black’s legal moves are only:

**g2, b6, a7, c8**

Even though **a1 is a corner**, it isn’t marked, so Black can’t play there right now.",False
p777,2,Negative Feedback,"You can’t move the disc from **b2** to **a1**.

In Othello, you **place a new disc** on one of the marked legal squares, then flip captured discs. Here Black’s legal moves are only:

**g2, b6, a7, c8**

Even though **a1 is a corner**, it isn’t marked, so Black can’t play there right now.",False
p777,3,Direct Instruction,"Othello rules, briefly:

- Black and White take turns **placing one new disc** on an empty square.
- A move is legal only if it **sandwiches** at least one opponent disc in a straight line: horizontal, vertical, or diagonal.
- Any sandwiched opponent discs are **flipped** to your color.
- You do **not move existing discs**; you only place new ones.
- If you have **no legal move**, you **pass**. If both players have no move, the game ends.
- When the board is full, the player with **more discs wins**.

On this board, there are **0 empty squares**, so the game is over.  
Final count: **Black 22, White 42**.",False
p777,4,Direct Instruction,"Yes — that’s the key rule: you **place new discs**, not move old ones.

This board is full, so the game is over.  
Final count: **Black 22, White 42** — White wins.",False
p777,4,Positive Feedback,"Yes — that’s the key rule: you **place new discs**, not move old ones.

This board is full, so the game is over.  
Final count: **Black 22, White 42** — White wins.",False
p848,0,Provide Correct Answer,"I’d suggest **b7**.

Why: in this endgame, **b7 gives you a strong edge move without immediately handing White the lower-left corner**, and it flips a useful line along row 7. It also keeps White’s replies more constrained than moves like **b8/c8**, which can make the corner situation worse.",False
p848,0,Direct Instruction,"I’d suggest **b7**.

Why: in this endgame, **b7 gives you a strong edge move without immediately handing White the lower-left corner**, and it flips a useful line along row 7. It also keeps White’s replies more constrained than moves like **b8/c8**, which can make the corner situation worse.",False
p848,1,Direct Instruction,"It won’t let you move because the board is **full**: **0 empty squares** remain.

So the game is already finished — no pass or final move is possible.

Final count from the board:
- **Black: 31**
- **White: 33**

White wins by **2 discs**.",False
p131,0,Direct Instruction,"No square to click — the board is full, so the game is over.

Click the interface’s **Finish / Continue / Next** button if there is one; otherwise it should end automatically.",False
p131,1,Direct Instruction,"The board is full, so **there is no move to click**. The game is over.

If the interface has a **Finish / Next / Continue** button, click that.",False
p131,2,Direct Instruction,"Sure. Since **0 squares are empty**, there’s no move or pass left — the game is simply over.

Before you finish, you can think: **who has more discs, Black or White?**  
If you want, I can help count the final score.",False
p131,2,Prompt,"Sure. Since **0 squares are empty**, there’s no move or pass left — the game is simply over.

Before you finish, you can think: **who has more discs, Black or White?**  
If you want, I can help count the final score.",False
p131,3,Direct Instruction,"Hard to know the exact move without the history, but the final board shows the main problem:

**White got 3 corners**: **a1, h1, a8**.  
You only got **h8**. Corners are permanent, and White used them to lock up the edges.

Final count looks like **White 44, Black 20**.

So the likely “where it went wrong” was earlier when a move **next to an empty corner** let White take that corner. Watch out especially for squares like **b1, a2, b2** near a1, or **g1, h2, g2** near h1, etc.

Endgame lesson: don’t ask “how many do I flip now?” Ask:  
**“Does this give them a corner or lots of safe edge discs next?”**",False
p131,3,Hint,"Hard to know the exact move without the history, but the final board shows the main problem:

**White got 3 corners**: **a1, h1, a8**.  
You only got **h8**. Corners are permanent, and White used them to lock up the edges.

Final count looks like **White 44, Black 20**.

So the likely “where it went wrong” was earlier when a move **next to an empty corner** let White take that corner. Watch out especially for squares like **b1, a2, b2** near a1, or **g1, h2, g2** near h1, etc.

Endgame lesson: don’t ask “how many do I flip now?” Ask:  
**“Does this give them a corner or lots of safe edge discs next?”**",False
p131,4,Direct Instruction,"Not **always**, but **usually corners are the best goal** because once you own a corner, it can’t be flipped.

The key is: **avoid giving corners away.**  
Bad squares are often the ones right next to an empty corner, like **b1, a2, b2** near **a1**.

In this finished game, White owned most corners/edges, so aiming to **deny White corners** earlier was probably the big lesson.",False
p805,0,Provide Correct Answer,"Yes — **b7** looks like the right idea.

It’s legal, and it gains the whole **c7–g7** line without immediately handing White a corner. The key endgame question after it: **does White get a corner or run out of good moves?** Here, b7 keeps Black’s position strong.",False
p805,0,Direct Instruction,"Yes — **b7** looks like the right idea.

It’s legal, and it gains the whole **c7–g7** line without immediately handing White a corner. The key endgame question after it: **does White get a corner or run out of good moves?** Here, b7 keeps Black’s position strong.",False
p805,0,Prompt,"Yes — **b7** looks like the right idea.

It’s legal, and it gains the whole **c7–g7** line without immediately handing White a corner. The key endgame question after it: **does White get a corner or run out of good moves?** Here, b7 keeps Black’s position strong.",False
p805,0,Positive Feedback,"Yes — **b7** looks like the right idea.

It’s legal, and it gains the whole **c7–g7** line without immediately handing White a corner. The key endgame question after it: **does White get a corner or run out of good moves?** Here, b7 keeps Black’s position strong.",False
p805,1,Direct Instruction,"**h1 isn’t legal right now** — there’s no pale dot there.

Your legal moves are **g2, b6, a7, c8**. Since **h1 is an empty corner**, think: which move leaves White with the fewest chances to take that corner next?",False
p805,1,Pose Simplified Problem,"**h1 isn’t legal right now** — there’s no pale dot there.

Your legal moves are **g2, b6, a7, c8**. Since **h1 is an empty corner**, think: which move leaves White with the fewest chances to take that corner next?",False
p805,1,Negative Feedback,"**h1 isn’t legal right now** — there’s no pale dot there.

Your legal moves are **g2, b6, a7, c8**. Since **h1 is an empty corner**, think: which move leaves White with the fewest chances to take that corner next?",False
p805,2,Hint,"**b6 is legal**, but check the follow-up: it may give White useful replies around the **a7/b8** edge.

Before playing it, compare with **c8**: it flips along the bottom/diagonal and may leave White with fewer good moves. Which move best limits White’s mobility?",False
p805,2,Pose Simplified Problem,"**b6 is legal**, but check the follow-up: it may give White useful replies around the **a7/b8** edge.

Before playing it, compare with **c8**: it flips along the bottom/diagonal and may leave White with fewer good moves. Which move best limits White’s mobility?",False
p805,3,Direct Instruction,"Good. Now ask: after each move, **what legal moves does White get?**

Key danger: **a1 is an empty corner**, so avoid moves that let White access it. Also check whether playing near **a7/b8** gives White edge access. Which of **b6, a7, c8** leaves White most stuck?",False
p805,3,Hint,"Good. Now ask: after each move, **what legal moves does White get?**

Key danger: **a1 is an empty corner**, so avoid moves that let White access it. Also check whether playing near **a7/b8** gives White edge access. Which of **b6, a7, c8** leaves White most stuck?",False
p805,3,Prompt,"Good. Now ask: after each move, **what legal moves does White get?**

Key danger: **a1 is an empty corner**, so avoid moves that let White access it. Also check whether playing near **a7/b8** gives White edge access. Which of **b6, a7, c8** leaves White most stuck?",False
p805,3,Pose Simplified Problem,"Good. Now ask: after each move, **what legal moves does White get?**

Key danger: **a1 is an empty corner**, so avoid moves that let White access it. Also check whether playing near **a7/b8** gives White edge access. Which of **b6, a7, c8** leaves White most stuck?",False
p805,3,Positive Feedback,"Good. Now ask: after each move, **what legal moves does White get?**

Key danger: **a1 is an empty corner**, so avoid moves that let White access it. Also check whether playing near **a7/b8** gives White edge access. Which of **b6, a7, c8** leaves White most stuck?",False
p805,4,Provide Correct Answer,"Focus on **White’s reply**, not your flip count.

- **b6** lets White answer **a3**, gaining access on the left side.
- **a7** secures the left edge more safely and still keeps White away from the **a1 corner**.

So I’d play **a7**.",False
p805,4,Direct Instruction,"Focus on **White’s reply**, not your flip count.

- **b6** lets White answer **a3**, gaining access on the left side.
- **a7** secures the left edge more safely and still keeps White away from the **a1 corner**.

So I’d play **a7**.",False
p805,4,Hint,"Focus on **White’s reply**, not your flip count.

- **b6** lets White answer **a3**, gaining access on the left side.
- **a7** secures the left edge more safely and still keeps White away from the **a1 corner**.

So I’d play **a7**.",False
p591,0,Direct Instruction,"c8 is legal, but I’d be cautious: it flips a lot immediately, and in endgames that often means you’re giving White more material to flip back / more mobility.

Before choosing it, check: after **c8**, what legal replies does White get near the bottom-left corner area (**a8/b8/a7**)? If it lets White grab a stable corner or force you into bad edge moves, it’s probably not the best.",False
p591,0,Prompt,"c8 is legal, but I’d be cautious: it flips a lot immediately, and in endgames that often means you’re giving White more material to flip back / more mobility.

Before choosing it, check: after **c8**, what legal replies does White get near the bottom-left corner area (**a8/b8/a7**)? If it lets White grab a stable corner or force you into bad edge moves, it’s probably not the best.",False
p591,1,Direct Instruction,"Yes, that tactic matters: if **White b8**, then **Black a8** is a corner and likely good.

But ask one more thing: after your **c8**, is White *forced* to play **b8**, or do they have a stronger reply like **a7/b7/g2** that avoids giving you a8? In endgames, the key is not “what if they cooperate,” but “what is their best reply?”",False
p591,1,Prompt,"Yes, that tactic matters: if **White b8**, then **Black a8** is a corner and likely good.

But ask one more thing: after your **c8**, is White *forced* to play **b8**, or do they have a stronger reply like **a7/b7/g2** that avoids giving you a8? In endgames, the key is not “what if they cooperate,” but “what is their best reply?”",False
p591,1,Positive Feedback,"Yes, that tactic matters: if **White b8**, then **Black a8** is a corner and likely good.

But ask one more thing: after your **c8**, is White *forced* to play **b8**, or do they have a stronger reply like **a7/b7/g2** that avoids giving you a8? In endgames, the key is not “what if they cooperate,” but “what is their best reply?”",False
p591,2,Provide Correct Answer,"Best available moves: **g2** or **a7**.

If you want one move: **play g2**. It’s safe, doesn’t hand White an immediate corner, and keeps White’s mobility tight. Avoid **b8** unless you’ve counted it carefully, because it can affect the **a8 corner** fight.",False
p591,2,Direct Instruction,"Best available moves: **g2** or **a7**.

If you want one move: **play g2**. It’s safe, doesn’t hand White an immediate corner, and keeps White’s mobility tight. Avoid **b8** unless you’ve counted it carefully, because it can affect the **a8 corner** fight.",False
p591,3,Provide Correct Answer,"Yes — **play b6**.

Why: it’s one of the strongest legal moves and **doesn’t immediately give White the a8 corner**.  
I’d avoid **b8** here because it plays right next to the corner area and can make the endgame harder to control.",False
p591,3,Direct Instruction,"Yes — **play b6**.

Why: it’s one of the strongest legal moves and **doesn’t immediately give White the a8 corner**.  
I’d avoid **b8** here because it plays right next to the corner area and can make the endgame harder to control.",False
p591,3,Positive Feedback,"Yes — **play b6**.

Why: it’s one of the strongest legal moves and **doesn’t immediately give White the a8 corner**.  
I’d avoid **b8** here because it plays right next to the corner area and can make the endgame harder to control.",False
p591,4,Direct Instruction,"Yes — **a7 is a good move** here.

It’s safer than **b8**, because **b8** is right next to the empty corner **a8** and can make that corner fight awkward. **a7** also keeps pressure on that corner area without immediately handing White an easy corner.",False
p591,4,Positive Feedback,"Yes — **a7 is a good move** here.

It’s safer than **b8**, because **b8** is right next to the empty corner **a8** and can make that corner fight awkward. **a7** also keeps pressure on that corner area without immediately handing White an easy corner.",False
p621,0,Direct Instruction,"Your last move may have been tempting if it flipped several discs, but in the endgame the bigger question is: **what did it leave White?** A move can “win” discs now but lose if it gives White a corner, an extra move, or control of an edge.

For this turn, Black’s legal moves are **g2, b6, a7, c8**. Consider:

- **Corners:** empty corners like **h1/a1** are huge because they can’t be flipped back. Be very cautious with squares next to them, especially **g2** near **h1**.
- **Mobility:** after each candidate move, ask: *How many legal moves will White have? Can I force White into a bad reply or a pass?*
- **Final count:** with only 8 empties, try to imagine the last few moves, not just the flips from this move.

So instead of asking “which move flips most?”, compare which move **keeps corners safe and leaves White with the fewest useful replies**.",False
p621,0,Hint,"Your last move may have been tempting if it flipped several discs, but in the endgame the bigger question is: **what did it leave White?** A move can “win” discs now but lose if it gives White a corner, an extra move, or control of an edge.

For this turn, Black’s legal moves are **g2, b6, a7, c8**. Consider:

- **Corners:** empty corners like **h1/a1** are huge because they can’t be flipped back. Be very cautious with squares next to them, especially **g2** near **h1**.
- **Mobility:** after each candidate move, ask: *How many legal moves will White have? Can I force White into a bad reply or a pass?*
- **Final count:** with only 8 empties, try to imagine the last few moves, not just the flips from this move.

So instead of asking “which move flips most?”, compare which move **keeps corners safe and leaves White with the fewest useful replies**.",False
p621,0,Prompt,"Your last move may have been tempting if it flipped several discs, but in the endgame the bigger question is: **what did it leave White?** A move can “win” discs now but lose if it gives White a corner, an extra move, or control of an edge.

For this turn, Black’s legal moves are **g2, b6, a7, c8**. Consider:

- **Corners:** empty corners like **h1/a1** are huge because they can’t be flipped back. Be very cautious with squares next to them, especially **g2** near **h1**.
- **Mobility:** after each candidate move, ask: *How many legal moves will White have? Can I force White into a bad reply or a pass?*
- **Final count:** with only 8 empties, try to imagine the last few moves, not just the flips from this move.

So instead of asking “which move flips most?”, compare which move **keeps corners safe and leaves White with the fewest useful replies**.",False
p621,0,Pose Simplified Problem,"Your last move may have been tempting if it flipped several discs, but in the endgame the bigger question is: **what did it leave White?** A move can “win” discs now but lose if it gives White a corner, an extra move, or control of an edge.

For this turn, Black’s legal moves are **g2, b6, a7, c8**. Consider:

- **Corners:** empty corners like **h1/a1** are huge because they can’t be flipped back. Be very cautious with squares next to them, especially **g2** near **h1**.
- **Mobility:** after each candidate move, ask: *How many legal moves will White have? Can I force White into a bad reply or a pass?*
- **Final count:** with only 8 empties, try to imagine the last few moves, not just the flips from this move.

So instead of asking “which move flips most?”, compare which move **keeps corners safe and leaves White with the fewest useful replies**.",False
p621,0,Neutral Feedback,"Your last move may have been tempting if it flipped several discs, but in the endgame the bigger question is: **what did it leave White?** A move can “win” discs now but lose if it gives White a corner, an extra move, or control of an edge.

For this turn, Black’s legal moves are **g2, b6, a7, c8**. Consider:

- **Corners:** empty corners like **h1/a1** are huge because they can’t be flipped back. Be very cautious with squares next to them, especially **g2** near **h1**.
- **Mobility:** after each candidate move, ask: *How many legal moves will White have? Can I force White into a bad reply or a pass?*
- **Final count:** with only 8 empties, try to imagine the last few moves, not just the flips from this move.

So instead of asking “which move flips most?”, compare which move **keeps corners safe and leaves White with the fewest useful replies**.",False
p621,1,Direct Instruction,"Correct — **you can’t play h1 or a1 right now** because they aren’t marked legal.

I meant they’re “huge” as **future threats/opportunities**: if your move gives White a legal move into a corner next turn, White gets a permanent corner you can’t flip back.

So for each legal move — **g2, b6, a7, c8** — ask:

- Does this let White play **h1** or **a1** next?
- Does it leave White with very few moves?
- Does it avoid giving away a stable edge/corner?",False
p621,1,Prompt,"Correct — **you can’t play h1 or a1 right now** because they aren’t marked legal.

I meant they’re “huge” as **future threats/opportunities**: if your move gives White a legal move into a corner next turn, White gets a permanent corner you can’t flip back.

So for each legal move — **g2, b6, a7, c8** — ask:

- Does this let White play **h1** or **a1** next?
- Does it leave White with very few moves?
- Does it avoid giving away a stable edge/corner?",False
p621,1,Positive Feedback,"Correct — **you can’t play h1 or a1 right now** because they aren’t marked legal.

I meant they’re “huge” as **future threats/opportunities**: if your move gives White a legal move into a corner next turn, White gets a permanent corner you can’t flip back.

So for each legal move — **g2, b6, a7, c8** — ask:

- Does this let White play **h1** or **a1** next?
- Does it leave White with very few moves?
- Does it avoid giving away a stable edge/corner?",False
p621,2,Direct Instruction,"This position is very “endgame counting” now: only **6 empties**.

Don’t judge your last move by the immediate flip count; judge it by what it left here: Black now has only **g2, b8, c8**.

For the next move, compare:

- **g2:** risky-looking because it’s next to **h1**, but check whether White can actually use that corner afterward.
- **b8 / c8:** bottom-edge moves; ask whether one gives White more control of the remaining empties.
- Count likely final moves: *If I play this, what are White’s legal replies, and do I get the last move or force a pass?*

So I’d mainly calculate White’s replies after each option, not just flips now.",False
p621,2,Hint,"This position is very “endgame counting” now: only **6 empties**.

Don’t judge your last move by the immediate flip count; judge it by what it left here: Black now has only **g2, b8, c8**.

For the next move, compare:

- **g2:** risky-looking because it’s next to **h1**, but check whether White can actually use that corner afterward.
- **b8 / c8:** bottom-edge moves; ask whether one gives White more control of the remaining empties.
- Count likely final moves: *If I play this, what are White’s legal replies, and do I get the last move or force a pass?*

So I’d mainly calculate White’s replies after each option, not just flips now.",False
p621,2,Prompt,"This position is very “endgame counting” now: only **6 empties**.

Don’t judge your last move by the immediate flip count; judge it by what it left here: Black now has only **g2, b8, c8**.

For the next move, compare:

- **g2:** risky-looking because it’s next to **h1**, but check whether White can actually use that corner afterward.
- **b8 / c8:** bottom-edge moves; ask whether one gives White more control of the remaining empties.
- Count likely final moves: *If I play this, what are White’s legal replies, and do I get the last move or force a pass?*

So I’d mainly calculate White’s replies after each option, not just flips now.",False
p621,3,Direct Instruction,"That likely happened because **B8 killed your mobility**.

In Othello, if after White’s reply **Black has no legal move**, Black must **pass**. Then White can move again. So it can feel like “one move” led to lots of squares disappearing, but really White may have gotten **multiple turns in a row** because Black had no legal moves.

Final board count here is:

- **Black: 22**
- **White: 42**

So White won by **20**.

The lesson: in the endgame, a move like **B8** may look good if it flips or secures an edge, but the key question is:

> “After I play this, do I still have a legal move after White replies?”

If not, White can scoop up the remaining empties while you’re forced to pass.",False
p621,4,Direct Instruction,"You’re right — my wording was misleading. I should have said:

**g2 is “risky-looking” because it’s next to h1, but that doesn’t automatically make it bad.** In endgames, even scary-looking moves can be best if they **don’t actually give the corner** or if they **preserve your mobility**.

What happened with **B8** was probably:

- It looked safer because it was on the edge.
- But after White’s reply, Black had **no legal move**, so Black had to **pass**.
- That let White take multiple remaining squares in a row.

So the lesson is: **edge moves aren’t automatically safe, and X-squares like g2 aren’t automatically bad**. With only a few empties left, you have to calculate:  
“After White replies, do I still have a move?”

Final count here is **Black 22, White 42**. White won by 20.",False
p621,5,Direct Instruction,"Game over — no empty squares remain.

Final count from the board:

- **Black: 22**
- **White: 42**

White wins by **20**.

And yes, your takeaway is the important one: in the endgame, don’t just ask “what flips most?” or “is this edge safer?” Ask:

> After my move and White’s reply, do I still have legal moves — or will I be forced to pass?",False
p705,0,Provide Correct Answer,"Play **c8**.

It only flips a little now, but in the endgame that’s fine: it avoids handing White the empty **h1** corner, which **g2** is likely to do. The other moves give White more useful replies; **c8** keeps Black’s best winning chances.",False
p705,0,Direct Instruction,"Play **c8**.

It only flips a little now, but in the endgame that’s fine: it avoids handing White the empty **h1** corner, which **g2** is likely to do. The other moves give White more useful replies; **c8** keeps Black’s best winning chances.",False
p705,1,Direct Instruction,"Yes — **a7 is a good move here**.

It’s better than **g2**, which is risky because it sits next to the empty **h1 corner** and can help White take it. **a7** is an edge move that keeps Black’s position safer in the final few moves.",False
p705,1,Positive Feedback,"Yes — **a7 is a good move here**.

It’s better than **g2**, which is risky because it sits next to the empty **h1 corner** and can help White take it. **a7** is an edge move that keeps Black’s position safer in the final few moves.",False
p705,2,Provide Correct Answer,"Best move: **a3**.

Even though **a1** is a corner, **a3** is stronger here because it leaves White with **no legal move**, so White must pass and Black gets another move. This helps Black control the final empty squares.",False
p705,2,Direct Instruction,"Best move: **a3**.

Even though **a1** is a corner, **a3** is stronger here because it leaves White with **no legal move**, so White must pass and Black gets another move. This helps Black control the final empty squares.",False
p705,3,Provide Correct Answer,"Yes — **a1 is the best move**.

It takes a **corner**, which is permanent, and it avoids the risk of playing **g2**, which sits next to the empty **h1 corner** and can help White get that corner.",False
p705,3,Direct Instruction,"Yes — **a1 is the best move**.

It takes a **corner**, which is permanent, and it avoids the risk of playing **g2**, which sits next to the empty **h1 corner** and can help White get that corner.",False
p705,4,Provide Correct Answer,"Best move: **h1**.

It’s the **corner**, so those discs can’t be flipped back. Also, if you play **h1**, White appears to have no useful reply at **g2**, so Black can likely take the last move too.",False
p705,4,Direct Instruction,"Best move: **h1**.

It’s the **corner**, so those discs can’t be flipped back. Also, if you play **h1**, White appears to have no useful reply at **g2**, so Black can likely take the last move too.",False
p593,0,Direct Instruction,"a7 is **legal**, but I’d be cautious: it only flips **a6**, and it leaves the lower-left corner area still unresolved with **a8** empty.

Before choosing it, ask: after **a7**, what good reply might White get, and will Black still control access to the **a8 corner** later? In endgames, the key is often not the flip count now, but who gets the last corners / last moves.",False
p593,0,Hint,"a7 is **legal**, but I’d be cautious: it only flips **a6**, and it leaves the lower-left corner area still unresolved with **a8** empty.

Before choosing it, ask: after **a7**, what good reply might White get, and will Black still control access to the **a8 corner** later? In endgames, the key is often not the flip count now, but who gets the last corners / last moves.",False
p593,0,Prompt,"a7 is **legal**, but I’d be cautious: it only flips **a6**, and it leaves the lower-left corner area still unresolved with **a8** empty.

Before choosing it, ask: after **a7**, what good reply might White get, and will Black still control access to the **a8 corner** later? In endgames, the key is often not the flip count now, but who gets the last corners / last moves.",False
p593,1,Direct Instruction,"Probably **not**. Even though **g2** flips several discs, it puts a Black disc right next to the empty **h1 corner** — then White may be able to take **h1**, and corners can’t be flipped back.

So compare moves by asking: **after my move, does White get a corner or many moves, or am I limiting White?**",False
p593,1,Hint,"Probably **not**. Even though **g2** flips several discs, it puts a Black disc right next to the empty **h1 corner** — then White may be able to take **h1**, and corners can’t be flipped back.

So compare moves by asking: **after my move, does White get a corner or many moves, or am I limiting White?**",False
p593,1,Prompt,"Probably **not**. Even though **g2** flips several discs, it puts a Black disc right next to the empty **h1 corner** — then White may be able to take **h1**, and corners can’t be flipped back.

So compare moves by asking: **after my move, does White get a corner or many moves, or am I limiting White?**",False
p593,1,Negative Feedback,"Probably **not**. Even though **g2** flips several discs, it puts a Black disc right next to the empty **h1 corner** — then White may be able to take **h1**, and corners can’t be flipped back.

So compare moves by asking: **after my move, does White get a corner or many moves, or am I limiting White?**",False
p593,2,Direct Instruction,"**b7 is a strong candidate**, but check the key trade-off: it flips **c7–g7**, yet because **a8** is empty, White may be able to answer in that corner.

So the question is: if White gets **a8**, do you gain enough elsewhere / keep enough moves? In this position, **b7 still looks like the move to investigate most seriously**.",False
p593,2,Prompt,"**b7 is a strong candidate**, but check the key trade-off: it flips **c7–g7**, yet because **a8** is empty, White may be able to answer in that corner.

So the question is: if White gets **a8**, do you gain enough elsewhere / keep enough moves? In this position, **b7 still looks like the move to investigate most seriously**.",False
p593,2,Positive Feedback,"**b7 is a strong candidate**, but check the key trade-off: it flips **c7–g7**, yet because **a8** is empty, White may be able to answer in that corner.

So the question is: if White gets **a8**, do you gain enough elsewhere / keep enough moves? In this position, **b7 still looks like the move to investigate most seriously**.",False
p593,3,Direct Instruction,"**c8 flips more immediately** — including along the diagonal toward **h3** — but it also leaves White more chances to play into the bottom-left edge later.

**b7 flips the whole row c7–g7** and seems to keep White more constrained. Even though it’s near the empty **a8 corner**, it looks better than c8 because the endgame is about who controls the last few moves, not just this turn’s flips.",False
p593,3,Hint,"**c8 flips more immediately** — including along the diagonal toward **h3** — but it also leaves White more chances to play into the bottom-left edge later.

**b7 flips the whole row c7–g7** and seems to keep White more constrained. Even though it’s near the empty **a8 corner**, it looks better than c8 because the endgame is about who controls the last few moves, not just this turn’s flips.",False
p593,4,Direct Instruction,"**b8 isn’t a disaster, but it’s weaker than b7.** It only flips a small diagonal (**c7, d6**) and it sits next to the empty **a8 corner**, so the bottom-left can become awkward.

Compare that with **b7**, which flips across row 7 and seems to leave White with fewer comfortable replies.",False
p593,4,Neutral Feedback,"**b8 isn’t a disaster, but it’s weaker than b7.** It only flips a small diagonal (**c7, d6**) and it sits next to the empty **a8 corner**, so the bottom-left can become awkward.

Compare that with **b7**, which flips across row 7 and seems to leave White with fewer comfortable replies.",False
p150,0,Direct Instruction,"No — **h1 isn’t legal right now**. Black can only play on the pale dots: **g2, b6, a7, b7, b8, c8**.

If h1 were legal, a corner is usually excellent because it can’t be flipped, but you can’t choose it this turn.",False
p150,0,Negative Feedback,"No — **h1 isn’t legal right now**. Black can only play on the pale dots: **g2, b6, a7, b7, b8, c8**.

If h1 were legal, a corner is usually excellent because it can’t be flipped, but you can’t choose it this turn.",False
p150,1,Direct Instruction,"**a7 is legal**, but I’d be cautious: it plays next to the empty corner **a8**, so ask, “Can White get a8 soon?”  

Also compare it with moves that **limit White’s replies** rather than flip a lot now. Before choosing a7, check: after you play it, how many legal moves does White seem to have, and does any reply take a corner?",False
p150,1,Hint,"**a7 is legal**, but I’d be cautious: it plays next to the empty corner **a8**, so ask, “Can White get a8 soon?”  

Also compare it with moves that **limit White’s replies** rather than flip a lot now. Before choosing a7, check: after you play it, how many legal moves does White seem to have, and does any reply take a corner?",False
p150,1,Prompt,"**a7 is legal**, but I’d be cautious: it plays next to the empty corner **a8**, so ask, “Can White get a8 soon?”  

Also compare it with moves that **limit White’s replies** rather than flip a lot now. Before choosing a7, check: after you play it, how many legal moves does White seem to have, and does any reply take a corner?",False
p150,2,Direct Instruction,"Because a legal move must **flip at least one White disc**: from the square you play, there has to be a straight line of White discs ending in one of your Black discs.

At **h1**:
- Left along row 1: **g1–b1 are White**, but it ends at **a1 empty**, not Black.
- Down: **h2 is already Black**, so there’s no White disc to sandwich.
- Diagonals don’t make a sandwich either.

So **h1 flips nothing**, which makes it illegal.",False
p150,2,Negative Feedback,"Because a legal move must **flip at least one White disc**: from the square you play, there has to be a straight line of White discs ending in one of your Black discs.

At **h1**:
- Left along row 1: **g1–b1 are White**, but it ends at **a1 empty**, not Black.
- Down: **h2 is already Black**, so there’s no White disc to sandwich.
- Diagonals don’t make a sandwich either.

So **h1 flips nothing**, which makes it illegal.",False
p150,3,Direct Instruction,"Good mobility idea — but check the **corner danger**.

After **c8**, White may be able to play the corner **a1** along the diagonal **a1-b2-c3-d4-e5-f6-g7**. A corner is permanent, so that’s a big trade-off.

Before committing: compare **c8** with a move that might **stop White’s a1 corner access**.",False
p150,3,Prompt,"Good mobility idea — but check the **corner danger**.

After **c8**, White may be able to play the corner **a1** along the diagonal **a1-b2-c3-d4-e5-f6-g7**. A corner is permanent, so that’s a big trade-off.

Before committing: compare **c8** with a move that might **stop White’s a1 corner access**.",False
p150,3,Neutral Feedback,"Good mobility idea — but check the **corner danger**.

After **c8**, White may be able to play the corner **a1** along the diagonal **a1-b2-c3-d4-e5-f6-g7**. A corner is permanent, so that’s a big trade-off.

Before committing: compare **c8** with a move that might **stop White’s a1 corner access**.",False
p150,4,Direct Instruction,"Maybe check the **a1 diagonal** carefully:

White’s a1 move works because the line **a1-b2-c3-d4-e5-f6-g7** ends at **White g7**.

So ask: **which of your legal moves would flip g7 to Black?**  
Look especially along **row 7** before deciding that a1 can’t be stopped.",False
p150,4,Hint,"Maybe check the **a1 diagonal** carefully:

White’s a1 move works because the line **a1-b2-c3-d4-e5-f6-g7** ends at **White g7**.

So ask: **which of your legal moves would flip g7 to Black?**  
Look especially along **row 7** before deciding that a1 can’t be stopped.",False
p150,4,Prompt,"Maybe check the **a1 diagonal** carefully:

White’s a1 move works because the line **a1-b2-c3-d4-e5-f6-g7** ends at **White g7**.

So ask: **which of your legal moves would flip g7 to Black?**  
Look especially along **row 7** before deciding that a1 can’t be stopped.",False
p150,5,Provide Correct Answer,"Yes — **b7 looks like the right idea**.

Why: playing **b7** flips across row 7, including **g7** to Black. That breaks White’s diagonal access to the **a1 corner**. So you’re not just gaining discs — you’re stopping a permanent corner threat.",False
p150,5,Direct Instruction,"Yes — **b7 looks like the right idea**.

Why: playing **b7** flips across row 7, including **g7** to Black. That breaks White’s diagonal access to the **a1 corner**. So you’re not just gaining discs — you’re stopping a permanent corner threat.",False
p150,5,Positive Feedback,"Yes — **b7 looks like the right idea**.

Why: playing **b7** flips across row 7, including **g7** to Black. That breaks White’s diagonal access to the **a1 corner**. So you’re not just gaining discs — you’re stopping a permanent corner threat.",False
p150,6,Direct Instruction,"g2 is tempting because it flips a lot on the **g-file** — but check the corner:

After **g2**, can White play **h1**?  
Trace **h1–g2–f3**: your new **g2** disc would sit next to the corner and **f3 is White**, so White may get the **h1 corner**.

So I’d be very wary of g2. Compare it with **c8**, which doesn’t seem to hand over an immediate corner.",False
p150,6,Hint,"g2 is tempting because it flips a lot on the **g-file** — but check the corner:

After **g2**, can White play **h1**?  
Trace **h1–g2–f3**: your new **g2** disc would sit next to the corner and **f3 is White**, so White may get the **h1 corner**.

So I’d be very wary of g2. Compare it with **c8**, which doesn’t seem to hand over an immediate corner.",False
p150,6,Prompt,"g2 is tempting because it flips a lot on the **g-file** — but check the corner:

After **g2**, can White play **h1**?  
Trace **h1–g2–f3**: your new **g2** disc would sit next to the corner and **f3 is White**, so White may get the **h1 corner**.

So I’d be very wary of g2. Compare it with **c8**, which doesn’t seem to hand over an immediate corner.",False
p150,6,Neutral Feedback,"g2 is tempting because it flips a lot on the **g-file** — but check the corner:

After **g2**, can White play **h1**?  
Trace **h1–g2–f3**: your new **g2** disc would sit next to the corner and **f3 is White**, so White may get the **h1 corner**.

So I’d be very wary of g2. Compare it with **c8**, which doesn’t seem to hand over an immediate corner.",False
p150,7,Direct Instruction,"**b6 is legal**, but be careful: it lands right next to the empty **a7**.

If you play **b6**, can White reply **a7** and flip your new b6 disc back along **a7–b6–c5**? That may give White a clean endgame reply. Compare that with playing **a7 yourself** first.",False
p150,7,Hint,"**b6 is legal**, but be careful: it lands right next to the empty **a7**.

If you play **b6**, can White reply **a7** and flip your new b6 disc back along **a7–b6–c5**? That may give White a clean endgame reply. Compare that with playing **a7 yourself** first.",False
p150,7,Prompt,"**b6 is legal**, but be careful: it lands right next to the empty **a7**.

If you play **b6**, can White reply **a7** and flip your new b6 disc back along **a7–b6–c5**? That may give White a clean endgame reply. Compare that with playing **a7 yourself** first.",False
p150,8,Direct Instruction,"**a1 is legal and it is a corner**, which is good — but here check the reply:

If Black plays **a1**, White can likely take the other corner **h1** next, flipping across row 1. In a 4-empty endgame, that may cost more than the corner gains.

So ask: is there a move that **keeps h1 unavailable** to White?",False
p150,8,Pose Simplified Problem,"**a1 is legal and it is a corner**, which is good — but here check the reply:

If Black plays **a1**, White can likely take the other corner **h1** next, flipping across row 1. In a 4-empty endgame, that may cost more than the corner gains.

So ask: is there a move that **keeps h1 unavailable** to White?",False
p150,8,Positive Feedback,"**a1 is legal and it is a corner**, which is good — but here check the reply:

If Black plays **a1**, White can likely take the other corner **h1** next, flipping across row 1. In a 4-empty endgame, that may cost more than the corner gains.

So ask: is there a move that **keeps h1 unavailable** to White?",False
p642,0,Direct Instruction,"I’d be cautious about **b6**. Flipping 3 now looks nice, but in the endgame the key question is: **what legal moves does White get afterward, and who wins the final count?**

Before choosing b6, look at whether it gives White useful edge moves like **a7 / b8 / c8**, or access toward empty corners. Immediate flips can be flipped back or outweighed by giving White the last good moves.",False
p642,0,Hint,"I’d be cautious about **b6**. Flipping 3 now looks nice, but in the endgame the key question is: **what legal moves does White get afterward, and who wins the final count?**

Before choosing b6, look at whether it gives White useful edge moves like **a7 / b8 / c8**, or access toward empty corners. Immediate flips can be flipped back or outweighed by giving White the last good moves.",False
p642,1,Direct Instruction,"Yes, it can make sense to look at **edge fills** instead of **b6**—but note **b8 is not legal** right now.

Between the legal edge moves **a7** and **c8**, ask: after I play this, does White get a strong follow-up or extra mobility? **c8** is worth especially close attention because it fills the bottom edge without immediately playing next to an empty corner.",False
p642,1,Hint,"Yes, it can make sense to look at **edge fills** instead of **b6**—but note **b8 is not legal** right now.

Between the legal edge moves **a7** and **c8**, ask: after I play this, does White get a strong follow-up or extra mobility? **c8** is worth especially close attention because it fills the bottom edge without immediately playing next to an empty corner.",False
p642,1,Prompt,"Yes, it can make sense to look at **edge fills** instead of **b6**—but note **b8 is not legal** right now.

Between the legal edge moves **a7** and **c8**, ask: after I play this, does White get a strong follow-up or extra mobility? **c8** is worth especially close attention because it fills the bottom edge without immediately playing next to an empty corner.",False
p642,1,Neutral Feedback,"Yes, it can make sense to look at **edge fills** instead of **b6**—but note **b8 is not legal** right now.

Between the legal edge moves **a7** and **c8**, ask: after I play this, does White get a strong follow-up or extra mobility? **c8** is worth especially close attention because it fills the bottom edge without immediately playing next to an empty corner.",False
p642,2,Provide Correct Answer,"There is no **c9**—the board only goes to row **8**.

If you mean **c8**, yes: **c8 is the move I’d choose** here. It’s legal, fills the bottom edge, and avoids giving White an easy corner/edge opportunity compared with the flashier **b6**.",False
p642,2,Direct Instruction,"There is no **c9**—the board only goes to row **8**.

If you mean **c8**, yes: **c8 is the move I’d choose** here. It’s legal, fills the bottom edge, and avoids giving White an easy corner/edge opportunity compared with the flashier **b6**.",False
p642,3,Provide Correct Answer,"I would **not** play **g2** if you can avoid it: it sits diagonally next to the empty corner **h1**, and after you play there White may be able to take that permanent corner.

The move I’d choose is **a7**. It fills the left edge and keeps White’s corner access/mobility more controlled than **g2** or **b6**.",False
p642,3,Direct Instruction,"I would **not** play **g2** if you can avoid it: it sits diagonally next to the empty corner **h1**, and after you play there White may be able to take that permanent corner.

The move I’d choose is **a7**. It fills the left edge and keeps White’s corner access/mobility more controlled than **g2** or **b6**.",False
p642,4,Direct Instruction,"Between those, **a3 is better than a1** here.

Even though **a1 is a corner**, playing it appears to let White answer at **a3**, flipping a lot up the left edge. Playing **a3** first controls that edge square and may leave White with much less useful mobility.",False
p717,0,Direct Instruction,"You’re right that **c8 flips two discs now** — but in the endgame, that can be a trap.

Before choosing it, ask: **after Black plays c8, what strong White move appears on the bottom-left edge?** In particular, look at the empty corner area around **a8/b8/c8**. Moves next to corners/edges can decide the final count more than the immediate flips.

So: don’t judge c8 by “2 flips”; judge it by **what it lets White do next**.",False
p717,0,Hint,"You’re right that **c8 flips two discs now** — but in the endgame, that can be a trap.

Before choosing it, ask: **after Black plays c8, what strong White move appears on the bottom-left edge?** In particular, look at the empty corner area around **a8/b8/c8**. Moves next to corners/edges can decide the final count more than the immediate flips.

So: don’t judge c8 by “2 flips”; judge it by **what it lets White do next**.",False
p717,0,Prompt,"You’re right that **c8 flips two discs now** — but in the endgame, that can be a trap.

Before choosing it, ask: **after Black plays c8, what strong White move appears on the bottom-left edge?** In particular, look at the empty corner area around **a8/b8/c8**. Moves next to corners/edges can decide the final count more than the immediate flips.

So: don’t judge c8 by “2 flips”; judge it by **what it lets White do next**.",False
p717,0,Neutral Feedback,"You’re right that **c8 flips two discs now** — but in the endgame, that can be a trap.

Before choosing it, ask: **after Black plays c8, what strong White move appears on the bottom-left edge?** In particular, look at the empty corner area around **a8/b8/c8**. Moves next to corners/edges can decide the final count more than the immediate flips.

So: don’t judge c8 by “2 flips”; judge it by **what it lets White do next**.",False
p717,1,Provide Correct Answer,"I’d play **b7**.

Even though **b7** is normally a “danger” square near the **a8 corner**, in this exact endgame it seems best because it flips the whole row **c7–g7** and keeps Black’s final count strongest. The tempting **c8** flip looks good immediately, but it gives White better follow-up chances on the bottom-left.",False
p717,1,Direct Instruction,"I’d play **b7**.

Even though **b7** is normally a “danger” square near the **a8 corner**, in this exact endgame it seems best because it flips the whole row **c7–g7** and keeps Black’s final count strongest. The tempting **c8** flip looks good immediately, but it gives White better follow-up chances on the bottom-left.",False
p717,2,Direct Instruction,"I see the position. Black’s legal moves are **g2, b6, a7, b7, b8, c8**.

Before picking, use this quick endgame checklist:

- **Corners:** can White get **a8** or **a1** soon?
- **Danger squares:** moves like **a7/b8/b7** can affect access to **a8**.
- **Mobility:** which move leaves White with the fewest good replies?
- **Final count:** don’t focus only on flips right now.

What question do you want to explore on this turn?",False
p717,2,Hint,"I see the position. Black’s legal moves are **g2, b6, a7, b7, b8, c8**.

Before picking, use this quick endgame checklist:

- **Corners:** can White get **a8** or **a1** soon?
- **Danger squares:** moves like **a7/b8/b7** can affect access to **a8**.
- **Mobility:** which move leaves White with the fewest good replies?
- **Final count:** don’t focus only on flips right now.

What question do you want to explore on this turn?",False
p717,2,Prompt,"I see the position. Black’s legal moves are **g2, b6, a7, b7, b8, c8**.

Before picking, use this quick endgame checklist:

- **Corners:** can White get **a8** or **a1** soon?
- **Danger squares:** moves like **a7/b8/b7** can affect access to **a8**.
- **Mobility:** which move leaves White with the fewest good replies?
- **Final count:** don’t focus only on flips right now.

What question do you want to explore on this turn?",False
p717,3,Direct Instruction,"Almost — but two corrections:

- **a1 isn’t a legal Black move right now** (no pale dot there).
- If you *could* take **a1**, the **a1 corner disc itself is permanent**, but it doesn’t “freeze row 1 and column h.” It affects **row 1 and column a**.

Also, row 1 would **not** be frozen for Black here: with **a1 black** and **b1–g1 white**, if Black later got **h1**, those whites on row 1 could flip to Black. So corners are permanent, but the whole edge becomes stable only when it’s connected/secured.",False
p717,3,Negative Feedback,"Almost — but two corrections:

- **a1 isn’t a legal Black move right now** (no pale dot there).
- If you *could* take **a1**, the **a1 corner disc itself is permanent**, but it doesn’t “freeze row 1 and column h.” It affects **row 1 and column a**.

Also, row 1 would **not** be frozen for Black here: with **a1 black** and **b1–g1 white**, if Black later got **h1**, those whites on row 1 could flip to Black. So corners are permanent, but the whole edge becomes stable only when it’s connected/secured.",False
p717,3,Neutral Feedback,"Almost — but two corrections:

- **a1 isn’t a legal Black move right now** (no pale dot there).
- If you *could* take **a1**, the **a1 corner disc itself is permanent**, but it doesn’t “freeze row 1 and column h.” It affects **row 1 and column a**.

Also, row 1 would **not** be frozen for Black here: with **a1 black** and **b1–g1 white**, if Black later got **h1**, those whites on row 1 could flip to Black. So corners are permanent, but the whole edge becomes stable only when it’s connected/secured.",False
p717,4,Direct Instruction,"A square is legal only if placing a Black disc there would **trap at least one straight line of White discs** between the new Black disc and an existing Black disc.

Straight lines can be horizontal, vertical, or diagonal.

Example: **c8** is legal because along the diagonal upward-right you’d have **d7 White, e6 White**, then **f5 Black** — so those Whites would flip.

A square without a pale dot has no such “White(s) in a row ending at Black” line, so Black can’t play there.",False
p717,5,Direct Instruction,"Yes. In Othello, you may only play on an empty square if it **flanks/traps at least one opponent disc** in a straight line — horizontal, vertical, or diagonal — with one of your discs on the far end.

That’s why only **g2, b6, a7, b7, b8, c8** are legal for Black here. If a square doesn’t flip at least one White disc, you can’t play there.",False
p635,0,Provide Correct Answer,"g2 is legal, but **c8 looks better**.

Why: **g2 sits next to the empty h1 corner** and can give White a chance to take that permanent corner. In the endgame, handing over a corner is usually worse than flipping several discs now.

So I’d choose **c8** over g2.",False
p635,0,Direct Instruction,"g2 is legal, but **c8 looks better**.

Why: **g2 sits next to the empty h1 corner** and can give White a chance to take that permanent corner. In the endgame, handing over a corner is usually worse than flipping several discs now.

So I’d choose **c8** over g2.",False
p635,1,Provide Correct Answer,"I’d look at **a7 rather than b6**.

Why: **b6 flips more now**, but it leaves that left edge/corner area awkward. **a7** is an edge move that takes stable-looking discs and is less likely to give White a strong reply.",False
p635,1,Direct Instruction,"I’d look at **a7 rather than b6**.

Why: **b6 flips more now**, but it leaves that left edge/corner area awkward. **a7** is an edge move that takes stable-looking discs and is less likely to give White a strong reply.",False
p635,2,Direct Instruction,"**h1 isn’t legal right now** — no pale dot there.

**a1 is legal and it’s a corner**, so it’s not “bad” in the usual sense. But with only 4 empties left, don’t use the corner rule blindly: compare the final sequence after **a1** with the quieter option **a3** and see which leaves White fewer good replies.",False
p635,2,Pose Simplified Problem,"**h1 isn’t legal right now** — no pale dot there.

**a1 is legal and it’s a corner**, so it’s not “bad” in the usual sense. But with only 4 empties left, don’t use the corner rule blindly: compare the final sequence after **a1** with the quieter option **a3** and see which leaves White fewer good replies.",False
p635,2,Negative Feedback,"**h1 isn’t legal right now** — no pale dot there.

**a1 is legal and it’s a corner**, so it’s not “bad” in the usual sense. But with only 4 empties left, don’t use the corner rule blindly: compare the final sequence after **a1** with the quieter option **a3** and see which leaves White fewer good replies.",False
p635,3,Provide Correct Answer,"Yes — **play a1**.

It’s a **corner**, so it can’t be flipped back, and it avoids letting White get an easy permanent corner at **h1** after a risky **g2**.",False
p635,3,Direct Instruction,"Yes — **play a1**.

It’s a **corner**, so it can’t be flipped back, and it avoids letting White get an easy permanent corner at **h1** after a risky **g2**.",False
p635,4,Provide Correct Answer,"Yes — **play h1**.

It’s the **corner**, and it flips **g1, f1, e1, d1, c1, b1** across to your **a1** corner disc. That top row then becomes secure.",False
p635,4,Direct Instruction,"Yes — **play h1**.

It’s the **corner**, and it flips **g1, f1, e1, d1, c1, b1** across to your **a1** corner disc. That top row then becomes secure.",False
p635,4,Positive Feedback,"Yes — **play h1**.

It’s the **corner**, and it flips **g1, f1, e1, d1, c1, b1** across to your **a1** corner disc. That top row then becomes secure.",False
p528,0,Direct Instruction,"You lost mainly because White ended with **3 corners (a1, h1, a8)** while Black had only **h8**. Corners are permanent, and they often “anchor” whole edges — that’s why White’s top/left sides became so solid.

What to do differently next game/endgame:

- **Don’t play next to an empty corner** unless you’ve counted it out. Squares like **b2, g2, b7, g7** are especially dangerous.
- In the endgame, **don’t chase the move that flips the most discs now**. Big flips often just give White the last stable move.
- Look for moves that **leave White few legal moves** or force White into a bad corner-adjacent move.
- When only a few empties remain, try to **count the final result** for 2–3 move sequences: “If I play X, White replies Y, then who gets the corner / last move?”

So the main correction: **prioritize corner safety and final counting over immediate flips.**",False
p528,0,Hint,"You lost mainly because White ended with **3 corners (a1, h1, a8)** while Black had only **h8**. Corners are permanent, and they often “anchor” whole edges — that’s why White’s top/left sides became so solid.

What to do differently next game/endgame:

- **Don’t play next to an empty corner** unless you’ve counted it out. Squares like **b2, g2, b7, g7** are especially dangerous.
- In the endgame, **don’t chase the move that flips the most discs now**. Big flips often just give White the last stable move.
- Look for moves that **leave White few legal moves** or force White into a bad corner-adjacent move.
- When only a few empties remain, try to **count the final result** for 2–3 move sequences: “If I play X, White replies Y, then who gets the corner / last move?”

So the main correction: **prioritize corner safety and final counting over immediate flips.**",False
p528,1,Direct Instruction,"Yep — at this point the board is full, so the game is over.

Final count from the image:

- **Black: 22**
- **White: 42**
- **White wins by 20**

The “cascade” came from White owning **3 corners**: **a1, h1, a8**. Once White had those, many edge discs became stable and couldn’t be taken back.

For next time, ask especially before moves that are:

- next to an empty corner: **b1, a2, b2 / g1, h2, g2 / etc.**
- big immediate flips in the endgame
- edge moves that might give White a corner reply

A good endgame question is: **“If I play this, what corner or last move does White get?”**",False
p528,2,Direct Instruction,"Good reflection. This game is already finished — **no legal moves / no empty squares**.

Result from this final board:

- **Black: 22**
- **White: 42**
- **White wins by 20**

The key lesson is exactly what you said: one unsafe endgame move can cascade if it gives White a corner or stable edge. Next time, before playing near a corner, ask: **“Does this let White take the corner next?”**",False
p528,2,Hint,"Good reflection. This game is already finished — **no legal moves / no empty squares**.

Result from this final board:

- **Black: 22**
- **White: 42**
- **White wins by 20**

The key lesson is exactly what you said: one unsafe endgame move can cascade if it gives White a corner or stable edge. Next time, before playing near a corner, ask: **“Does this let White take the corner next?”**",False
p528,2,Positive Feedback,"Good reflection. This game is already finished — **no legal moves / no empty squares**.

Result from this final board:

- **Black: 22**
- **White: 42**
- **White wins by 20**

The key lesson is exactly what you said: one unsafe endgame move can cascade if it gives White a corner or stable edge. Next time, before playing near a corner, ask: **“Does this let White take the corner next?”**",False
p528,3,Direct Instruction,"Yes — **especially in the endgame, don’t automatically choose the move that flips the most discs right now.**

A big immediate gain can be bad if it:

- gives White a **corner**
- gives White a **stable edge**
- leaves White with an easy final sequence
- reduces your own future mobility

Better question than “How many do I flip now?” is:

**“After I move, what does White get?”**

In this finished game, White won **42–22**, largely because White got more permanent/stable discs from corners and edges. So next time, if a move flips many discs but lets White take a corner, it’s usually not worth it.",False
p528,3,Prompt,"Yes — **especially in the endgame, don’t automatically choose the move that flips the most discs right now.**

A big immediate gain can be bad if it:

- gives White a **corner**
- gives White a **stable edge**
- leaves White with an easy final sequence
- reduces your own future mobility

Better question than “How many do I flip now?” is:

**“After I move, what does White get?”**

In this finished game, White won **42–22**, largely because White got more permanent/stable discs from corners and edges. So next time, if a move flips many discs but lets White take a corner, it’s usually not worth it.",False
p528,4,Direct Instruction,"This position is already finished: **0 empty squares**, so Black has no move.

Final count:

- **Black: 22**
- **White: 42**

White wins by **20**.

Good takeaway for next time: before choosing a big-flip move, ask: **“What does this let White take next — especially corners or stable edges?”**",False
p632,0,Direct Instruction,"Good instinct: **a corner like a1 would be permanent and safe** — *if it were legal*.

But in this position **a1 is not marked with a legal-move dot**, so Black can’t play there. Legal choices are: **g2, b6, a7, b7, b8, c8**.

Quick thought: several of those are near empty corners, so ask: **which move avoids handing White a corner next turn?**",False
p632,0,Hint,"Good instinct: **a corner like a1 would be permanent and safe** — *if it were legal*.

But in this position **a1 is not marked with a legal-move dot**, so Black can’t play there. Legal choices are: **g2, b6, a7, b7, b8, c8**.

Quick thought: several of those are near empty corners, so ask: **which move avoids handing White a corner next turn?**",False
p632,0,Prompt,"Good instinct: **a corner like a1 would be permanent and safe** — *if it were legal*.

But in this position **a1 is not marked with a legal-move dot**, so Black can’t play there. Legal choices are: **g2, b6, a7, b7, b8, c8**.

Quick thought: several of those are near empty corners, so ask: **which move avoids handing White a corner next turn?**",False
p632,0,Positive Feedback,"Good instinct: **a corner like a1 would be permanent and safe** — *if it were legal*.

But in this position **a1 is not marked with a legal-move dot**, so Black can’t play there. Legal choices are: **g2, b6, a7, b7, b8, c8**.

Quick thought: several of those are near empty corners, so ask: **which move avoids handing White a corner next turn?**",False
p632,1,Direct Instruction,"**C8 is legal**, and it does take some bottom-edge control.

But be careful: it still leaves the **bottom-left corner area (a8/b8/a7)** unresolved. In the endgame, the key question is: after **c8**, does White get a reply that helps them win or take a corner later?

I’d compare it with moves that **reduce White’s replies**, especially around **b7/b8/a7**.",False
p632,1,Hint,"**C8 is legal**, and it does take some bottom-edge control.

But be careful: it still leaves the **bottom-left corner area (a8/b8/a7)** unresolved. In the endgame, the key question is: after **c8**, does White get a reply that helps them win or take a corner later?

I’d compare it with moves that **reduce White’s replies**, especially around **b7/b8/a7**.",False
p632,1,Prompt,"**C8 is legal**, and it does take some bottom-edge control.

But be careful: it still leaves the **bottom-left corner area (a8/b8/a7)** unresolved. In the endgame, the key question is: after **c8**, does White get a reply that helps them win or take a corner later?

I’d compare it with moves that **reduce White’s replies**, especially around **b7/b8/a7**.",False
p632,2,Direct Instruction,"Yes — **a7 is legal**.

Reason: when you place Black at **a7**, it brackets the White disc on **a6** between:

- your new Black disc at **a7**
- your existing Black disc at **a5**

So **a6 flips to black**.  
Just remember: **a7 is next to the empty corner a8**, so think about whether White could benefit from that afterward.",False
p632,2,Hint,"Yes — **a7 is legal**.

Reason: when you place Black at **a7**, it brackets the White disc on **a6** between:

- your new Black disc at **a7**
- your existing Black disc at **a5**

So **a6 flips to black**.  
Just remember: **a7 is next to the empty corner a8**, so think about whether White could benefit from that afterward.",False
p632,2,Positive Feedback,"Yes — **a7 is legal**.

Reason: when you place Black at **a7**, it brackets the White disc on **a6** between:

- your new Black disc at **a7**
- your existing Black disc at **a5**

So **a6 flips to black**.  
Just remember: **a7 is next to the empty corner a8**, so think about whether White could benefit from that afterward.",False
p632,3,Direct Instruction,"Endgame shortcut: don’t ask “what flips most?” — ask **“what does White get next?”**

Here the danger corners are **a8** and **h1**. So check each legal move:

- **g2** is next to **h1** → could help White get that corner.
- **a7 / b8** are next to **a8** → risky if they open the corner.
- Compare the lower-left moves by asking: **after my move, can White play a8, or do they run out of good replies?**

Try analyzing one candidate that *doesn’t immediately sit beside the corner* and see what White’s legal replies would be.",False
p632,3,Hint,"Endgame shortcut: don’t ask “what flips most?” — ask **“what does White get next?”**

Here the danger corners are **a8** and **h1**. So check each legal move:

- **g2** is next to **h1** → could help White get that corner.
- **a7 / b8** are next to **a8** → risky if they open the corner.
- Compare the lower-left moves by asking: **after my move, can White play a8, or do they run out of good replies?**

Try analyzing one candidate that *doesn’t immediately sit beside the corner* and see what White’s legal replies would be.",False
p632,3,Prompt,"Endgame shortcut: don’t ask “what flips most?” — ask **“what does White get next?”**

Here the danger corners are **a8** and **h1**. So check each legal move:

- **g2** is next to **h1** → could help White get that corner.
- **a7 / b8** are next to **a8** → risky if they open the corner.
- Compare the lower-left moves by asking: **after my move, can White play a8, or do they run out of good replies?**

Try analyzing one candidate that *doesn’t immediately sit beside the corner* and see what White’s legal replies would be.",False
p632,3,Pose Simplified Problem,"Endgame shortcut: don’t ask “what flips most?” — ask **“what does White get next?”**

Here the danger corners are **a8** and **h1**. So check each legal move:

- **g2** is next to **h1** → could help White get that corner.
- **a7 / b8** are next to **a8** → risky if they open the corner.
- Compare the lower-left moves by asking: **after my move, can White play a8, or do they run out of good replies?**

Try analyzing one candidate that *doesn’t immediately sit beside the corner* and see what White’s legal replies would be.",False
p632,4,Direct Instruction,"Corners are desirable because **a disc in a corner can never be flipped**: there’s no square beyond it to bracket it.

That often makes the corner the “anchor” for a stable edge. For example, if Black gets **a8**, then discs along the **a-file or 8th row** can become much harder for White to flip. That’s why squares next to empty corners — like **a7, b8, b7** near **a8** — need extra care: they can sometimes help the opponent take the corner.",False
p632,5,Hint,"**b6 is legal.** Before you click it, do one last endgame check: after **b6**, what legal move does White get near the **a8 corner**?

I’d especially compare it with **b7**, because that move may change White’s access to the lower-left corner area. The key is: **which move leaves White with the fewest useful replies?**",False
p632,5,Prompt,"**b6 is legal.** Before you click it, do one last endgame check: after **b6**, what legal move does White get near the **a8 corner**?

I’d especially compare it with **b7**, because that move may change White’s access to the lower-left corner area. The key is: **which move leaves White with the fewest useful replies?**",False
p632,5,Pose Simplified Problem,"**b6 is legal.** Before you click it, do one last endgame check: after **b6**, what legal move does White get near the **a8 corner**?

I’d especially compare it with **b7**, because that move may change White’s access to the lower-left corner area. The key is: **which move leaves White with the fewest useful replies?**",False
p99,0,Direct Instruction,"d8 isn’t a legal move here — it’s already occupied by White, and there’s no pale dot there.

Your legal choices are: **g2, b6, a7, b7, b8, c8**.  
For these, focus on: does the move give White access to a corner like **a8** or **a1/h1**, or does it limit White’s next legal moves?",False
p99,0,Hint,"d8 isn’t a legal move here — it’s already occupied by White, and there’s no pale dot there.

Your legal choices are: **g2, b6, a7, b7, b8, c8**.  
For these, focus on: does the move give White access to a corner like **a8** or **a1/h1**, or does it limit White’s next legal moves?",False
p99,0,Negative Feedback,"d8 isn’t a legal move here — it’s already occupied by White, and there’s no pale dot there.

Your legal choices are: **g2, b6, a7, b7, b8, c8**.  
For these, focus on: does the move give White access to a corner like **a8** or **a1/h1**, or does it limit White’s next legal moves?",False
p99,1,Provide Correct Answer,"No — **c8 is legal, but it’s not the best**.

The better move is **b7**.  
Why: **c8 flips a lot now**, but it can give White stronger endgame options around the **a8 corner/bottom edge**. **b7** is more controlled: it limits White’s replies and keeps the corner situation safer.",False
p99,1,Direct Instruction,"No — **c8 is legal, but it’s not the best**.

The better move is **b7**.  
Why: **c8 flips a lot now**, but it can give White stronger endgame options around the **a8 corner/bottom edge**. **b7** is more controlled: it limits White’s replies and keeps the corner situation safer.",False
p99,1,Negative Feedback,"No — **c8 is legal, but it’s not the best**.

The better move is **b7**.  
Why: **c8 flips a lot now**, but it can give White stronger endgame options around the **a8 corner/bottom edge**. **b7** is more controlled: it limits White’s replies and keeps the corner situation safer.",False
p99,2,Direct Instruction,"I’d be cautious about **g2**: it sits next to the empty **h1 corner**, and after you play g2, White can likely take **h1** — a permanent corner.

Look hard at **c8** instead: in this endgame, keeping White away from corners matters more than flipping lots immediately.",False
p99,2,Hint,"I’d be cautious about **g2**: it sits next to the empty **h1 corner**, and after you play g2, White can likely take **h1** — a permanent corner.

Look hard at **c8** instead: in this endgame, keeping White away from corners matters more than flipping lots immediately.",False
p99,2,Negative Feedback,"I’d be cautious about **g2**: it sits next to the empty **h1 corner**, and after you play g2, White can likely take **h1** — a permanent corner.

Look hard at **c8** instead: in this endgame, keeping White away from corners matters more than flipping lots immediately.",False
p99,3,Direct Instruction,"Yes — **White has the a8 corner now**, and corners are permanent: you can’t flip that disc back.

Now focus on the remaining 6 empties. Your legal moves are **g2, b6, a7**. Ask:  
- Does **g2** give White access to the **h1 corner**?  
- Which of **b6/a7** leaves White with the fewest good replies?",False
p99,3,Prompt,"Yes — **White has the a8 corner now**, and corners are permanent: you can’t flip that disc back.

Now focus on the remaining 6 empties. Your legal moves are **g2, b6, a7**. Ask:  
- Does **g2** give White access to the **h1 corner**?  
- Which of **b6/a7** leaves White with the fewest good replies?",False
p99,3,Pose Simplified Problem,"Yes — **White has the a8 corner now**, and corners are permanent: you can’t flip that disc back.

Now focus on the remaining 6 empties. Your legal moves are **g2, b6, a7**. Ask:  
- Does **g2** give White access to the **h1 corner**?  
- Which of **b6/a7** leaves White with the fewest good replies?",False
p99,3,Positive Feedback,"Yes — **White has the a8 corner now**, and corners are permanent: you can’t flip that disc back.

Now focus on the remaining 6 empties. Your legal moves are **g2, b6, a7**. Ask:  
- Does **g2** give White access to the **h1 corner**?  
- Which of **b6/a7** leaves White with the fewest good replies?",False
p99,4,Provide Correct Answer,"I’d play **a7**.

Why: **g2** risks giving White access to the **h1 corner**, and **b6** doesn’t address the bottom-left edge as well. **a7** is the safest endgame move here: it plays on the edge and keeps Black’s best final result.",False
p99,4,Direct Instruction,"I’d play **a7**.

Why: **g2** risks giving White access to the **h1 corner**, and **b6** doesn’t address the bottom-left edge as well. **a7** is the safest endgame move here: it plays on the edge and keeps Black’s best final result.",False
p99,5,Provide Correct Answer,"Best is **a3**.

Evaluation of your legal moves:

- **a3 — best.** It flips along **b3** and diagonal **b4-c5-d6**, and importantly leaves **White with no legal move**, so White must pass. Then you can take control of the last moves.
- **a1 — playable but worse.** It lets White answer **a3**, flipping much of the left edge back.
- **g2 — bad.** It opens tactics around **h1**, and White can use the remaining moves to swing discs back.

So play **a3**.",False
p99,5,Direct Instruction,"Best is **a3**.

Evaluation of your legal moves:

- **a3 — best.** It flips along **b3** and diagonal **b4-c5-d6**, and importantly leaves **White with no legal move**, so White must pass. Then you can take control of the last moves.
- **a1 — playable but worse.** It lets White answer **a3**, flipping much of the left edge back.
- **g2 — bad.** It opens tactics around **h1**, and White can use the remaining moves to swing discs back.

So play **a3**.",False
p688,0,Provide Correct Answer,"Play **b7**.

It looks a bit risky because it’s near the **a8 corner**, but in this endgame it’s the move that keeps Black’s best result. It flips across row 7 and gives you the strongest finish compared with the other legal moves.",False
p688,0,Direct Instruction,"Play **b7**.

It looks a bit risky because it’s near the **a8 corner**, but in this endgame it’s the move that keeps Black’s best result. It flips across row 7 and gives you the strongest finish compared with the other legal moves.",False
p688,1,Provide Correct Answer,"**No — g2 is probably the “flip the most now” trap.** It flips a lot immediately, but that usually gives White better endgame replies.

For the best final outcome, play **c8**.  
It flips fewer discs now, but it controls the edge/endgame better and should leave Black with the strongest finish.",False
p688,1,Direct Instruction,"**No — g2 is probably the “flip the most now” trap.** It flips a lot immediately, but that usually gives White better endgame replies.

For the best final outcome, play **c8**.  
It flips fewer discs now, but it controls the edge/endgame better and should leave Black with the strongest finish.",False
p688,1,Negative Feedback,"**No — g2 is probably the “flip the most now” trap.** It flips a lot immediately, but that usually gives White better endgame replies.

For the best final outcome, play **c8**.  
It flips fewer discs now, but it controls the edge/endgame better and should leave Black with the strongest finish.",False
p688,2,Provide Correct Answer,"**No — g2 is not the best now.** Even if it flips more immediately, it leaves White better replies in the final few moves.

Play **a7**.  
It’s the best endgame move here because it works along the edge and helps limit White’s final gain, rather than just chasing the biggest flip right now.",False
p688,2,Direct Instruction,"**No — g2 is not the best now.** Even if it flips more immediately, it leaves White better replies in the final few moves.

Play **a7**.  
It’s the best endgame move here because it works along the edge and helps limit White’s final gain, rather than just chasing the biggest flip right now.",False
p688,2,Negative Feedback,"**No — g2 is not the best now.** Even if it flips more immediately, it leaves White better replies in the final few moves.

Play **a7**.  
It’s the best endgame move here because it works along the edge and helps limit White’s final gain, rather than just chasing the biggest flip right now.",False
p688,3,Provide Correct Answer,"Usually **corner > edge**, because corners can’t be flipped back.

But **right now the best move is the edge square: _a3_**. In this 4-empty endgame, the final count matters more than the general rule; **a1** is a corner, but it doesn’t give Black the best finish here. Avoid **g2**.",False
p688,3,Direct Instruction,"Usually **corner > edge**, because corners can’t be flipped back.

But **right now the best move is the edge square: _a3_**. In this 4-empty endgame, the final count matters more than the general rule; **a1** is a corner, but it doesn’t give Black the best finish here. Avoid **g2**.",False
p688,4,Provide Correct Answer,"Yes — **take the corner: a1**.

Even if **g2** flips more right now, **a1 can never be flipped back**, and in this final position it gives Black the best end result. This is exactly when the corner matters more than the biggest immediate flip.",False
p688,4,Direct Instruction,"Yes — **take the corner: a1**.

Even if **g2** flips more right now, **a1 can never be flipped back**, and in this final position it gives Black the best end result. This is exactly when the corner matters more than the biggest immediate flip.",False
p688,5,Provide Correct Answer,"Yes — **corner again: play h1**.

Here it’s even stronger: **h1 flips the whole top row from b1–g1**, and because corners can’t be flipped back, it locks those discs. If you play **g2** first, White can take **h1** after.",False
p688,5,Direct Instruction,"Yes — **corner again: play h1**.

Here it’s even stronger: **h1 flips the whole top row from b1–g1**, and because corners can’t be flipped back, it locks those discs. If you play **g2** first, White can take **h1** after.",False
p813,0,Direct Instruction,"I’d be cautious: **g2 is probably not best**.

Why: **g2 sits next to the empty corner h1**. If you play there, ask: *does White get a move to h1 afterward?* Corners are permanent, so giving White h1 can outweigh the discs you flip now.

Quick check: compare g2 with the lower-left legal moves and ask which one leaves White with the fewest good replies/corners.",False
p813,0,Prompt,"I’d be cautious: **g2 is probably not best**.

Why: **g2 sits next to the empty corner h1**. If you play there, ask: *does White get a move to h1 afterward?* Corners are permanent, so giving White h1 can outweigh the discs you flip now.

Quick check: compare g2 with the lower-left legal moves and ask which one leaves White with the fewest good replies/corners.",False
p813,0,Pose Simplified Problem,"I’d be cautious: **g2 is probably not best**.

Why: **g2 sits next to the empty corner h1**. If you play there, ask: *does White get a move to h1 afterward?* Corners are permanent, so giving White h1 can outweigh the discs you flip now.

Quick check: compare g2 with the lower-left legal moves and ask which one leaves White with the fewest good replies/corners.",False
p813,0,Neutral Feedback,"I’d be cautious: **g2 is probably not best**.

Why: **g2 sits next to the empty corner h1**. If you play there, ask: *does White get a move to h1 afterward?* Corners are permanent, so giving White h1 can outweigh the discs you flip now.

Quick check: compare g2 with the lower-left legal moves and ask which one leaves White with the fewest good replies/corners.",False
p813,1,Direct Instruction,"**b6 is legal, but I’d hesitate.** It’s not the move I’d focus on first because the lower-left corner area (**a8**) is still unresolved.

Compare it with **b7**: after each move, ask *what can White play next, and do they get access to a corner or a pass?* Here, **b7 looks safer/stronger than b6** for controlling that bottom-left edge.",False
p813,1,Hint,"**b6 is legal, but I’d hesitate.** It’s not the move I’d focus on first because the lower-left corner area (**a8**) is still unresolved.

Compare it with **b7**: after each move, ask *what can White play next, and do they get access to a corner or a pass?* Here, **b7 looks safer/stronger than b6** for controlling that bottom-left edge.",False
p813,1,Prompt,"**b6 is legal, but I’d hesitate.** It’s not the move I’d focus on first because the lower-left corner area (**a8**) is still unresolved.

Compare it with **b7**: after each move, ask *what can White play next, and do they get access to a corner or a pass?* Here, **b7 looks safer/stronger than b6** for controlling that bottom-left edge.",False
p813,1,Neutral Feedback,"**b6 is legal, but I’d hesitate.** It’s not the move I’d focus on first because the lower-left corner area (**a8**) is still unresolved.

Compare it with **b7**: after each move, ask *what can White play next, and do they get access to a corner or a pass?* Here, **b7 looks safer/stronger than b6** for controlling that bottom-left edge.",False
p813,2,Direct Instruction,"It’s **not ideal**, but it’s still very playable.

Now the key is **not** “flip the most.” Check the legal moves for what they leave White:

- **g2**: still risks the **h1 corner** area.
- **a7 / b6**: affect the bottom-left corner access.
- Look closely at which move leaves White with the fewest good replies and doesn’t hand over a corner.

If you want, ask “what’s the move?” and I’ll give it directly.",False
p813,2,Hint,"It’s **not ideal**, but it’s still very playable.

Now the key is **not** “flip the most.” Check the legal moves for what they leave White:

- **g2**: still risks the **h1 corner** area.
- **a7 / b6**: affect the bottom-left corner access.
- Look closely at which move leaves White with the fewest good replies and doesn’t hand over a corner.

If you want, ask “what’s the move?” and I’ll give it directly.",False
p813,2,Prompt,"It’s **not ideal**, but it’s still very playable.

Now the key is **not** “flip the most.” Check the legal moves for what they leave White:

- **g2**: still risks the **h1 corner** area.
- **a7 / b6**: affect the bottom-left corner access.
- Look closely at which move leaves White with the fewest good replies and doesn’t hand over a corner.

If you want, ask “what’s the move?” and I’ll give it directly.",False
p813,2,Pose Simplified Problem,"It’s **not ideal**, but it’s still very playable.

Now the key is **not** “flip the most.” Check the legal moves for what they leave White:

- **g2**: still risks the **h1 corner** area.
- **a7 / b6**: affect the bottom-left corner access.
- Look closely at which move leaves White with the fewest good replies and doesn’t hand over a corner.

If you want, ask “what’s the move?” and I’ll give it directly.",False
p813,2,Neutral Feedback,"It’s **not ideal**, but it’s still very playable.

Now the key is **not** “flip the most.” Check the legal moves for what they leave White:

- **g2**: still risks the **h1 corner** area.
- **a7 / b6**: affect the bottom-left corner access.
- Look closely at which move leaves White with the fewest good replies and doesn’t hand over a corner.

If you want, ask “what’s the move?” and I’ll give it directly.",False
p813,3,Direct Instruction,"Good — this is the right moment to **count replies, not flips**.

Before choosing, ask for each legal move:

- **g2**: does this give White access to the **h1 corner** soon?
- **a7 / b6**: do these help White get the **a8 corner**?
- **c8**: after this edge move, what legal moves does White actually have?

Try mentally playing each and checking: *which move leaves White with the fewest strong replies/corners?*",False
p813,3,Prompt,"Good — this is the right moment to **count replies, not flips**.

Before choosing, ask for each legal move:

- **g2**: does this give White access to the **h1 corner** soon?
- **a7 / b6**: do these help White get the **a8 corner**?
- **c8**: after this edge move, what legal moves does White actually have?

Try mentally playing each and checking: *which move leaves White with the fewest strong replies/corners?*",False
p813,3,Pose Simplified Problem,"Good — this is the right moment to **count replies, not flips**.

Before choosing, ask for each legal move:

- **g2**: does this give White access to the **h1 corner** soon?
- **a7 / b6**: do these help White get the **a8 corner**?
- **c8**: after this edge move, what legal moves does White actually have?

Try mentally playing each and checking: *which move leaves White with the fewest strong replies/corners?*",False
p813,3,Positive Feedback,"Good — this is the right moment to **count replies, not flips**.

Before choosing, ask for each legal move:

- **g2**: does this give White access to the **h1 corner** soon?
- **a7 / b6**: do these help White get the **a8 corner**?
- **c8**: after this edge move, what legal moves does White actually have?

Try mentally playing each and checking: *which move leaves White with the fewest strong replies/corners?*",False
p813,4,Direct Instruction,"You’re right — **White already owns a8**, so I shouldn’t frame it as “access to a8.”

Now the question is more: **which legal move gives White the worst follow-up?**  
In particular, be wary of **g2**, because the top-right corner **h1** is still empty and corners decide endgames. For the bottom edge moves, compare how **b6 / a7 / c8** affect White’s mobility and the remaining empties near **b8**.",False
p813,4,Hint,"You’re right — **White already owns a8**, so I shouldn’t frame it as “access to a8.”

Now the question is more: **which legal move gives White the worst follow-up?**  
In particular, be wary of **g2**, because the top-right corner **h1** is still empty and corners decide endgames. For the bottom edge moves, compare how **b6 / a7 / c8** affect White’s mobility and the remaining empties near **b8**.",False
p813,4,Pose Simplified Problem,"You’re right — **White already owns a8**, so I shouldn’t frame it as “access to a8.”

Now the question is more: **which legal move gives White the worst follow-up?**  
In particular, be wary of **g2**, because the top-right corner **h1** is still empty and corners decide endgames. For the bottom edge moves, compare how **b6 / a7 / c8** affect White’s mobility and the remaining empties near **b8**.",False
p813,4,Positive Feedback,"You’re right — **White already owns a8**, so I shouldn’t frame it as “access to a8.”

Now the question is more: **which legal move gives White the worst follow-up?**  
In particular, be wary of **g2**, because the top-right corner **h1** is still empty and corners decide endgames. For the bottom edge moves, compare how **b6 / a7 / c8** affect White’s mobility and the remaining empties near **b8**.",False
p813,5,Prompt,"Contrary is fine 😄 — just make it *calculated*.

For the three legal moves **b6, a7, c8**, don’t count flips first. Ask:

1. After my move, **how many legal replies does White have?**
2. Does White get to play into the remaining bottom-edge empties, or do I?
3. Could I force White into a **pass**?

Try “playing out” each one for just White’s next reply.",False
p813,5,Neutral Feedback,"Contrary is fine 😄 — just make it *calculated*.

For the three legal moves **b6, a7, c8**, don’t count flips first. Ask:

1. After my move, **how many legal replies does White have?**
2. Does White get to play into the remaining bottom-edge empties, or do I?
3. Could I force White into a **pass**?

Try “playing out” each one for just White’s next reply.",False
p813,6,Direct Instruction,"Yes — **a7 is a logical candidate**.

Reason: it plays on the edge and flips **a6, b7, c7**, while keeping the remaining choices tighter. Before committing, compare with **b6** by asking: *after each move, does White get more mobility or a cleaner reply?* Here **a7 looks like the more controlled endgame move**.",False
p813,6,Prompt,"Yes — **a7 is a logical candidate**.

Reason: it plays on the edge and flips **a6, b7, c7**, while keeping the remaining choices tighter. Before committing, compare with **b6** by asking: *after each move, does White get more mobility or a cleaner reply?* Here **a7 looks like the more controlled endgame move**.",False
p813,6,Positive Feedback,"Yes — **a7 is a logical candidate**.

Reason: it plays on the edge and flips **a6, b7, c7**, while keeping the remaining choices tighter. Before committing, compare with **b6** by asking: *after each move, does White get more mobility or a cleaner reply?* Here **a7 looks like the more controlled endgame move**.",False
p813,7,Direct Instruction,"**a1 itself was probably not a bad move** — corners are permanent, so taking a corner is usually good.

But it **didn’t solve the bigger endgame problem**: White ended with a huge stable block and won **41–23**. So if a1 was “bad,” it would only be because **another legal move at that moment forced a better final count** — for example by limiting White’s replies or making White pass.

Key lesson: in the final moves, even a corner can be less important than **mobility + final disc count**. But as a general rule, **choosing a1 was not the obvious mistake**.",False
p813,7,Neutral Feedback,"**a1 itself was probably not a bad move** — corners are permanent, so taking a corner is usually good.

But it **didn’t solve the bigger endgame problem**: White ended with a huge stable block and won **41–23**. So if a1 was “bad,” it would only be because **another legal move at that moment forced a better final count** — for example by limiting White’s replies or making White pass.

Key lesson: in the final moves, even a corner can be less important than **mobility + final disc count**. But as a general rule, **choosing a1 was not the obvious mistake**.",False
p268,0,Provide Correct Answer,"No — if you want the direct answer, **b7** is best here.

Even though **b7** is normally a scary “next to the corner” square, in this endgame it works because it **severely limits White’s replies** and sets up the bottom-left sequence better. **c8** is legal, but it gives White more room to maneuver.",False
p268,0,Direct Instruction,"No — if you want the direct answer, **b7** is best here.

Even though **b7** is normally a scary “next to the corner” square, in this endgame it works because it **severely limits White’s replies** and sets up the bottom-left sequence better. **c8** is legal, but it gives White more room to maneuver.",False
p268,0,Negative Feedback,"No — if you want the direct answer, **b7** is best here.

Even though **b7** is normally a scary “next to the corner” square, in this endgame it works because it **severely limits White’s replies** and sets up the bottom-left sequence better. **c8** is legal, but it gives White more room to maneuver.",False
p268,1,Provide Correct Answer,"No. The move that keeps Black’s best result here is **c8**.

Key idea: **c8** plays on the bottom edge without giving White an easy corner swing, while **b6** leaves White more useful replies around the lower-left corner area.",False
p268,1,Direct Instruction,"No. The move that keeps Black’s best result here is **c8**.

Key idea: **c8** plays on the bottom edge without giving White an easy corner swing, while **b6** leaves White more useful replies around the lower-left corner area.",False
p268,1,Negative Feedback,"No. The move that keeps Black’s best result here is **c8**.

Key idea: **c8** plays on the bottom edge without giving White an easy corner swing, while **b6** leaves White more useful replies around the lower-left corner area.",False
p268,2,Provide Correct Answer,"If you mean **Black’s move right now**, then **no — b6 is not best**. The move that keeps Black’s best result is **a7**.

Reason: **a7** plays on the left edge next to White’s already-owned corner at **a8**, so it doesn’t hand over a new corner, and it limits White’s endgame options better than **b6**.",False
p268,2,Direct Instruction,"If you mean **Black’s move right now**, then **no — b6 is not best**. The move that keeps Black’s best result is **a7**.

Reason: **a7** plays on the left edge next to White’s already-owned corner at **a8**, so it doesn’t hand over a new corner, and it limits White’s endgame options better than **b6**.",False
p268,2,Negative Feedback,"If you mean **Black’s move right now**, then **no — b6 is not best**. The move that keeps Black’s best result is **a7**.

Reason: **a7** plays on the left edge next to White’s already-owned corner at **a8**, so it doesn’t hand over a new corner, and it limits White’s endgame options better than **b6**.",False
p477,0,Direct Instruction,"I’d be cautious with **g2**.

It flips a few discs, but it **doesn’t deal with White’s access to the a1 corner**: after g2, White appears able to play **a1**, which is a permanent corner and likely a big endgame swing.

So ask: “Does my move stop White’s corner threat or improve my final count?” For **g2**, probably not.",False
p477,0,Prompt,"I’d be cautious with **g2**.

It flips a few discs, but it **doesn’t deal with White’s access to the a1 corner**: after g2, White appears able to play **a1**, which is a permanent corner and likely a big endgame swing.

So ask: “Does my move stop White’s corner threat or improve my final count?” For **g2**, probably not.",False
p477,0,Neutral Feedback,"I’d be cautious with **g2**.

It flips a few discs, but it **doesn’t deal with White’s access to the a1 corner**: after g2, White appears able to play **a1**, which is a permanent corner and likely a big endgame swing.

So ask: “Does my move stop White’s corner threat or improve my final count?” For **g2**, probably not.",False
p477,1,Hint,"Good — from this position, the key thing to watch is the **empty a1 corner** and the squares near it.

Try comparing your legal moves by asking:
- Does this move let White take **a1** next?
- Does it reduce White’s legal replies?
- What corners/edges become stable at the end?

Moves on the left/bottom edge may be more relevant than just flipping many discs now.",False
p477,1,Prompt,"Good — from this position, the key thing to watch is the **empty a1 corner** and the squares near it.

Try comparing your legal moves by asking:
- Does this move let White take **a1** next?
- Does it reduce White’s legal replies?
- What corners/edges become stable at the end?

Moves on the left/bottom edge may be more relevant than just flipping many discs now.",False
p477,1,Positive Feedback,"Good — from this position, the key thing to watch is the **empty a1 corner** and the squares near it.

Try comparing your legal moves by asking:
- Does this move let White take **a1** next?
- Does it reduce White’s legal replies?
- What corners/edges become stable at the end?

Moves on the left/bottom edge may be more relevant than just flipping many discs now.",False
p477,2,Direct Instruction,"No — and **Black can’t play a1 right now** because there’s **no pale dot on a1**.

In Othello, a move only flips white discs in a **straight line** if they are trapped between the new black disc and another black disc. It never flips “all” white discs.",False
p477,2,Negative Feedback,"No — and **Black can’t play a1 right now** because there’s **no pale dot on a1**.

In Othello, a move only flips white discs in a **straight line** if they are trapped between the new black disc and another black disc. It never flips “all” white discs.",False
p477,3,Provide Correct Answer,"Yes. **Black may only play on the pale dots** — those are the legal moves.

A legal move must **trap at least one white disc in a straight line** between the new black disc and an existing black disc, then those trapped white discs flip to black. Here your legal choices are: **g2, b6, a7, b7, b8, c8**.",False
p477,3,Direct Instruction,"Yes. **Black may only play on the pale dots** — those are the legal moves.

A legal move must **trap at least one white disc in a straight line** between the new black disc and an existing black disc, then those trapped white discs flip to black. Here your legal choices are: **g2, b6, a7, b7, b8, c8**.",False
p477,3,Positive Feedback,"Yes. **Black may only play on the pale dots** — those are the legal moves.

A legal move must **trap at least one white disc in a straight line** between the new black disc and an existing black disc, then those trapped white discs flip to black. Here your legal choices are: **g2, b6, a7, b7, b8, c8**.",False
p477,4,Provide Correct Answer,"I’d play **b7**.

Why: it’s the endgame move that best preserves Black’s result. It also keeps pressure on the bottom-left area without immediately handing White an easy corner sequence. Avoid choosing just by “most flips now” — here the final count matters more.",False
p477,4,Direct Instruction,"I’d play **b7**.

Why: it’s the endgame move that best preserves Black’s result. It also keeps pressure on the bottom-left area without immediately handing White an easy corner sequence. Avoid choosing just by “most flips now” — here the final count matters more.",False
p258,0,Provide Correct Answer,"Play **b7**.

It’s a quiet edge move that avoids handing White an easy corner right away, and it keeps Black’s endgame chances best.",False
p258,0,Direct Instruction,"Play **b7**.

It’s a quiet edge move that avoids handing White an easy corner right away, and it keeps Black’s endgame chances best.",False
p258,1,Provide Correct Answer,"Play **c8**.

It’s the best endgame move here: it keeps pressure on the bottom edge without giving White an immediate easy corner swing.",False
p258,1,Direct Instruction,"Play **c8**.

It’s the best endgame move here: it keeps pressure on the bottom edge without giving White an immediate easy corner swing.",False
p258,2,Provide Correct Answer,"Play **a7**.

It’s the best of the legal moves here because it limits White’s follow-up mobility better than **g2** or **b6** in this tight endgame.",False
p258,2,Direct Instruction,"Play **a7**.

It’s the best of the legal moves here because it limits White’s follow-up mobility better than **g2** or **b6** in this tight endgame.",False
p258,3,Provide Correct Answer,"Play **a3**.

Even though **a1** is a corner, taking it now gives White better endgame access; **a3** controls the left edge situation and keeps Black’s best final result.",False
p258,3,Direct Instruction,"Play **a3**.

Even though **a1** is a corner, taking it now gives White better endgame access; **a3** controls the left edge situation and keeps Black’s best final result.",False
p258,4,Provide Correct Answer,"Play **a1**.

It’s the corner, so it’s permanent and can’t be flipped back; with only 3 empties left, that stability matters more than a bigger-looking flip at **g2**.",False
p258,4,Direct Instruction,"Play **a1**.

It’s the corner, so it’s permanent and can’t be flipped back; with only 3 empties left, that stability matters more than a bigger-looking flip at **g2**.",False
p791,0,Provide Correct Answer,"I’d recommend **b7** over **c8**.

Why: **b7** takes a big edge line across row 7 *and* seems to keep White’s replies more constrained. **c8** grabs the bottom edge, but it’s closer to the empty corner area at **a8/b8** and may give White better endgame access.

So if you want my pick: **play b7**.",False
p791,0,Direct Instruction,"I’d recommend **b7** over **c8**.

Why: **b7** takes a big edge line across row 7 *and* seems to keep White’s replies more constrained. **c8** grabs the bottom edge, but it’s closer to the empty corner area at **a8/b8** and may give White better endgame access.

So if you want my pick: **play b7**.",False
p791,1,Provide Correct Answer,"Your **c8 → White b8 → Black a8** idea is reasonable *if White cooperates*.

But in this position I’d still choose **b7**: it strongly controls row 7 and gives White fewer comfortable ways to manage the remaining corner area. Even though **b7** is next to the empty **a8** corner diagonally, here the endgame count/mobility makes it the stronger move.",False
p791,1,Direct Instruction,"Your **c8 → White b8 → Black a8** idea is reasonable *if White cooperates*.

But in this position I’d still choose **b7**: it strongly controls row 7 and gives White fewer comfortable ways to manage the remaining corner area. Even though **b7** is next to the empty **a8** corner diagonally, here the endgame count/mobility makes it the stronger move.",False
p791,1,Paraphrase,"Your **c8 → White b8 → Black a8** idea is reasonable *if White cooperates*.

But in this position I’d still choose **b7**: it strongly controls row 7 and gives White fewer comfortable ways to manage the remaining corner area. Even though **b7** is next to the empty **a8** corner diagonally, here the endgame count/mobility makes it the stronger move.",False
p791,1,Neutral Feedback,"Your **c8 → White b8 → Black a8** idea is reasonable *if White cooperates*.

But in this position I’d still choose **b7**: it strongly controls row 7 and gives White fewer comfortable ways to manage the remaining corner area. Even though **b7** is next to the empty **a8** corner diagonally, here the endgame count/mobility makes it the stronger move.",False
p791,2,Provide Correct Answer,"Now I’d play **c8**.

It’s a “quiet” endgame move: it doesn’t flip many, but it strengthens the bottom edge by flipping **d8** and avoids the risky **g2** X-square next to the empty **h1** corner. In this stage, that’s more important than immediate flips.",False
p791,2,Direct Instruction,"Now I’d play **c8**.

It’s a “quiet” endgame move: it doesn’t flip many, but it strengthens the bottom edge by flipping **d8** and avoids the risky **g2** X-square next to the empty **h1** corner. In this stage, that’s more important than immediate flips.",False
p791,3,Provide Correct Answer,"Play **a7**.

It’s the safest endgame move here: it takes an edge square and **doesn’t give White easy access to the empty corner at h1**. I’d avoid **g2** because it’s the diagonal “X-square” next to **h1**, which can help White take that corner.",False
p791,3,Direct Instruction,"Play **a7**.

It’s the safest endgame move here: it takes an edge square and **doesn’t give White easy access to the empty corner at h1**. I’d avoid **g2** because it’s the diagonal “X-square” next to **h1**, which can help White take that corner.",False
p791,4,Provide Correct Answer,"Play **a3**.

It’s the best practical endgame move here: it flips along the diagonal toward **e7** and, importantly, doesn’t jump into the risky **g2** square next to the empty **h1** corner. If White has no legal move after it, they must **pass**, and you move again.",False
p791,4,Direct Instruction,"Play **a3**.

It’s the best practical endgame move here: it flips along the diagonal toward **e7** and, importantly, doesn’t jump into the risky **g2** square next to the empty **h1** corner. If White has no legal move after it, they must **pass**, and you move again.",False
p791,5,Provide Correct Answer,"Play **a1**.

It’s a **corner**, so it can never be flipped back. I’d avoid **g2** because it’s right next to the empty **h1** corner and may let White take that corner afterward.",False
p791,5,Direct Instruction,"Play **a1**.

It’s a **corner**, so it can never be flipped back. I’d avoid **g2** because it’s right next to the empty **h1** corner and may let White take that corner afterward.",False
p791,5,Hint,"Play **a1**.

It’s a **corner**, so it can never be flipped back. I’d avoid **g2** because it’s right next to the empty **h1** corner and may let White take that corner afterward.",False
p791,6,Provide Correct Answer,"Yes — **play h1**.

It’s a **corner**, so it’s permanent, and it likely leaves White with **no legal move**, meaning White must **pass** and you can take **g2** afterward.",False
p791,6,Direct Instruction,"Yes — **play h1**.

It’s a **corner**, so it’s permanent, and it likely leaves White with **no legal move**, meaning White must **pass** and you can take **g2** afterward.",False
p357,0,Provide Correct Answer,"Best move for Black: **b7**.

Why: in this endgame, **b7** keeps White’s replies most limited and gives Black the best final count. Moves like **a7/b8/c8** may look tempting on the edge, but they can give White control of the lower-left corner area.",False
p357,0,Direct Instruction,"Best move for Black: **b7**.

Why: in this endgame, **b7** keeps White’s replies most limited and gives Black the best final count. Moves like **a7/b8/c8** may look tempting on the edge, but they can give White control of the lower-left corner area.",False
p357,1,Direct Instruction,"A white disc only flips if it is in a **straight line** from your new black disc to another black disc, with **no empty squares or white gaps**, like:

**Black – White(s) – Black**

So a white tile can be right next to your move and **still stay white** if it is not “sandwiched” in a row, column, or diagonal.  
Which square stayed white? I can point to the exact line.",False
p357,1,Prompt,"A white disc only flips if it is in a **straight line** from your new black disc to another black disc, with **no empty squares or white gaps**, like:

**Black – White(s) – Black**

So a white tile can be right next to your move and **still stay white** if it is not “sandwiched” in a row, column, or diagonal.  
Which square stayed white? I can point to the exact line.",False
p357,2,Provide Correct Answer,"Go **g2**.

Why: it flips **f2** and **g3**, and more importantly it keeps the endgame safer than **b6**. The move **b6** opens up that lower-left edge area for White; **g2** gives Black the best final-disc outcome from here.",False
p357,2,Direct Instruction,"Go **g2**.

Why: it flips **f2** and **g3**, and more importantly it keeps the endgame safer than **b6**. The move **b6** opens up that lower-left edge area for White; **g2** gives Black the best final-disc outcome from here.",False
p357,3,Direct Instruction,"At this point, **no — the game is over**. Final count is:

- **Black: 21**
- **White: 43**

So White wins by 22.

Could you have won earlier? **Possibly, but I’d need the position before the key moves** to know for sure. The big reason White won is that White ended with **3 corners**; corners are permanent and usually decide the endgame.",False
p357,3,Neutral Feedback,"At this point, **no — the game is over**. Final count is:

- **Black: 21**
- **White: 43**

So White wins by 22.

Could you have won earlier? **Possibly, but I’d need the position before the key moves** to know for sure. The big reason White won is that White ended with **3 corners**; corners are permanent and usually decide the endgame.",False
p357,4,Direct Instruction,"You’re right to be frustrated — I’m sorry. The moves I suggested did **not** get you to a good result, and I should have been more careful about saying “best” without walking through the final count.

This board is finished: **Black 21, White 43**, so White wins.

I can’t honestly tell from only this final board whether Black had a win earlier. If you send the position from before **b7** or before **g2**, I can review it and show exactly where the game swung — and I’ll focus on reasoning, not just giving a move.",False
p357,4,Prompt,"You’re right to be frustrated — I’m sorry. The moves I suggested did **not** get you to a good result, and I should have been more careful about saying “best” without walking through the final count.

This board is finished: **Black 21, White 43**, so White wins.

I can’t honestly tell from only this final board whether Black had a win earlier. If you send the position from before **b7** or before **g2**, I can review it and show exactly where the game swung — and I’ll focus on reasoning, not just giving a move.",False
p357,4,Neutral Feedback,"You’re right to be frustrated — I’m sorry. The moves I suggested did **not** get you to a good result, and I should have been more careful about saying “best” without walking through the final count.

This board is finished: **Black 21, White 43**, so White wins.

I can’t honestly tell from only this final board whether Black had a win earlier. If you send the position from before **b7** or before **g2**, I can review it and show exactly where the game swung — and I’ll focus on reasoning, not just giving a move.",False
p357,5,Direct Instruction,"You’re right to call that out. I should have tracked the endgame better and **not stated “best move” so confidently** without a final-count line.

From this final board:

- **Black: 21**
- **White: 43**
- White has **3 corners**: a1, h1, a8  
- Black has **1 corner**: h8

So the advice clearly led to a bad result. I can see the final position, but I **don’t have the earlier board images in front of me** to prove whether Black had a win before my suggestions. What I can say is: I should have asked you to compare candidate moves by final count instead of just giving a move.",False
p357,5,Positive Feedback,"You’re right to call that out. I should have tracked the endgame better and **not stated “best move” so confidently** without a final-count line.

From this final board:

- **Black: 21**
- **White: 43**
- White has **3 corners**: a1, h1, a8  
- Black has **1 corner**: h8

So the advice clearly led to a bad result. I can see the final position, but I **don’t have the earlier board images in front of me** to prove whether Black had a win before my suggestions. What I can say is: I should have asked you to compare candidate moves by final count instead of just giving a move.",False
p357,5,Neutral Feedback,"You’re right to call that out. I should have tracked the endgame better and **not stated “best move” so confidently** without a final-count line.

From this final board:

- **Black: 21**
- **White: 43**
- White has **3 corners**: a1, h1, a8  
- Black has **1 corner**: h8

So the advice clearly led to a bad result. I can see the final position, but I **don’t have the earlier board images in front of me** to prove whether Black had a win before my suggestions. What I can say is: I should have asked you to compare candidate moves by final count instead of just giving a move.",False
p404,0,Direct Instruction,"I’d be cautious about **a7**.

It flips **a6** and **b7**, but that turns the **a-file** into a target: White can likely answer at **a3**, flipping a lot back down the edge toward White’s **a8 corner**. In the endgame, that kind of “big flip now, bigger flip back” is often costly.

Ask: after **a7**, what legal move does White get that they didn’t have before?",False
p404,0,Prompt,"I’d be cautious about **a7**.

It flips **a6** and **b7**, but that turns the **a-file** into a target: White can likely answer at **a3**, flipping a lot back down the edge toward White’s **a8 corner**. In the endgame, that kind of “big flip now, bigger flip back” is often costly.

Ask: after **a7**, what legal move does White get that they didn’t have before?",False
p404,1,Direct Instruction,"**b6** is understandable: it flips several discs in the center-left.

The caution: it doesn’t secure anything permanent, and it leaves the messy lower-left edge (**a7/b8/c8**) for White to exploit next. Since **a8 is already White**, moves near that corner can easily become “flip now, get flipped back later.”

Before choosing it, compare: after **b6**, what strong reply does White get on the bottom edge?",False
p404,1,Hint,"**b6** is understandable: it flips several discs in the center-left.

The caution: it doesn’t secure anything permanent, and it leaves the messy lower-left edge (**a7/b8/c8**) for White to exploit next. Since **a8 is already White**, moves near that corner can easily become “flip now, get flipped back later.”

Before choosing it, compare: after **b6**, what strong reply does White get on the bottom edge?",False
p404,1,Prompt,"**b6** is understandable: it flips several discs in the center-left.

The caution: it doesn’t secure anything permanent, and it leaves the messy lower-left edge (**a7/b8/c8**) for White to exploit next. Since **a8 is already White**, moves near that corner can easily become “flip now, get flipped back later.”

Before choosing it, compare: after **b6**, what strong reply does White get on the bottom edge?",False
p404,1,Paraphrase,"**b6** is understandable: it flips several discs in the center-left.

The caution: it doesn’t secure anything permanent, and it leaves the messy lower-left edge (**a7/b8/c8**) for White to exploit next. Since **a8 is already White**, moves near that corner can easily become “flip now, get flipped back later.”

Before choosing it, compare: after **b6**, what strong reply does White get on the bottom edge?",False
p404,2,Direct Instruction,"**g2 looks tempting**, but check the corner danger: **h1 is empty**, and **g2 is diagonally next to it**.

If Black plays **g2**, does White then get **h1** by the diagonal **h1–g2–f3**? If yes, that corner becomes permanent for White — usually more important than “completing” a row.",False
p404,2,Hint,"**g2 looks tempting**, but check the corner danger: **h1 is empty**, and **g2 is diagonally next to it**.

If Black plays **g2**, does White then get **h1** by the diagonal **h1–g2–f3**? If yes, that corner becomes permanent for White — usually more important than “completing” a row.",False
p404,2,Prompt,"**g2 looks tempting**, but check the corner danger: **h1 is empty**, and **g2 is diagonally next to it**.

If Black plays **g2**, does White then get **h1** by the diagonal **h1–g2–f3**? If yes, that corner becomes permanent for White — usually more important than “completing” a row.",False
p404,2,Neutral Feedback,"**g2 looks tempting**, but check the corner danger: **h1 is empty**, and **g2 is diagonally next to it**.

If Black plays **g2**, does White then get **h1** by the diagonal **h1–g2–f3**? If yes, that corner becomes permanent for White — usually more important than “completing” a row.",False
p404,3,Direct Instruction,"Maybe — but test the reply.

If Black plays **b6**, White’s obvious move is the open **h1 corner**. Corners are permanent, and **h1** also flips along the diagonal/edge pressure.

So the key question: is **b6** gaining enough to compensate for giving White **h1**?",False
p404,3,Prompt,"Maybe — but test the reply.

If Black plays **b6**, White’s obvious move is the open **h1 corner**. Corners are permanent, and **h1** also flips along the diagonal/edge pressure.

So the key question: is **b6** gaining enough to compensate for giving White **h1**?",False
p404,3,Neutral Feedback,"Maybe — but test the reply.

If Black plays **b6**, White’s obvious move is the open **h1 corner**. Corners are permanent, and **h1** also flips along the diagonal/edge pressure.

So the key question: is **b6** gaining enough to compensate for giving White **h1**?",False
p404,4,Direct Instruction,"There *is* at least one “safe-type” option: look at the **corner a1**.

Corners are permanent — White can’t flip it back — so even if it doesn’t flip a huge number now, it may beat a flashy move like **b6** that can hand White a corner/edge reply.

So compare your candidates by: **which move leaves White the weakest reply among the remaining empty squares: h1, b6, a7?**",False
p404,4,Hint,"There *is* at least one “safe-type” option: look at the **corner a1**.

Corners are permanent — White can’t flip it back — so even if it doesn’t flip a huge number now, it may beat a flashy move like **b6** that can hand White a corner/edge reply.

So compare your candidates by: **which move leaves White the weakest reply among the remaining empty squares: h1, b6, a7?**",False
p404,4,Pose Simplified Problem,"There *is* at least one “safe-type” option: look at the **corner a1**.

Corners are permanent — White can’t flip it back — so even if it doesn’t flip a huge number now, it may beat a flashy move like **b6** that can hand White a corner/edge reply.

So compare your candidates by: **which move leaves White the weakest reply among the remaining empty squares: h1, b6, a7?**",False
p92,0,Direct Instruction,"g2 is legal — but pause: it sits next to the empty corner h1.

After Black plays g2, can White immediately take h1? If yes, that corner becomes permanent for White, which is usually a big endgame cost. Consider that before committing.",False
p92,0,Hint,"g2 is legal — but pause: it sits next to the empty corner h1.

After Black plays g2, can White immediately take h1? If yes, that corner becomes permanent for White, which is usually a big endgame cost. Consider that before committing.",False
p92,0,Prompt,"g2 is legal — but pause: it sits next to the empty corner h1.

After Black plays g2, can White immediately take h1? If yes, that corner becomes permanent for White, which is usually a big endgame cost. Consider that before committing.",False
p92,1,Direct Instruction,"h1 would be a great corner, but it is **not legal right now** — there’s no pale dot on h1.

So your real choice is among: **g2, b6, a7, b7, b8, c8**.  
Before playing g2, ask: what move does it give White next, and do you lose mobility/control afterward?",False
p92,1,Prompt,"h1 would be a great corner, but it is **not legal right now** — there’s no pale dot on h1.

So your real choice is among: **g2, b6, a7, b7, b8, c8**.  
Before playing g2, ask: what move does it give White next, and do you lose mobility/control afterward?",False
p92,2,Provide Correct Answer,"I’d lean toward **b7**.

Why:
- **g2** is risky because it plays next to the empty **h1 corner** area and may give White a strong corner route.
- **a7 / b8 / c8** are on the edge near the empty **a8 corner**, so they may help White control that corner.
- **b7** looks counterintuitive, but in this endgame it seems to give Black the best balance: it limits White’s easy edge/corner options and preserves better follow-up moves.

So my recommendation: **play b7**.",False
p92,2,Direct Instruction,"I’d lean toward **b7**.

Why:
- **g2** is risky because it plays next to the empty **h1 corner** area and may give White a strong corner route.
- **a7 / b8 / c8** are on the edge near the empty **a8 corner**, so they may help White control that corner.
- **b7** looks counterintuitive, but in this endgame it seems to give Black the best balance: it limits White’s easy edge/corner options and preserves better follow-up moves.

So my recommendation: **play b7**.",False
p92,3,Direct Instruction,"I’d **hold off on g2**.

If Black plays **g2**, White can likely answer **h1** right away along the diagonal **h1–g2–f3**, taking the corner permanently.

So compare with **c8**: does it give White an immediate corner, or does it keep more control?",False
p92,3,Prompt,"I’d **hold off on g2**.

If Black plays **g2**, White can likely answer **h1** right away along the diagonal **h1–g2–f3**, taking the corner permanently.

So compare with **c8**: does it give White an immediate corner, or does it keep more control?",False
p92,4,Direct Instruction,"**a1 is not legal** — there’s no pale dot there.

Legal moves now are **g2, b6, a7, c8**.  
Key question: which move avoids giving White a corner like **h1** or **a8** immediately? I’d be very cautious with **g2** and **a7** for that reason.",False
p92,4,Hint,"**a1 is not legal** — there’s no pale dot there.

Legal moves now are **g2, b6, a7, c8**.  
Key question: which move avoids giving White a corner like **h1** or **a8** immediately? I’d be very cautious with **g2** and **a7** for that reason.",False
p92,4,Prompt,"**a1 is not legal** — there’s no pale dot there.

Legal moves now are **g2, b6, a7, c8**.  
Key question: which move avoids giving White a corner like **h1** or **a8** immediately? I’d be very cautious with **g2** and **a7** for that reason.",False
p92,4,Negative Feedback,"**a1 is not legal** — there’s no pale dot there.

Legal moves now are **g2, b6, a7, c8**.  
Key question: which move avoids giving White a corner like **h1** or **a8** immediately? I’d be very cautious with **g2** and **a7** for that reason.",False
p92,5,Provide Correct Answer,"Now the legal moves are **g2, b8, c8**.

I’d choose **g2 or b8** — both are strong now.  
I’d avoid **c8**: it flips little and can leave White good edge replies.

If you want the simple pick: **play g2**.",False
p92,5,Direct Instruction,"Now the legal moves are **g2, b8, c8**.

I’d choose **g2 or b8** — both are strong now.  
I’d avoid **c8**: it flips little and can leave White good edge replies.

If you want the simple pick: **play g2**.",False
p262,0,Direct Instruction,"In Othello, discs can flip back and forth.

When you click a legal square, it first becomes **black**. Then the **White AI moves**, and if your new black disc is in a line bracketed by White discs, White can flip it to **white** right away.

So a clicked space turning white means: **White’s reply captured that disc in a straight line** (horizontal, vertical, or diagonal).",False
p262,1,Provide Correct Answer,"Best move: **a7**.

Reason: it’s an edge move that keeps Black’s endgame strongest, while the other legal moves (**g2** or **b6**) give White better replies. In the endgame, don’t chase the biggest flip—play the move that leaves White with the worst options.",False
p262,1,Direct Instruction,"Best move: **a7**.

Reason: it’s an edge move that keeps Black’s endgame strongest, while the other legal moves (**g2** or **b6**) give White better replies. In the endgame, don’t chase the biggest flip—play the move that leaves White with the worst options.",False
p262,2,Provide Correct Answer,"Pick **a3** over **g2**.

Why: **a3** plays on the left edge and helps control that side without opening the corner situation badly. **g2** is next to the top-right corner area, so it can give White better endgame replies.

So here, **a3 is the safer/better endgame move**.",False
p262,2,Direct Instruction,"Pick **a3** over **g2**.

Why: **a3** plays on the left edge and helps control that side without opening the corner situation badly. **g2** is next to the top-right corner area, so it can give White better endgame replies.

So here, **a3 is the safer/better endgame move**.",False
p262,3,Provide Correct Answer,"**a1 is legal and it’s a corner, so it won’t be flipped back.** Normally that’s great.

But here, with only 4 empties left, the final count matters more: **a1 doesn’t flip much and leaves White better replies.** I’d still prefer **a3** over **a1**.",False
p262,3,Direct Instruction,"**a1 is legal and it’s a corner, so it won’t be flipped back.** Normally that’s great.

But here, with only 4 empties left, the final count matters more: **a1 doesn’t flip much and leaves White better replies.** I’d still prefer **a3** over **a1**.",False
p262,4,Provide Correct Answer,"Choose **a1**.

It’s a **corner**, so it can’t be flipped back, and with only 3 empty squares left that permanence matters a lot. **g2** is not stable in the same way and gives White more chance to swing the final count.",False
p262,4,Direct Instruction,"Choose **a1**.

It’s a **corner**, so it can’t be flipped back, and with only 3 empty squares left that permanence matters a lot. **g2** is not stable in the same way and gives White more chance to swing the final count.",False
p706,0,Direct Instruction,"Sure. In Othello:

- You play **Black** on one of the pale-dot legal squares.
- Your move must **sandwich White discs** in a straight line; those White discs flip to Black.
- In the endgame, the goal is simply: **finish with more discs**, not necessarily flip the most right now.

For this position, think about:

1. **Corners**: empty corners like **a8** or **h1** are huge because discs there can’t be flipped back.  
2. **Danger squares**: moves next to an empty corner can accidentally let White take that corner.  
3. **Mobility**: a good move often leaves White with very few safe replies, or even forces a pass.  
4. **Final count**: with only 10 empties, try to imagine the last few moves, not just this flip.

Your legal moves are marked; before choosing, ask: **“Does this give White a corner, or does it limit White’s next move?”**

If you want, tell me which move you’re considering and I’ll help you compare it.",False
p706,0,Hint,"Sure. In Othello:

- You play **Black** on one of the pale-dot legal squares.
- Your move must **sandwich White discs** in a straight line; those White discs flip to Black.
- In the endgame, the goal is simply: **finish with more discs**, not necessarily flip the most right now.

For this position, think about:

1. **Corners**: empty corners like **a8** or **h1** are huge because discs there can’t be flipped back.  
2. **Danger squares**: moves next to an empty corner can accidentally let White take that corner.  
3. **Mobility**: a good move often leaves White with very few safe replies, or even forces a pass.  
4. **Final count**: with only 10 empties, try to imagine the last few moves, not just this flip.

Your legal moves are marked; before choosing, ask: **“Does this give White a corner, or does it limit White’s next move?”**

If you want, tell me which move you’re considering and I’ll help you compare it.",False
p706,0,Prompt,"Sure. In Othello:

- You play **Black** on one of the pale-dot legal squares.
- Your move must **sandwich White discs** in a straight line; those White discs flip to Black.
- In the endgame, the goal is simply: **finish with more discs**, not necessarily flip the most right now.

For this position, think about:

1. **Corners**: empty corners like **a8** or **h1** are huge because discs there can’t be flipped back.  
2. **Danger squares**: moves next to an empty corner can accidentally let White take that corner.  
3. **Mobility**: a good move often leaves White with very few safe replies, or even forces a pass.  
4. **Final count**: with only 10 empties, try to imagine the last few moves, not just this flip.

Your legal moves are marked; before choosing, ask: **“Does this give White a corner, or does it limit White’s next move?”**

If you want, tell me which move you’re considering and I’ll help you compare it.",False
p706,1,Provide Correct Answer,"I’d play **b7**.

Why: it keeps control of the lower-left area without immediately giving White an easy corner at **a8**. Moves like **b8** or **c8** are riskier because they play right next to that empty corner, and corners are permanent in the endgame.",False
p706,1,Direct Instruction,"I’d play **b7**.

Why: it keeps control of the lower-left area without immediately giving White an easy corner at **a8**. Moves like **b8** or **c8** are riskier because they play right next to that empty corner, and corners are permanent in the endgame.",False
p706,2,Direct Instruction,"Corners matter because a disc in a corner **can never be flipped**: there’s no square “behind” it to complete a sandwich.

So in the endgame:

- A corner like **a8** becomes a **permanent disc**.
- It can also make nearby edge discs permanent.
- Moves next to an empty corner can be dangerous if they let White take that corner next.

So don’t just count flips now—ask, “Does my move give White a corner?”",False
p706,3,Direct Instruction,"White likely played **a8**. That corner move made a diagonal line:

**a8 (White) – b7 (your Black disc) – c6 (White)**

So your disc at **b7** was sandwiched and flipped to White. Only corners themselves are permanently safe; nearby discs can still flip.",False
p706,4,Provide Correct Answer,"I’d play **c8**.

Your idea **b6** is legal, but it doesn’t seem to force enough in the endgame. **c8** is stronger because it works on the bottom edge and helps limit White’s replies, while avoiding giving White easy access to a big corner/edge swing.",False
p706,4,Direct Instruction,"I’d play **c8**.

Your idea **b6** is legal, but it doesn’t seem to force enough in the endgame. **c8** is stronger because it works on the bottom edge and helps limit White’s replies, while avoiding giving White easy access to a big corner/edge swing.",False
p706,4,Paraphrase,"I’d play **c8**.

Your idea **b6** is legal, but it doesn’t seem to force enough in the endgame. **c8** is stronger because it works on the bottom edge and helps limit White’s replies, while avoiding giving White easy access to a big corner/edge swing.",False
p706,4,Neutral Feedback,"I’d play **c8**.

Your idea **b6** is legal, but it doesn’t seem to force enough in the endgame. **c8** is stronger because it works on the bottom edge and helps limit White’s replies, while avoiding giving White easy access to a big corner/edge swing.",False
p706,5,Direct Instruction,"A black disc turns white when White makes a move that **sandwiches it** in a straight line.

Example: if your black disc is between two white discs like:

**White – Black – White**

then that black disc flips to White. This can happen horizontally, vertically, or diagonally.

Corners themselves don’t flip, but discs near corners/edges still can if they get bracketed. Which square are you wondering about?",False
p706,5,Prompt,"A black disc turns white when White makes a move that **sandwiches it** in a straight line.

Example: if your black disc is between two white discs like:

**White – Black – White**

then that black disc flips to White. This can happen horizontally, vertically, or diagonally.

Corners themselves don’t flip, but discs near corners/edges still can if they get bracketed. Which square are you wondering about?",False
p706,6,Direct Instruction,"Yes, the score looks tough — but don’t choose by current score alone.

Be careful with **g2**: it is diagonally next to the empty corner **h1**. If you play **g2**, check whether White can reply **h1** and flip back along the diagonal.

So compare your legal moves by asking: **which move gives White the least damaging next move, especially around corners h1/a1?**",False
p706,6,Hint,"Yes, the score looks tough — but don’t choose by current score alone.

Be careful with **g2**: it is diagonally next to the empty corner **h1**. If you play **g2**, check whether White can reply **h1** and flip back along the diagonal.

So compare your legal moves by asking: **which move gives White the least damaging next move, especially around corners h1/a1?**",False
p706,6,Pose Simplified Problem,"Yes, the score looks tough — but don’t choose by current score alone.

Be careful with **g2**: it is diagonally next to the empty corner **h1**. If you play **g2**, check whether White can reply **h1** and flip back along the diagonal.

So compare your legal moves by asking: **which move gives White the least damaging next move, especially around corners h1/a1?**",False
p706,7,Direct Instruction,"Pause before playing **b6**: it’s legal, but ask what White’s reply becomes.

Compare it with the edge move **a7**: in endgames, edge/corner access can matter more than the number flipped now. Try counting: after **b6**, does White get a stronger move than after **a7**?",False
p706,7,Hint,"Pause before playing **b6**: it’s legal, but ask what White’s reply becomes.

Compare it with the edge move **a7**: in endgames, edge/corner access can matter more than the number flipped now. Try counting: after **b6**, does White get a stronger move than after **a7**?",False
p706,7,Prompt,"Pause before playing **b6**: it’s legal, but ask what White’s reply becomes.

Compare it with the edge move **a7**: in endgames, edge/corner access can matter more than the number flipped now. Try counting: after **b6**, does White get a stronger move than after **a7**?",False
p314,0,Provide Correct Answer,"Best is **c8** — not b6 or g2.

Reason: in this endgame, avoid moves that let White gain a key edge/corner sequence. **c8** keeps Black’s position safest and preserves the best final count.",False
p314,0,Direct Instruction,"Best is **c8** — not b6 or g2.

Reason: in this endgame, avoid moves that let White gain a key edge/corner sequence. **c8** keeps Black’s position safest and preserves the best final count.",False
p314,1,Direct Instruction,"Exactly — **c8 only gains 1 now**, but that’s the trap in endgames: the best move is often the one that controls what White can do next.

Here, **b6** and **g2** flip more immediately, but they give White stronger replies/mobility. **c8** is about limiting White’s next options and protecting the final count, not winning this move’s flip count.",False
p314,1,Positive Feedback,"Exactly — **c8 only gains 1 now**, but that’s the trap in endgames: the best move is often the one that controls what White can do next.

Here, **b6** and **g2** flip more immediately, but they give White stronger replies/mobility. **c8** is about limiting White’s next options and protecting the final count, not winning this move’s flip count.",False
p314,2,Provide Correct Answer,"Play **a7**.

It’s the best endgame move here because it keeps White’s replies more restricted and helps protect your strong bottom/right-side structure. **g2** or **b6** may look tempting, but they give White more useful counterplay.",False
p314,2,Direct Instruction,"Play **a7**.

It’s the best endgame move here because it keeps White’s replies more restricted and helps protect your strong bottom/right-side structure. **g2** or **b6** may look tempting, but they give White more useful counterplay.",False
p314,3,Provide Correct Answer,"Play **a3**.

Even though **a1 is a corner**, taking it now lets White use **a3** against your left edge. **a3** is the mobility move: it appears to leave White with little or no useful reply, so you can control the last few squares.",False
p314,3,Direct Instruction,"Play **a3**.

Even though **a1 is a corner**, taking it now lets White use **a3** against your left edge. **a3** is the mobility move: it appears to leave White with little or no useful reply, so you can control the last few squares.",False
p314,4,Direct Instruction,"You’re right — I gave bad advice there. Sorry.

Final score from the board is:

- **Black: 23**
- **White: 41**

So White won by **18**.

In an endgame I should have **counted the line to the end**, not relied on general ideas like “mobility” or “safe structure.” Your concern that **c8 only gained one piece** was valid — it may have been a sign the move wasn’t strong enough tactically.

If you send the position from before **c8**, I can help reconstruct what the better move likely was.",False
p314,4,Prompt,"You’re right — I gave bad advice there. Sorry.

Final score from the board is:

- **Black: 23**
- **White: 41**

So White won by **18**.

In an endgame I should have **counted the line to the end**, not relied on general ideas like “mobility” or “safe structure.” Your concern that **c8 only gained one piece** was valid — it may have been a sign the move wasn’t strong enough tactically.

If you send the position from before **c8**, I can help reconstruct what the better move likely was.",False
p314,4,Positive Feedback,"You’re right — I gave bad advice there. Sorry.

Final score from the board is:

- **Black: 23**
- **White: 41**

So White won by **18**.

In an endgame I should have **counted the line to the end**, not relied on general ideas like “mobility” or “safe structure.” Your concern that **c8 only gained one piece** was valid — it may have been a sign the move wasn’t strong enough tactically.

If you send the position from before **c8**, I can help reconstruct what the better move likely was.",False
p157,0,Direct Instruction,"b8 is legal, but I’d be cautious: it only flips c7 and d6, and it leaves White a strong corner move at a1 via the diagonal b2–c3–d4–e5–f6–g7.

Since corners are permanent, ask: is there a legal move that disrupts that diagonal and stops White from taking a1 next?",False
p157,0,Prompt,"b8 is legal, but I’d be cautious: it only flips c7 and d6, and it leaves White a strong corner move at a1 via the diagonal b2–c3–d4–e5–f6–g7.

Since corners are permanent, ask: is there a legal move that disrupts that diagonal and stops White from taking a1 next?",False
p157,0,Neutral Feedback,"b8 is legal, but I’d be cautious: it only flips c7 and d6, and it leaves White a strong corner move at a1 via the diagonal b2–c3–d4–e5–f6–g7.

Since corners are permanent, ask: is there a legal move that disrupts that diagonal and stops White from taking a1 next?",False
p157,1,Direct Instruction,"a1 would be a great corner, but it’s not legal for Black now — only the dotted squares are legal: g2, b6, a7, b7, b8, c8.

For this endgame, compare: after each move, can White grab a corner like a8 or h1, and how many legal replies do they get?  
In particular, check b7 vs the edge moves near a8.",False
p157,1,Hint,"a1 would be a great corner, but it’s not legal for Black now — only the dotted squares are legal: g2, b6, a7, b7, b8, c8.

For this endgame, compare: after each move, can White grab a corner like a8 or h1, and how many legal replies do they get?  
In particular, check b7 vs the edge moves near a8.",False
p157,1,Prompt,"a1 would be a great corner, but it’s not legal for Black now — only the dotted squares are legal: g2, b6, a7, b7, b8, c8.

For this endgame, compare: after each move, can White grab a corner like a8 or h1, and how many legal replies do they get?  
In particular, check b7 vs the edge moves near a8.",False
p157,2,Provide Correct Answer,"Play g2.

Why: it flips along the diagonal toward c6 and also takes away White’s easy options without handing over the a8 corner. I’d avoid a7 because it lets White take the corner at a8 right after.",False
p157,2,Direct Instruction,"Play g2.

Why: it flips along the diagonal toward c6 and also takes away White’s easy options without handing over the a8 corner. I’d avoid a7 because it lets White take the corner at a8 right after.",False
p157,3,Direct Instruction,"Not doomed — there are only 6 empties, so this is about forcing White’s replies.

Compare your two legal moves:
- If you play **c8**, what does White get next on the lower-left edge?
- If you play **b6**, how many legal moves does White have, and can you keep control of **a7/a8/c8** afterward?

So don’t panic — count the line, not the current disc total.",False
p157,3,Prompt,"Not doomed — there are only 6 empties, so this is about forcing White’s replies.

Compare your two legal moves:
- If you play **c8**, what does White get next on the lower-left edge?
- If you play **b6**, how many legal moves does White have, and can you keep control of **a7/a8/c8** afterward?

So don’t panic — count the line, not the current disc total.",False
p157,4,Provide Correct Answer,"Yes — **b6 is the move I’d be looking at**.

Reason: **c8** only gains the bottom edge a bit, but it may leave White more control of the lower-left empties. **b6** flips into the center/diagonal and helps restrict White’s next move options around **a7/b7/c8**.",False
p157,4,Direct Instruction,"Yes — **b6 is the move I’d be looking at**.

Reason: **c8** only gains the bottom edge a bit, but it may leave White more control of the lower-left empties. **b6** flips into the center/diagonal and helps restrict White’s next move options around **a7/b7/c8**.",False
p838,0,Direct Instruction,"You can’t continue because the board is full: **0 empty squares remain**. In Othello, when the board is full, the game ends automatically.

Final count from the board:
- **Black: 22**
- **White: 42**

So **White wins by 20 discs**.",False
p838,1,Direct Instruction,"No — with **0 empty squares** and **Black may play: .** there are **no legal moves** and the board is full, so the game is over.

If you want, we can still “engage” by reviewing the **last few turns** or practicing a **hypothetical endgame**, but I’d need an earlier board position with empty squares/legal dots.",False
p838,1,Negative Feedback,"No — with **0 empty squares** and **Black may play: .** there are **no legal moves** and the board is full, so the game is over.

If you want, we can still “engage” by reviewing the **last few turns** or practicing a **hypothetical endgame**, but I’d need an earlier board position with empty squares/legal dots.",False
p838,2,Direct Instruction,"I can’t know the **exact move** without the earlier boards, but from the final position the main mistake is clear:

**White got 3 corners**: **a1, h1, a8**.  
Black got only **h8**.

Corners are permanent, and they let White build stable edges — that’s why White’s whole **top and left side** stayed white. So the likely mistake was **playing next to an empty corner** earlier, especially “danger squares” like:

- **b1 / a2** near **a1**
- **g1 / h2** near **h1**
- **a7 / b8** near **a8**

Those moves often “hand over” the corner, even if they flip many discs immediately.

So the lesson: in the endgame, don’t ask “which move flips most?” Ask:
1. Does this give away a corner?
2. Does it leave White with few legal moves?
3. What will the final disc count be after the forced replies?

If you send the board from about **4–8 moves before the end**, I can point to the exact losing move.",False
p838,2,Prompt,"I can’t know the **exact move** without the earlier boards, but from the final position the main mistake is clear:

**White got 3 corners**: **a1, h1, a8**.  
Black got only **h8**.

Corners are permanent, and they let White build stable edges — that’s why White’s whole **top and left side** stayed white. So the likely mistake was **playing next to an empty corner** earlier, especially “danger squares” like:

- **b1 / a2** near **a1**
- **g1 / h2** near **h1**
- **a7 / b8** near **a8**

Those moves often “hand over” the corner, even if they flip many discs immediately.

So the lesson: in the endgame, don’t ask “which move flips most?” Ask:
1. Does this give away a corner?
2. Does it leave White with few legal moves?
3. What will the final disc count be after the forced replies?

If you send the board from about **4–8 moves before the end**, I can point to the exact losing move.",False
p838,3,Direct Instruction,"This final board shows the main mistake pattern:

**White got 3 corners**: **a1, h1, a8**.  
Black got only **h8**.

That let White lock the **top row** and **left side**, so those discs became basically permanent. Final count: **White 42, Black 22**.

Most likely earlier mistake: playing a square next to an empty corner, like **b1/a2/b2**, **g1/h2/g2**, or **a7/b8/b7**, which let White take the corner.

To find the exact mistake, send a board from **a few moves before White took a corner**.",False
p838,4,Direct Instruction,"You’re welcome. Since this board has **0 empty squares**, the game is finished.

Final count:
- **Black: 22**
- **White: 42**

Main takeaway: White controlled **3 corners** (**a1, h1, a8**), while Black only had **h8**. In future endgames, be very careful about moves next to empty corners — they can give the opponent permanent discs and stable edges.",False
p266,0,Provide Correct Answer,"Best move: **c8**.

Why:
- It flips only **d8**, but in the endgame that’s often good — you don’t want to flip too many discs that White can flip back.
- It avoids giving White an easy **corner**. In particular, **g2** looks big, but it can give White access to the **h1 corner**.
- **c8** keeps Black’s final count best because it controls the bottom edge more safely and limits White’s good replies.",False
p266,0,Direct Instruction,"Best move: **c8**.

Why:
- It flips only **d8**, but in the endgame that’s often good — you don’t want to flip too many discs that White can flip back.
- It avoids giving White an easy **corner**. In particular, **g2** looks big, but it can give White access to the **h1 corner**.
- **c8** keeps Black’s final count best because it controls the bottom edge more safely and limits White’s good replies.",False
p266,1,Provide Correct Answer,"I’d play **a7**.

Why:
- It takes a safe edge move and flips along the left/bottom area without opening the **h1 corner**.
- Be very wary of **g2**: it sits diagonally next to the empty **h1 corner**, so it can help White get that corner.
- **b6** is okay-looking, but **a7** gives Black the best endgame count.",False
p266,1,Direct Instruction,"I’d play **a7**.

Why:
- It takes a safe edge move and flips along the left/bottom area without opening the **h1 corner**.
- Be very wary of **g2**: it sits diagonally next to the empty **h1 corner**, so it can help White get that corner.
- **b6** is okay-looking, but **a7** gives Black the best endgame count.",False
p266,2,Direct Instruction,"I’d be cautious with **g2** — yes, White can still take the corner diagonally.

If Black plays **g2**, White can play **h1** because the diagonal is:

**h1 – g2 – f3**

Your disc on **g2** would be bracketed by White’s **f3**, so White gets the **h1 corner**, which is permanent. So **g2 is risky here**.",False
p266,3,Provide Correct Answer,"Not quite — **a1 is a corner, but here the best move is likely a3**.

Key reason: **a3 seems to leave White with no legal move**, so White may have to **pass**, letting Black move again. In this 4-empty endgame, that extra move can matter more than grabbing the corner immediately.",False
p266,3,Direct Instruction,"Not quite — **a1 is a corner, but here the best move is likely a3**.

Key reason: **a3 seems to leave White with no legal move**, so White may have to **pass**, letting Black move again. In this 4-empty endgame, that extra move can matter more than grabbing the corner immediately.",False
p266,3,Negative Feedback,"Not quite — **a1 is a corner, but here the best move is likely a3**.

Key reason: **a3 seems to leave White with no legal move**, so White may have to **pass**, letting Black move again. In this 4-empty endgame, that extra move can matter more than grabbing the corner immediately.",False
p266,4,Provide Correct Answer,"Yes — **play a1 now**.

It’s a **corner**, so it can never be flipped back, and it’s one of the last big permanent gains. **g2** is not as strong because it’s not permanent and doesn’t secure the corner the way **a1** does.",False
p266,4,Direct Instruction,"Yes — **play a1 now**.

It’s a **corner**, so it can never be flipped back, and it’s one of the last big permanent gains. **g2** is not as strong because it’s not permanent and doesn’t secure the corner the way **a1** does.",False
p545,0,Prompt,"Which square do you mean—g2, b6, a7, b7, b8, or c8?

If you tell me the coordinate, I’ll help you check whether it gives White a corner or limits White’s next moves.",False
p545,1,Direct Instruction,"c8 is legal, but it looks risky.

After Black plays c8, White likely gets b8, which can help White control the bottom-left edge and may affect the a8 corner fight. Before choosing it, ask: **does c8 leave White with too many good replies compared with a quieter move that restricts White?**",False
p545,1,Prompt,"c8 is legal, but it looks risky.

After Black plays c8, White likely gets b8, which can help White control the bottom-left edge and may affect the a8 corner fight. Before choosing it, ask: **does c8 leave White with too many good replies compared with a quieter move that restricts White?**",False
p545,1,Neutral Feedback,"c8 is legal, but it looks risky.

After Black plays c8, White likely gets b8, which can help White control the bottom-left edge and may affect the a8 corner fight. Before choosing it, ask: **does c8 leave White with too many good replies compared with a quieter move that restricts White?**",False
p545,2,Direct Instruction,"b7 is legal. It’s normally a “danger square” because it touches the empty corner a8, but here it has a useful point: it flips across row 7 and may **reduce White’s mobility**.

Key question: after b7, can White immediately take **a8** or force it soon? If not, b7 is a serious candidate.",False
p545,2,Prompt,"b7 is legal. It’s normally a “danger square” because it touches the empty corner a8, but here it has a useful point: it flips across row 7 and may **reduce White’s mobility**.

Key question: after b7, can White immediately take **a8** or force it soon? If not, b7 is a serious candidate.",False
p545,3,Direct Instruction,"No — if **C8 led to this final board**, it was not good.

Final count: **White 44, Black 20**. Black loses by **24 discs**.

The big issue is that White ended with most corners/edges, especially the whole bottom-left area. In the endgame, **C8 may flip discs now, but it didn’t stop White from taking stable edge/corner discs later**.",False
p545,3,Negative Feedback,"No — if **C8 led to this final board**, it was not good.

Final count: **White 44, Black 20**. Black loses by **24 discs**.

The big issue is that White ended with most corners/edges, especially the whole bottom-left area. In the endgame, **C8 may flip discs now, but it didn’t stop White from taking stable edge/corner discs later**.",False
p545,4,Direct Instruction,"You’re right — I assumed **Black** had played C8. Sorry.

If **you were White** and this is the final board, then yes: it was excellent for White.

Final count:
- **White: 44**
- **Black: 20**

So White wins by **24 discs**. From Black’s perspective, whatever allowed White to reach this stable edge/corner-heavy finish was bad for Black.",False
p545,4,Positive Feedback,"You’re right — I assumed **Black** had played C8. Sorry.

If **you were White** and this is the final board, then yes: it was excellent for White.

Final count:
- **White: 44**
- **Black: 20**

So White wins by **24 discs**. From Black’s perspective, whatever allowed White to reach this stable edge/corner-heavy finish was bad for Black.",False
p573,0,Direct Instruction,"g2 is legal and flips a few discs, but look at White’s reply: after **g2**, White can take the **a1 corner** along the diagonal **a1–b2–c3–d4–e5–f6–g7**.

Since corners can’t be flipped back, ask: *are the discs you gain on g2 worth giving White a permanent corner right away?*",False
p573,0,Prompt,"g2 is legal and flips a few discs, but look at White’s reply: after **g2**, White can take the **a1 corner** along the diagonal **a1–b2–c3–d4–e5–f6–g7**.

Since corners can’t be flipped back, ask: *are the discs you gain on g2 worth giving White a permanent corner right away?*",False
p573,1,Provide Correct Answer,"I’d play **b7**.

Why: it keeps pressure on the lower-left without immediately handing White the **a1 corner** like **g2** does. It also helps control the edge fight around **a7/b8/c8**, where the endgame will likely be decided.",False
p573,1,Direct Instruction,"I’d play **b7**.

Why: it keeps pressure on the lower-left without immediately handing White the **a1 corner** like **g2** does. It also helps control the edge fight around **a7/b8/c8**, where the endgame will likely be decided.",False
p573,2,Direct Instruction,"**b6** is legal and flips along row 6 and up-right, but the key question is White’s reply: does it give White an easy move into the lower-left edge/corner area next?

Before committing, compare: after **b6**, what are White’s legal moves near **a7 / b8 / c8**? If White can take control there, the immediate flips may not matter.",False
p573,2,Hint,"**b6** is legal and flips along row 6 and up-right, but the key question is White’s reply: does it give White an easy move into the lower-left edge/corner area next?

Before committing, compare: after **b6**, what are White’s legal moves near **a7 / b8 / c8**? If White can take control there, the immediate flips may not matter.",False
p573,2,Prompt,"**b6** is legal and flips along row 6 and up-right, but the key question is White’s reply: does it give White an easy move into the lower-left edge/corner area next?

Before committing, compare: after **b6**, what are White’s legal moves near **a7 / b8 / c8**? If White can take control there, the immediate flips may not matter.",False
p573,3,Provide Correct Answer,"I’d play **c8**.

It’s the quiet endgame move that keeps Black’s best result: it avoids handing White the **a1 corner** immediately, and it works on the bottom edge without opening the lower-left corner area too soon. The tempting moves like **g2** or **a7** can give White stronger corner/edge replies.",False
p573,3,Direct Instruction,"I’d play **c8**.

It’s the quiet endgame move that keeps Black’s best result: it avoids handing White the **a1 corner** immediately, and it works on the bottom edge without opening the lower-left corner area too soon. The tempting moves like **g2** or **a7** can give White stronger corner/edge replies.",False
p573,4,Provide Correct Answer,"I’d play **a3**.

Reason: after **a3**, White appears to have **no legal move**, so White must **pass** and Black gets another turn. That extra move is more valuable here than grabbing **a1** immediately.",False
p573,4,Direct Instruction,"I’d play **a3**.

Reason: after **a3**, White appears to have **no legal move**, so White must **pass** and Black gets another turn. That extra move is more valuable here than grabbing **a1** immediately.",False
p573,5,Provide Correct Answer,"I’d play **h1**.

Key reason: **h1 flips the whole top edge (b1–g1)**, and then White has **no legal move at g2**, so White must pass and Black gets **g2** too. If Black plays **g2** first, White can take **h1** and flip **g2** back.",False
p573,5,Direct Instruction,"I’d play **h1**.

Key reason: **h1 flips the whole top edge (b1–g1)**, and then White has **no legal move at g2**, so White must pass and Black gets **g2** too. If Black plays **g2** first, White can take **h1** and flip **g2** back.",False
p252,0,Provide Correct Answer,"I’d play **c8**.

Why: it’s the legal move that best holds Black’s endgame result. The other options seem to give White more useful replies/mobility, while **c8** keeps better control along the bottom edge and doesn’t immediately hand over a corner.",False
p252,0,Direct Instruction,"I’d play **c8**.

Why: it’s the legal move that best holds Black’s endgame result. The other options seem to give White more useful replies/mobility, while **c8** keeps better control along the bottom edge and doesn’t immediately hand over a corner.",False
p252,1,Provide Correct Answer,"Best looks like **a7**.

It’s an edge move that keeps Black’s endgame count best. I’d be wary of **g2** because it plays next to the empty **h1 corner**, which can often hand White a permanent corner in the endgame.",False
p252,1,Direct Instruction,"Best looks like **a7**.

It’s an edge move that keeps Black’s endgame count best. I’d be wary of **g2** because it plays next to the empty **h1 corner**, which can often hand White a permanent corner in the endgame.",False
p252,2,Provide Correct Answer,"I’d choose **a3**.

Even though you’re behind, don’t chase the biggest immediate flip like **g2**—it likely gives White too much back. **a3** improves your count while keeping White’s replies tight, and it’s the best chance to close the deficit in the final few moves.",False
p252,2,Direct Instruction,"I’d choose **a3**.

Even though you’re behind, don’t chase the biggest immediate flip like **g2**—it likely gives White too much back. **a3** improves your count while keeping White’s replies tight, and it’s the best chance to close the deficit in the final few moves.",False
p252,3,Provide Correct Answer,"I’d go **a3**.

It’s better than **g2**, which sits next to the empty **h1 corner** and can give White dangerous endgame chances. **a1** is a corner, but here **a3** does more to protect the left edge and improve the final count.",False
p252,3,Direct Instruction,"I’d go **a3**.

It’s better than **g2**, which sits next to the empty **h1 corner** and can give White dangerous endgame chances. **a1** is a corner, but here **a3** does more to protect the left edge and improve the final count.",False
p252,4,Provide Correct Answer,"Play **a1**.

It’s a **corner**, so it’s permanent and can’t be flipped back. **g2** is risky because it sits next to the empty **h1 corner**, which likely lets White take that corner next.",False
p252,4,Direct Instruction,"Play **a1**.

It’s a **corner**, so it’s permanent and can’t be flipped back. **g2** is risky because it sits next to the empty **h1 corner**, which likely lets White take that corner next.",False
p334,0,Provide Correct Answer,"I’d play **b7**.

Why: it takes control of the whole 7th-row line (**c7–g7 flip**) and keeps Black’s endgame count best. White may have replies on the left/bottom afterward, but **b7** leaves you the strongest follow-up chances.  

Avoid being tempted by **c8** just because it flips more immediately.",False
p334,0,Direct Instruction,"I’d play **b7**.

Why: it takes control of the whole 7th-row line (**c7–g7 flip**) and keeps Black’s endgame count best. White may have replies on the left/bottom afterward, but **b7** leaves you the strongest follow-up chances.  

Avoid being tempted by **c8** just because it flips more immediately.",False
p334,0,Neutral Feedback,"I’d play **b7**.

Why: it takes control of the whole 7th-row line (**c7–g7 flip**) and keeps Black’s endgame count best. White may have replies on the left/bottom afterward, but **b7** leaves you the strongest follow-up chances.  

Avoid being tempted by **c8** just because it flips more immediately.",False
p334,1,Provide Correct Answer,"I’d choose **c8**.

Even though it flips only **d8**, that’s fine in the endgame: it keeps the position tighter and avoids giving White an easy corner swing. After **c8**, White’s likely replies are around **a3 / b6 / b8**, but Black should still get the best final count from here.",False
p334,1,Direct Instruction,"I’d choose **c8**.

Even though it flips only **d8**, that’s fine in the endgame: it keeps the position tighter and avoids giving White an easy corner swing. After **c8**, White’s likely replies are around **a3 / b6 / b8**, but Black should still get the best final count from here.",False
p334,2,Provide Correct Answer,"I’d rank them:

1. **a7 — best**
   - Flips only a few now, but that’s good endgame discipline.
   - White can reply **a3** or **b6**, but Black keeps better follow-ups and avoids giving away a corner immediately.

2. **b6 — playable but weaker**
   - Flips more now, but White can answer **a3** or **a7**, attacking the left side and undoing a lot of the gain.

3. **g2 — tempting but dangerous**
   - It flips a lot on the g-file, but it gives White access to the **h1 corner** next. Corners are permanent, so that’s a big cost.

So I’d choose **a7**.",False
p334,2,Direct Instruction,"I’d rank them:

1. **a7 — best**
   - Flips only a few now, but that’s good endgame discipline.
   - White can reply **a3** or **b6**, but Black keeps better follow-ups and avoids giving away a corner immediately.

2. **b6 — playable but weaker**
   - Flips more now, but White can answer **a3** or **a7**, attacking the left side and undoing a lot of the gain.

3. **g2 — tempting but dangerous**
   - It flips a lot on the g-file, but it gives White access to the **h1 corner** next. Corners are permanent, so that’s a big cost.

So I’d choose **a7**.",False
p334,3,Direct Instruction,"Game is over: final count is **Black 30, White 34**, so White wins by **4**.

So: **a1 and h1 were strong-looking moves** because corners are permanent, but they **didn’t lead to a win in this line**. Whether they were *the absolute best* depends on the exact position before **a1**—but from the result, Black needed a line that gained at least **5 more discs** overall.

Key lesson: even taking corners can lose if White gets too many stable discs along edges/inside afterward.",False
p334,4,Direct Instruction,"Sure.

In Othello, you “capture” by **trapping a straight line** of opponent discs between:

- one of your discs already on the board, and
- the new disc you place.

The line can be **horizontal, vertical, or diagonal**.

Example: if a row looks like:

**Black – White – White – empty**

and Black plays on the empty square, it becomes:

**Black – Black – Black – Black**

because the two White discs were trapped between Black discs.

Important details:
- You only flip discs in **straight lines**.
- You can flip in **multiple directions at once** from one move.
- A legal move must flip **at least one** opponent disc.
- You do **not** capture discs just because they are nearby; they must be in an unbroken line ending with your disc.

In your shown board, the game is finished: **no empty squares remain**, so no more captures can happen.",False
p798,0,Direct Instruction,"C8 is legal, but be careful: it flips a lot now — **c7, d8, and the long diagonal d7–e6–f5–g4** — and in the endgame “lots of flips” can backfire.

Before committing, ask:

- After **c8**, what moves does White get, especially near the **a8 corner / b8 edge**?
- Does it leave White with **many choices**, or can you keep White’s mobility low?
- Can White flip those new black discs back in the final moves?

So I’d compare C8 against your other legal moves by looking one White reply ahead, not by immediate disc gain.",False
p798,0,Hint,"C8 is legal, but be careful: it flips a lot now — **c7, d8, and the long diagonal d7–e6–f5–g4** — and in the endgame “lots of flips” can backfire.

Before committing, ask:

- After **c8**, what moves does White get, especially near the **a8 corner / b8 edge**?
- Does it leave White with **many choices**, or can you keep White’s mobility low?
- Can White flip those new black discs back in the final moves?

So I’d compare C8 against your other legal moves by looking one White reply ahead, not by immediate disc gain.",False
p798,0,Prompt,"C8 is legal, but be careful: it flips a lot now — **c7, d8, and the long diagonal d7–e6–f5–g4** — and in the endgame “lots of flips” can backfire.

Before committing, ask:

- After **c8**, what moves does White get, especially near the **a8 corner / b8 edge**?
- Does it leave White with **many choices**, or can you keep White’s mobility low?
- Can White flip those new black discs back in the final moves?

So I’d compare C8 against your other legal moves by looking one White reply ahead, not by immediate disc gain.",False
p798,1,Provide Correct Answer,"Yes: I’d suggest **b7**.

Why: it’s the move that best preserves your endgame chances from here, even though it’s near the **a8 corner**. In this position, **c8** grabs many discs immediately, but gives White more useful replies; **b7** is more about controlling the final sequence and limiting White’s good options.",False
p798,1,Direct Instruction,"Yes: I’d suggest **b7**.

Why: it’s the move that best preserves your endgame chances from here, even though it’s near the **a8 corner**. In this position, **c8** grabs many discs immediately, but gives White more useful replies; **b7** is more about controlling the final sequence and limiting White’s good options.",False
p798,2,Provide Correct Answer,"Yes — exactly. When you place a black disc, any **continuous line of White discs** trapped between your new disc and another Black disc turns black.

Example: if you play **c8**, it would flip lines like **d7–e6–f5–g4** because they’re sandwiched by black at **c8** and **h3**.

The catch: those flipped discs are **not permanent**. White can later sandwich them back, so in the endgame the key is often: “After I flip these, what can White do next?”",False
p798,2,Direct Instruction,"Yes — exactly. When you place a black disc, any **continuous line of White discs** trapped between your new disc and another Black disc turns black.

Example: if you play **c8**, it would flip lines like **d7–e6–f5–g4** because they’re sandwiched by black at **c8** and **h3**.

The catch: those flipped discs are **not permanent**. White can later sandwich them back, so in the endgame the key is often: “After I flip these, what can White do next?”",False
p798,2,Prompt,"Yes — exactly. When you place a black disc, any **continuous line of White discs** trapped between your new disc and another Black disc turns black.

Example: if you play **c8**, it would flip lines like **d7–e6–f5–g4** because they’re sandwiched by black at **c8** and **h3**.

The catch: those flipped discs are **not permanent**. White can later sandwich them back, so in the endgame the key is often: “After I flip these, what can White do next?”",False
p798,2,Positive Feedback,"Yes — exactly. When you place a black disc, any **continuous line of White discs** trapped between your new disc and another Black disc turns black.

Example: if you play **c8**, it would flip lines like **d7–e6–f5–g4** because they’re sandwiched by black at **c8** and **h3**.

The catch: those flipped discs are **not permanent**. White can later sandwich them back, so in the endgame the key is often: “After I flip these, what can White do next?”",False
p798,3,Direct Instruction,"Yes — that’s the right idea.

For **b7**, look at the continuous lines it makes:
- horizontally through **c7–g7** toward your black disc at **h7**
- vertically upward through **b6?** only if the line continues to a black disc — so check continuity carefully

The key benefit is less “big flip now” and more controlling White’s replies near the empty **a7/a8/b8/c8** corner area.",False
p798,3,Hint,"Yes — that’s the right idea.

For **b7**, look at the continuous lines it makes:
- horizontally through **c7–g7** toward your black disc at **h7**
- vertically upward through **b6?** only if the line continues to a black disc — so check continuity carefully

The key benefit is less “big flip now” and more controlling White’s replies near the empty **a7/a8/b8/c8** corner area.",False
p798,3,Positive Feedback,"Yes — that’s the right idea.

For **b7**, look at the continuous lines it makes:
- horizontally through **c7–g7** toward your black disc at **h7**
- vertically upward through **b6?** only if the line continues to a black disc — so check continuity carefully

The key benefit is less “big flip now” and more controlling White’s replies near the empty **a7/a8/b8/c8** corner area.",False
p798,4,Provide Correct Answer,"Looking at the current board, **b7 is occupied by a White disc** — it’s not a legal Black move now.

The pale dot on that row is **a7**, just to the left of b7, so it’s easy to mix them up. Your legal moves now are **g2, b6, a7, and c8**.",False
p798,4,Negative Feedback,"Looking at the current board, **b7 is occupied by a White disc** — it’s not a legal Black move now.

The pale dot on that row is **a7**, just to the left of b7, so it’s easy to mix them up. Your legal moves now are **g2, b6, a7, and c8**.",False
p798,5,Direct Instruction,"Yes — if White played **a8**, that corner is permanent, and it can flip your **b7** disc.

The line is diagonal: **a8–b7–c6**. White placed at **a8**, your black disc on **b7** was between that new White disc and the White disc at **c6**, so **b7 turns White**.

Now Black’s legal moves are **g2, b6, a7, c8**. Think: which move leaves White with the fewest useful replies, rather than which flips the most immediately?",False
p798,5,Pose Simplified Problem,"Yes — if White played **a8**, that corner is permanent, and it can flip your **b7** disc.

The line is diagonal: **a8–b7–c6**. White placed at **a8**, your black disc on **b7** was between that new White disc and the White disc at **c6**, so **b7 turns White**.

Now Black’s legal moves are **g2, b6, a7, c8**. Think: which move leaves White with the fewest useful replies, rather than which flips the most immediately?",False
p798,6,Provide Correct Answer,"**G2 is legal, but risky.** It sits next to the empty **h1 corner**, and White could likely play **h1** next, flipping your new **g2** disc along the diagonal **h1–g2–f3**.

Since corners are permanent, I’d be wary of G2. If you want the stronger choice here, look at **c8** instead.",False
p798,6,Direct Instruction,"**G2 is legal, but risky.** It sits next to the empty **h1 corner**, and White could likely play **h1** next, flipping your new **g2** disc along the diagonal **h1–g2–f3**.

Since corners are permanent, I’d be wary of G2. If you want the stronger choice here, look at **c8** instead.",False
p798,6,Hint,"**G2 is legal, but risky.** It sits next to the empty **h1 corner**, and White could likely play **h1** next, flipping your new **g2** disc along the diagonal **h1–g2–f3**.

Since corners are permanent, I’d be wary of G2. If you want the stronger choice here, look at **c8** instead.",False
p798,6,Neutral Feedback,"**G2 is legal, but risky.** It sits next to the empty **h1 corner**, and White could likely play **h1** next, flipping your new **g2** disc along the diagonal **h1–g2–f3**.

Since corners are permanent, I’d be wary of G2. If you want the stronger choice here, look at **c8** instead.",False
p798,7,Direct Instruction,"Diagonals work just like rows/columns in Othello.

A line flips only if it is:

**your new disc → continuous opponent discs → your existing disc**

So if Black plays **g2**, then White may be able to play **h1**:

**h1 White → g2 Black → f3 White**

That sandwiches your **g2** disc diagonally, so **g2 flips to White**. The key is the line must be unbroken — no empty squares or same-color disc in the middle.",False
p798,8,Provide Correct Answer,"Best move: **c8**.

It doesn’t flip the most, but it’s the strongest endgame move here because it takes an edge square and avoids handing White an easy corner-like reply. In contrast, **g2** is dangerous because White can likely answer **h1**, taking the corner and flipping along the diagonal.",False
p798,8,Direct Instruction,"Best move: **c8**.

It doesn’t flip the most, but it’s the strongest endgame move here because it takes an edge square and avoids handing White an easy corner-like reply. In contrast, **g2** is dangerous because White can likely answer **h1**, taking the corner and flipping along the diagonal.",False
p611,0,Provide Correct Answer,"Play **b7**.

Why it works:

- It flips the whole row to the right: **c7, d7, e7, f7, g7** become Black.
- This is an endgame position, so the goal is not just “flip the most now,” but to leave White with awkward replies and win the final count.
- **b7 looks scary** because it is next to the empty corner **a8**, but here it is the best trade: even if White gets a corner, Black gets enough edge/endgame moves afterward to come out better.

So your move: **Black to b7**.",False
p611,0,Direct Instruction,"Play **b7**.

Why it works:

- It flips the whole row to the right: **c7, d7, e7, f7, g7** become Black.
- This is an endgame position, so the goal is not just “flip the most now,” but to leave White with awkward replies and win the final count.
- **b7 looks scary** because it is next to the empty corner **a8**, but here it is the best trade: even if White gets a corner, Black gets enough edge/endgame moves afterward to come out better.

So your move: **Black to b7**.",False
p611,1,Direct Instruction,"No — in Othello, White discs don’t **move** from **a6** to **a7**. White would have to **place** a new disc on **a7**, and that is only legal if it flips at least one Black disc.

After Black plays **b7**, **a7 is not a legal White move** because there’s no White disc on the far side to trap a line of Black discs. The White disc at **a6** is adjacent vertically, but that doesn’t flip anything.

So your worry makes sense, but **White can’t simply drop down to a7 there**.",False
p611,1,Negative Feedback,"No — in Othello, White discs don’t **move** from **a6** to **a7**. White would have to **place** a new disc on **a7**, and that is only legal if it flips at least one Black disc.

After Black plays **b7**, **a7 is not a legal White move** because there’s no White disc on the far side to trap a line of Black discs. The White disc at **a6** is adjacent vertically, but that doesn’t flip anything.

So your worry makes sense, but **White can’t simply drop down to a7 there**.",False
p611,1,Neutral Feedback,"No — in Othello, White discs don’t **move** from **a6** to **a7**. White would have to **place** a new disc on **a7**, and that is only legal if it flips at least one Black disc.

After Black plays **b7**, **a7 is not a legal White move** because there’s no White disc on the far side to trap a line of Black discs. The White disc at **a6** is adjacent vertically, but that doesn’t flip anything.

So your worry makes sense, but **White can’t simply drop down to a7 there**.",False
p611,2,Direct Instruction,"What happened is: White didn’t “move” from **a6 to a7** — they likely **played a8** and flipped your **b7** disc along the diagonal/edge.

Key point: discs you place are **not permanent** unless they’re corners. A move can look good short-term but still allow White to flip it back later.

Now Black has legal moves: **g2, b6, a7, c8**.  
Before choosing, ask: **which move gives White the fewest strong replies, and avoids handing over more stable edge/corner discs?**",False
p611,2,Pose Simplified Problem,"What happened is: White didn’t “move” from **a6 to a7** — they likely **played a8** and flipped your **b7** disc along the diagonal/edge.

Key point: discs you place are **not permanent** unless they’re corners. A move can look good short-term but still allow White to flip it back later.

Now Black has legal moves: **g2, b6, a7, c8**.  
Before choosing, ask: **which move gives White the fewest strong replies, and avoids handing over more stable edge/corner discs?**",False
p611,3,Provide Correct Answer,"You’re right to be frustrated — I should have warned more clearly that White could take **a8** afterward.

From the current board, **a1 is not legal** for Black: there’s no pale dot there, so you can’t play it.

Best move now: **c8**.

Why:
- It is one of your legal moves.
- It flips **d8** to Black.
- More importantly, it avoids giving White an easy corner/edge follow-up compared with moves like **a7** or **b6**.

So play **Black c8**.",False
p611,3,Direct Instruction,"You’re right to be frustrated — I should have warned more clearly that White could take **a8** afterward.

From the current board, **a1 is not legal** for Black: there’s no pale dot there, so you can’t play it.

Best move now: **c8**.

Why:
- It is one of your legal moves.
- It flips **d8** to Black.
- More importantly, it avoids giving White an easy corner/edge follow-up compared with moves like **a7** or **b6**.

So play **Black c8**.",False
p611,3,Negative Feedback,"You’re right to be frustrated — I should have warned more clearly that White could take **a8** afterward.

From the current board, **a1 is not legal** for Black: there’s no pale dot there, so you can’t play it.

Best move now: **c8**.

Why:
- It is one of your legal moves.
- It flips **d8** to Black.
- More importantly, it avoids giving White an easy corner/edge follow-up compared with moves like **a7** or **b6**.

So play **Black c8**.",False
p611,4,Direct Instruction,"You’re right — my earlier guidance didn’t account for White’s reply well enough. Sorry.

Now, **a1 is not legal** because there’s no pale dot there. Your legal choices are only **g2, b6, a7**.

Think corner/edge:
- **g2** affects the top-right area near **h1**.
- **b6** affects the left side but may give White useful edge access.
- **a7** plays on the left edge under White’s **a8 corner**, so check what it flips and what White can actually do after.

If you want, I can give the exact move now.",False
p611,4,Hint,"You’re right — my earlier guidance didn’t account for White’s reply well enough. Sorry.

Now, **a1 is not legal** because there’s no pale dot there. Your legal choices are only **g2, b6, a7**.

Think corner/edge:
- **g2** affects the top-right area near **h1**.
- **b6** affects the left side but may give White useful edge access.
- **a7** plays on the left edge under White’s **a8 corner**, so check what it flips and what White can actually do after.

If you want, I can give the exact move now.",False
p611,4,Prompt,"You’re right — my earlier guidance didn’t account for White’s reply well enough. Sorry.

Now, **a1 is not legal** because there’s no pale dot there. Your legal choices are only **g2, b6, a7**.

Think corner/edge:
- **g2** affects the top-right area near **h1**.
- **b6** affects the left side but may give White useful edge access.
- **a7** plays on the left edge under White’s **a8 corner**, so check what it flips and what White can actually do after.

If you want, I can give the exact move now.",False
p611,4,Negative Feedback,"You’re right — my earlier guidance didn’t account for White’s reply well enough. Sorry.

Now, **a1 is not legal** because there’s no pale dot there. Your legal choices are only **g2, b6, a7**.

Think corner/edge:
- **g2** affects the top-right area near **h1**.
- **b6** affects the left side but may give White useful edge access.
- **a7** plays on the left edge under White’s **a8 corner**, so check what it flips and what White can actually do after.

If you want, I can give the exact move now.",False
p611,5,Direct Instruction,"Yes — **a7 is the right idea here**.

Why it makes sense:
- White already has the **a8 corner**, so playing **a7** does **not** give them a new corner.
- It flips back important discs on the left/bottom area: **a6, b7, c7**.
- The other moves, **g2** and **b6**, are more “loose” and give White easier replies.

So your read is good: **a7 is the safest/best practical move here.**",False
p611,5,Positive Feedback,"Yes — **a7 is the right idea here**.

Why it makes sense:
- White already has the **a8 corner**, so playing **a7** does **not** give them a new corner.
- It flips back important discs on the left/bottom area: **a6, b7, c7**.
- The other moves, **g2** and **b6**, are more “loose” and give White easier replies.

So your read is good: **a7 is the safest/best practical move here.**",False
p611,6,Direct Instruction,"You’re right that **a1 is a corner** and White can’t take *that* corner after you play it.

But the issue is **White’s reply at a3**:

- If Black plays **a1**, White can play **a3**.
- From **a3 downward**: a4, a5, a6, a7 are Black, ending at White’s **a8 corner**.
- So White flips **a4–a7** — a huge stable left-edge swing.

So **a3 does help White a lot** because White already owns **a8** as the anchor. Before choosing, compare: what happens if Black occupies **a3** first?",False
p611,6,Prompt,"You’re right that **a1 is a corner** and White can’t take *that* corner after you play it.

But the issue is **White’s reply at a3**:

- If Black plays **a1**, White can play **a3**.
- From **a3 downward**: a4, a5, a6, a7 are Black, ending at White’s **a8 corner**.
- So White flips **a4–a7** — a huge stable left-edge swing.

So **a3 does help White a lot** because White already owns **a8** as the anchor. Before choosing, compare: what happens if Black occupies **a3** first?",False
p611,6,Positive Feedback,"You’re right that **a1 is a corner** and White can’t take *that* corner after you play it.

But the issue is **White’s reply at a3**:

- If Black plays **a1**, White can play **a3**.
- From **a3 downward**: a4, a5, a6, a7 are Black, ending at White’s **a8 corner**.
- So White flips **a4–a7** — a huge stable left-edge swing.

So **a3 does help White a lot** because White already owns **a8** as the anchor. Before choosing, compare: what happens if Black occupies **a3** first?",False
p454,0,Direct Instruction,"a7 is legal — but in Othello you don’t move the disc from a5; you place a new Black disc on a7 and flip any trapped White discs.

Before you commit: look at the nearby empty corner a8. After Black plays a7, what legal moves might White get on the next turn? Compare that with a move like b7 and think about which leaves White fewer good replies.",False
p454,0,Hint,"a7 is legal — but in Othello you don’t move the disc from a5; you place a new Black disc on a7 and flip any trapped White discs.

Before you commit: look at the nearby empty corner a8. After Black plays a7, what legal moves might White get on the next turn? Compare that with a move like b7 and think about which leaves White fewer good replies.",False
p454,0,Prompt,"a7 is legal — but in Othello you don’t move the disc from a5; you place a new Black disc on a7 and flip any trapped White discs.

Before you commit: look at the nearby empty corner a8. After Black plays a7, what legal moves might White get on the next turn? Compare that with a move like b7 and think about which leaves White fewer good replies.",False
p454,0,Pose Simplified Problem,"a7 is legal — but in Othello you don’t move the disc from a5; you place a new Black disc on a7 and flip any trapped White discs.

Before you commit: look at the nearby empty corner a8. After Black plays a7, what legal moves might White get on the next turn? Compare that with a move like b7 and think about which leaves White fewer good replies.",False
p454,1,Direct Instruction,"That can happen: **b7** often gives White access to the **a8 corner**, and corners can’t be flipped back.

Now slow down and compare the legal moves: **g2, b6, a7, c8**.  
Ask: “After I play this, does White get a corner like **a1/h1**, or do I leave White with fewer moves?”  

Look especially at the edge moves and avoid just picking the move that flips the most right now.",False
p454,1,Hint,"That can happen: **b7** often gives White access to the **a8 corner**, and corners can’t be flipped back.

Now slow down and compare the legal moves: **g2, b6, a7, c8**.  
Ask: “After I play this, does White get a corner like **a1/h1**, or do I leave White with fewer moves?”  

Look especially at the edge moves and avoid just picking the move that flips the most right now.",False
p454,1,Prompt,"That can happen: **b7** often gives White access to the **a8 corner**, and corners can’t be flipped back.

Now slow down and compare the legal moves: **g2, b6, a7, c8**.  
Ask: “After I play this, does White get a corner like **a1/h1**, or do I leave White with fewer moves?”  

Look especially at the edge moves and avoid just picking the move that flips the most right now.",False
p454,1,Neutral Feedback,"That can happen: **b7** often gives White access to the **a8 corner**, and corners can’t be flipped back.

Now slow down and compare the legal moves: **g2, b6, a7, c8**.  
Ask: “After I play this, does White get a corner like **a1/h1**, or do I leave White with fewer moves?”  

Look especially at the edge moves and avoid just picking the move that flips the most right now.",False
p454,2,Direct Instruction,"Good catch: **a1 isn’t the issue right now**. But **h1 can become White’s move if Black plays g2**: from h1 along the diagonal goes **g2 Black, f3 White**, so White could take that corner.

So compare the other legal moves by asking: “Which move avoids giving White an empty corner and limits White’s replies?”",False
p454,2,Pose Simplified Problem,"Good catch: **a1 isn’t the issue right now**. But **h1 can become White’s move if Black plays g2**: from h1 along the diagonal goes **g2 Black, f3 White**, so White could take that corner.

So compare the other legal moves by asking: “Which move avoids giving White an empty corner and limits White’s replies?”",False
p454,2,Positive Feedback,"Good catch: **a1 isn’t the issue right now**. But **h1 can become White’s move if Black plays g2**: from h1 along the diagonal goes **g2 Black, f3 White**, so White could take that corner.

So compare the other legal moves by asking: “Which move avoids giving White an empty corner and limits White’s replies?”",False
p454,3,Direct Instruction,"You likely lost because **b7 gave White the a8 corner**.

Why that hurts:
- **a8 is a corner** → once White takes it, it can’t be flipped.
- From that corner, White can lock down the **a-file / 8th row area**.
- In the final board, White owns almost the whole left side and bottom-left: that’s why the final count is **White 40, Black 24**.

The lesson: in endgames, don’t just ask “what flips now?” Ask:

1. **Does my move give White a corner next?**
2. **Does it leave White with few/no legal moves?**
3. **What is the final disc count after the reply?**

So the mistake wasn’t “b7 is always bad” — it was playing next to the empty corner without seeing that White could profit from **a8**.",False
p454,3,Negative Feedback,"You likely lost because **b7 gave White the a8 corner**.

Why that hurts:
- **a8 is a corner** → once White takes it, it can’t be flipped.
- From that corner, White can lock down the **a-file / 8th row area**.
- In the final board, White owns almost the whole left side and bottom-left: that’s why the final count is **White 40, Black 24**.

The lesson: in endgames, don’t just ask “what flips now?” Ask:

1. **Does my move give White a corner next?**
2. **Does it leave White with few/no legal moves?**
3. **What is the final disc count after the reply?**

So the mistake wasn’t “b7 is always bad” — it was playing next to the empty corner without seeing that White could profit from **a8**.",False
p454,4,Direct Instruction,"Yes — **if a corner is legally available, it’s usually top priority**, because it can never be flipped.

But not “corners first” blindly. Better rule:

1. **Take a corner when you can.**
2. **Avoid playing next to an empty corner** if it lets White take it.
3. In the endgame, also check **mobility** and **final count**.

In this finished board, White won **40–24**, mainly because White got stable edge/corner control.",False
p383,0,Provide Correct Answer,"Best move: **b7**.

Why: it plays on the left edge without giving White an immediate corner, and it keeps Black’s endgame result best. The tempting moves like **a7/b8/c8** involve the bottom-left corner area and can let White gain a stable corner/edge sequence.",False
p383,0,Direct Instruction,"Best move: **b7**.

Why: it plays on the left edge without giving White an immediate corner, and it keeps Black’s endgame result best. The tempting moves like **a7/b8/c8** involve the bottom-left corner area and can let White gain a stable corner/edge sequence.",False
p383,1,Provide Correct Answer,"Best move: **c8**.

It’s an edge move that avoids handing White an easy corner. The other options around **a7 / b6** can make the bottom-left corner area dangerous, while **g2** doesn’t control the endgame as well.",False
p383,1,Direct Instruction,"Best move: **c8**.

It’s an edge move that avoids handing White an easy corner. The other options around **a7 / b6** can make the bottom-left corner area dangerous, while **g2** doesn’t control the endgame as well.",False
p383,2,Provide Correct Answer,"Yes — **c8** is the best move here.

Reason: **c8** safely gains the bottom edge direction and avoids giving White a strong corner/edge follow-up. The other legal moves (**g2, b6, a7**) leave Black with a worse endgame count.",False
p383,2,Direct Instruction,"Yes — **c8** is the best move here.

Reason: **c8** safely gains the bottom edge direction and avoids giving White a strong corner/edge follow-up. The other legal moves (**g2, b6, a7**) leave Black with a worse endgame count.",False
p383,3,Provide Correct Answer,"You’re right: after **c8**, White can likely play **b8** and flip **c8** back.

But that doesn’t automatically make **c8** bad — in the endgame, we care about the **final count**, not whether one disc gets flipped immediately. **c8** still works best because it limits White’s follow-up options and avoids giving away a corner/edge sequence too cheaply.",False
p383,3,Direct Instruction,"You’re right: after **c8**, White can likely play **b8** and flip **c8** back.

But that doesn’t automatically make **c8** bad — in the endgame, we care about the **final count**, not whether one disc gets flipped immediately. **c8** still works best because it limits White’s follow-up options and avoids giving away a corner/edge sequence too cheaply.",False
p383,3,Positive Feedback,"You’re right: after **c8**, White can likely play **b8** and flip **c8** back.

But that doesn’t automatically make **c8** bad — in the endgame, we care about the **final count**, not whether one disc gets flipped immediately. **c8** still works best because it limits White’s follow-up options and avoids giving away a corner/edge sequence too cheaply.",False
p383,4,Prompt,"From the final board, Black has **28** discs and White has **36**, so you lost by **8**.

I can’t tell for certain from this final board alone whether **c8** would have won, because I’d need the exact earlier position and White’s replies. But you were right to notice that **White playing b8 after c8** was a real issue — my “c8 is best” advice may have been wrong if that sequence lost the edge/corner balance.

If you can show the board from that turn again, I can count the exact c8 line.",False
p383,4,Positive Feedback,"From the final board, Black has **28** discs and White has **36**, so you lost by **8**.

I can’t tell for certain from this final board alone whether **c8** would have won, because I’d need the exact earlier position and White’s replies. But you were right to notice that **White playing b8 after c8** was a real issue — my “c8 is best” advice may have been wrong if that sequence lost the edge/corner balance.

If you can show the board from that turn again, I can count the exact c8 line.",False
p383,4,Neutral Feedback,"From the final board, Black has **28** discs and White has **36**, so you lost by **8**.

I can’t tell for certain from this final board alone whether **c8** would have won, because I’d need the exact earlier position and White’s replies. But you were right to notice that **White playing b8 after c8** was a real issue — my “c8 is best” advice may have been wrong if that sequence lost the edge/corner balance.

If you can show the board from that turn again, I can count the exact c8 line.",False
p17,0,Direct Instruction,"Not quite — **b8 is risky** because it sits right next to the empty **a8 corner**, so it may help White get access or control that edge later.

I’d compare it especially with **b7**: ask, “after my move, how many replies does White have, and can they take a corner?” In this endgame, **mobility and corner access matter more than flipping a few discs now**.",False
p17,0,Hint,"Not quite — **b8 is risky** because it sits right next to the empty **a8 corner**, so it may help White get access or control that edge later.

I’d compare it especially with **b7**: ask, “after my move, how many replies does White have, and can they take a corner?” In this endgame, **mobility and corner access matter more than flipping a few discs now**.",False
p17,0,Prompt,"Not quite — **b8 is risky** because it sits right next to the empty **a8 corner**, so it may help White get access or control that edge later.

I’d compare it especially with **b7**: ask, “after my move, how many replies does White have, and can they take a corner?” In this endgame, **mobility and corner access matter more than flipping a few discs now**.",False
p17,0,Negative Feedback,"Not quite — **b8 is risky** because it sits right next to the empty **a8 corner**, so it may help White get access or control that edge later.

I’d compare it especially with **b7**: ask, “after my move, how many replies does White have, and can they take a corner?” In this endgame, **mobility and corner access matter more than flipping a few discs now**.",False
p17,1,Provide Correct Answer,"I’d take **b7**.

Main reason: it avoids immediately giving White easy corner access, while keeping pressure on the bottom-left empties. Moves like **b8** are tempting, but they sit right beside the **a8 corner**, which is dangerous in the endgame.",False
p17,1,Direct Instruction,"I’d take **b7**.

Main reason: it avoids immediately giving White easy corner access, while keeping pressure on the bottom-left empties. Moves like **b8** are tempting, but they sit right beside the **a8 corner**, which is dangerous in the endgame.",False
p17,1,Hint,"I’d take **b7**.

Main reason: it avoids immediately giving White easy corner access, while keeping pressure on the bottom-left empties. Moves like **b8** are tempting, but they sit right beside the **a8 corner**, which is dangerous in the endgame.",False
p17,2,Direct Instruction,"Because **b7 is diagonally next to the a8 corner** — the dangerous “X-square.”

After you put a black disc on **b7**, White could play **a8** and bracket along the diagonal:

**a8–b7–c6–d5–e4**

So White’s corner move flipped that diagonal back, including **b7**. Corners can’t be flipped, so once White got **a8**, it became permanent.",False
p17,3,Provide Correct Answer,"You’re right to challenge that — **I misread the danger**. I focused on avoiding **b8**, but **b7 was also dangerous** because it’s the **X-square next to a8**, and it let White take the corner via that diagonal.

From the **current board**, I’d play **c8**. It’s legal, on the edge, and it avoids handing White an immediate corner like the lower-left options can.",False
p17,3,Direct Instruction,"You’re right to challenge that — **I misread the danger**. I focused on avoiding **b8**, but **b7 was also dangerous** because it’s the **X-square next to a8**, and it let White take the corner via that diagonal.

From the **current board**, I’d play **c8**. It’s legal, on the edge, and it avoids handing White an immediate corner like the lower-left options can.",False
p17,3,Positive Feedback,"You’re right to challenge that — **I misread the danger**. I focused on avoiding **b8**, but **b7 was also dangerous** because it’s the **X-square next to a8**, and it let White take the corner via that diagonal.

From the **current board**, I’d play **c8**. It’s legal, on the edge, and it avoids handing White an immediate corner like the lower-left options can.",False
p17,4,Direct Instruction,"That’s the endgame swing: **White’s “gain” is often from flipping long lines**, not because the move was necessarily decided by the current score. In the last few moves, discs can flip back and forth dramatically.

From this position, be extra wary of:

- **g2**: an X-square next to the empty **h1 corner**.
- **b6**: may open/affect the left-side mobility.
- **a7**: on the edge near an already-occupied corner, so ask whether it limits White’s replies best.

Don’t judge by “how many I flip now” — check what White is forced to play next.",False
p17,4,Hint,"That’s the endgame swing: **White’s “gain” is often from flipping long lines**, not because the move was necessarily decided by the current score. In the last few moves, discs can flip back and forth dramatically.

From this position, be extra wary of:

- **g2**: an X-square next to the empty **h1 corner**.
- **b6**: may open/affect the left-side mobility.
- **a7**: on the edge near an already-occupied corner, so ask whether it limits White’s replies best.

Don’t judge by “how many I flip now” — check what White is forced to play next.",False
p17,4,Prompt,"That’s the endgame swing: **White’s “gain” is often from flipping long lines**, not because the move was necessarily decided by the current score. In the last few moves, discs can flip back and forth dramatically.

From this position, be extra wary of:

- **g2**: an X-square next to the empty **h1 corner**.
- **b6**: may open/affect the left-side mobility.
- **a7**: on the edge near an already-occupied corner, so ask whether it limits White’s replies best.

Don’t judge by “how many I flip now” — check what White is forced to play next.",False
p669,0,Direct Instruction,"Yes — **g2 is legal**: it would flip along row 2.

But ask yourself the big endgame question: **what does it give White next?**  
If Black plays **g2**, then White can play the corner **h1** because the diagonal **h1–g2–f3** would bracket your new black disc. Corners are permanent, so that’s usually a big gift.

So before choosing g2, compare it with the other legal moves: **b6, a7, b7, b8, c8**.  
Look especially at: “Does my move let White take a corner next?”",False
p669,0,Hint,"Yes — **g2 is legal**: it would flip along row 2.

But ask yourself the big endgame question: **what does it give White next?**  
If Black plays **g2**, then White can play the corner **h1** because the diagonal **h1–g2–f3** would bracket your new black disc. Corners are permanent, so that’s usually a big gift.

So before choosing g2, compare it with the other legal moves: **b6, a7, b7, b8, c8**.  
Look especially at: “Does my move let White take a corner next?”",False
p669,0,Prompt,"Yes — **g2 is legal**: it would flip along row 2.

But ask yourself the big endgame question: **what does it give White next?**  
If Black plays **g2**, then White can play the corner **h1** because the diagonal **h1–g2–f3** would bracket your new black disc. Corners are permanent, so that’s usually a big gift.

So before choosing g2, compare it with the other legal moves: **b6, a7, b7, b8, c8**.  
Look especially at: “Does my move let White take a corner next?”",False
p669,0,Positive Feedback,"Yes — **g2 is legal**: it would flip along row 2.

But ask yourself the big endgame question: **what does it give White next?**  
If Black plays **g2**, then White can play the corner **h1** because the diagonal **h1–g2–f3** would bracket your new black disc. Corners are permanent, so that’s usually a big gift.

So before choosing g2, compare it with the other legal moves: **b6, a7, b7, b8, c8**.  
Look especially at: “Does my move let White take a corner next?”",False
p669,1,Direct Instruction,"Yes — after **Black g2**, White can likely take **h1**, because h1 would bracket your new g2 disc along the diagonal.

The goal is **not specifically to take corners**; the goal is **most discs at the end**. But corners are very valuable because once taken, they **can never be flipped**, and they often make nearby edge discs safe too.

So here, be suspicious of **g2** because it is next to the empty corner **h1**. A good question is: **Which of your other legal moves avoids giving White an immediate corner?**",False
p669,1,Hint,"Yes — after **Black g2**, White can likely take **h1**, because h1 would bracket your new g2 disc along the diagonal.

The goal is **not specifically to take corners**; the goal is **most discs at the end**. But corners are very valuable because once taken, they **can never be flipped**, and they often make nearby edge discs safe too.

So here, be suspicious of **g2** because it is next to the empty corner **h1**. A good question is: **Which of your other legal moves avoids giving White an immediate corner?**",False
p669,1,Pose Simplified Problem,"Yes — after **Black g2**, White can likely take **h1**, because h1 would bracket your new g2 disc along the diagonal.

The goal is **not specifically to take corners**; the goal is **most discs at the end**. But corners are very valuable because once taken, they **can never be flipped**, and they often make nearby edge discs safe too.

So here, be suspicious of **g2** because it is next to the empty corner **h1**. A good question is: **Which of your other legal moves avoids giving White an immediate corner?**",False
p669,2,Direct Instruction,"That’s a reasonable instinct: **c8 does avoid the immediate h1-corner problem** that g2 creates.

But don’t stop at “not next to a corner.” In the endgame, ask:

- After **c8**, what legal moves does White get near the **a8 corner** area?
- Does it let White play **b8** or **a7**, possibly setting up **a8** later?
- Does another move leave White with fewer good replies?

So compare **c8** with something like **b7**: even though b7 looks “near” the a8 corner, the exact follow-up moves matter more now.",False
p669,2,Hint,"That’s a reasonable instinct: **c8 does avoid the immediate h1-corner problem** that g2 creates.

But don’t stop at “not next to a corner.” In the endgame, ask:

- After **c8**, what legal moves does White get near the **a8 corner** area?
- Does it let White play **b8** or **a7**, possibly setting up **a8** later?
- Does another move leave White with fewer good replies?

So compare **c8** with something like **b7**: even though b7 looks “near” the a8 corner, the exact follow-up moves matter more now.",False
p669,2,Prompt,"That’s a reasonable instinct: **c8 does avoid the immediate h1-corner problem** that g2 creates.

But don’t stop at “not next to a corner.” In the endgame, ask:

- After **c8**, what legal moves does White get near the **a8 corner** area?
- Does it let White play **b8** or **a7**, possibly setting up **a8** later?
- Does another move leave White with fewer good replies?

So compare **c8** with something like **b7**: even though b7 looks “near” the a8 corner, the exact follow-up moves matter more now.",False
p669,2,Pose Simplified Problem,"That’s a reasonable instinct: **c8 does avoid the immediate h1-corner problem** that g2 creates.

But don’t stop at “not next to a corner.” In the endgame, ask:

- After **c8**, what legal moves does White get near the **a8 corner** area?
- Does it let White play **b8** or **a7**, possibly setting up **a8** later?
- Does another move leave White with fewer good replies?

So compare **c8** with something like **b7**: even though b7 looks “near” the a8 corner, the exact follow-up moves matter more now.",False
p669,2,Neutral Feedback,"That’s a reasonable instinct: **c8 does avoid the immediate h1-corner problem** that g2 creates.

But don’t stop at “not next to a corner.” In the endgame, ask:

- After **c8**, what legal moves does White get near the **a8 corner** area?
- Does it let White play **b8** or **a7**, possibly setting up **a8** later?
- Does another move leave White with fewer good replies?

So compare **c8** with something like **b7**: even though b7 looks “near” the a8 corner, the exact follow-up moves matter more now.",False
p669,3,Direct Instruction,"You’re comparing the right two.

Key difference:

- **After c8**, White can play the **a1 corner**: diagonal **a1–b2–c3–d4–e5–f6–g7** works for White. Corners can’t be flipped back.
- **After b7**, you flip **c7 through g7** to black, so that diagonal is broken — White **doesn’t get a1** that way.

So even though **c8 flips more right now**, it may hand White a permanent corner. **b7 is about reducing White’s dangerous replies**, not maximizing immediate flips.",False
p669,3,Positive Feedback,"You’re comparing the right two.

Key difference:

- **After c8**, White can play the **a1 corner**: diagonal **a1–b2–c3–d4–e5–f6–g7** works for White. Corners can’t be flipped back.
- **After b7**, you flip **c7 through g7** to black, so that diagonal is broken — White **doesn’t get a1** that way.

So even though **c8 flips more right now**, it may hand White a permanent corner. **b7 is about reducing White’s dangerous replies**, not maximizing immediate flips.",False
p669,4,Direct Instruction,"If you play **b7**, the main idea is: you’ve turned row 7 black, which **blocks White’s a1 diagonal corner threat**.

After that, don’t plan too far ahead yet—White’s reply matters. On your next turn, look for:

- **Any corner you can legally take**: **a1, h1, a8** are still empty.
- Moves that make White run out of safe moves or force them next to a corner.
- Avoid playing next to an empty corner unless it **forces** something good.

So the “advantage” after **b7** is less “I get a corner immediately” and more “I stop White from getting a free corner, then see what corner fight White creates.”",False
p669,4,Hint,"If you play **b7**, the main idea is: you’ve turned row 7 black, which **blocks White’s a1 diagonal corner threat**.

After that, don’t plan too far ahead yet—White’s reply matters. On your next turn, look for:

- **Any corner you can legally take**: **a1, h1, a8** are still empty.
- Moves that make White run out of safe moves or force them next to a corner.
- Avoid playing next to an empty corner unless it **forces** something good.

So the “advantage” after **b7** is less “I get a corner immediately” and more “I stop White from getting a free corner, then see what corner fight White creates.”",False
p76,0,Provide Correct Answer,"Yes — **b7** is the move I’d go for here.

It flips the whole row **c7–g7**, and importantly it doesn’t appear to give White an immediate corner. In endgames, still think “what can White do next?” — but here **b7** looks like the strongest choice.",False
p76,0,Direct Instruction,"Yes — **b7** is the move I’d go for here.

It flips the whole row **c7–g7**, and importantly it doesn’t appear to give White an immediate corner. In endgames, still think “what can White do next?” — but here **b7** looks like the strongest choice.",False
p76,0,Positive Feedback,"Yes — **b7** is the move I’d go for here.

It flips the whole row **c7–g7**, and importantly it doesn’t appear to give White an immediate corner. In endgames, still think “what can White do next?” — but here **b7** looks like the strongest choice.",False
p76,1,Provide Correct Answer,"Probably not — **b7 looks like the strongest move**.

Why: it wins a big line across row 7 **without immediately handing White a corner**. The tempting edge moves near **a8** — like **b8/c8/a7** — are more dangerous because corners become permanent in the endgame.",False
p76,1,Direct Instruction,"Probably not — **b7 looks like the strongest move**.

Why: it wins a big line across row 7 **without immediately handing White a corner**. The tempting edge moves near **a8** — like **b8/c8/a7** — are more dangerous because corners become permanent in the endgame.",False
p76,1,Neutral Feedback,"Probably not — **b7 looks like the strongest move**.

Why: it wins a big line across row 7 **without immediately handing White a corner**. The tempting edge moves near **a8** — like **b8/c8/a7** — are more dangerous because corners become permanent in the endgame.",False
p76,2,Direct Instruction,"I’d be very cautious with **g2**: it’s diagonal to the empty corner **h1**.

After Black plays **g2**, White likely gets **h1** immediately, because the diagonal **h1–g2–f3** works for White. A corner is permanent, so ask: is the flip from g2 worth giving White that corner?",False
p76,2,Prompt,"I’d be very cautious with **g2**: it’s diagonal to the empty corner **h1**.

After Black plays **g2**, White likely gets **h1** immediately, because the diagonal **h1–g2–f3** works for White. A corner is permanent, so ask: is the flip from g2 worth giving White that corner?",False
p76,3,Provide Correct Answer,"**a7 is playable**, but I’d compare it against **c8** before deciding.

Key question: after **a7**, what good reply does White get on the remaining edge squares? In this position, **c8** looks safer because it plays on the bottom edge near your **h8 corner** without opening a new corner for White.",False
p76,3,Direct Instruction,"**a7 is playable**, but I’d compare it against **c8** before deciding.

Key question: after **a7**, what good reply does White get on the remaining edge squares? In this position, **c8** looks safer because it plays on the bottom edge near your **h8 corner** without opening a new corner for White.",False
p76,3,Hint,"**a7 is playable**, but I’d compare it against **c8** before deciding.

Key question: after **a7**, what good reply does White get on the remaining edge squares? In this position, **c8** looks safer because it plays on the bottom edge near your **h8 corner** without opening a new corner for White.",False
p76,3,Prompt,"**a7 is playable**, but I’d compare it against **c8** before deciding.

Key question: after **a7**, what good reply does White get on the remaining edge squares? In this position, **c8** looks safer because it plays on the bottom edge near your **h8 corner** without opening a new corner for White.",False
p76,4,Provide Correct Answer,"Yes — **a7** now.

It’s safer than **g2**, which likely gives White the **h1 corner**, and **a7** also takes the left edge while flipping **a6, b7, c7**. In this endgame, avoiding giving up a corner matters more than the biggest immediate flip.",False
p76,4,Direct Instruction,"Yes — **a7** now.

It’s safer than **g2**, which likely gives White the **h1 corner**, and **a7** also takes the left edge while flipping **a6, b7, c7**. In this endgame, avoiding giving up a corner matters more than the biggest immediate flip.",False
p76,4,Positive Feedback,"Yes — **a7** now.

It’s safer than **g2**, which likely gives White the **h1 corner**, and **a7** also takes the left edge while flipping **a6, b7, c7**. In this endgame, avoiding giving up a corner matters more than the biggest immediate flip.",False
p76,5,Provide Correct Answer,"**b6 is legal**, but be careful: it leaves **a7** available for White next.

Ask yourself: if White takes **a7**, do you still have a good finish? **a7 first** removes that option and also flips along the left/bottom edge area.",False
p76,5,Direct Instruction,"**b6 is legal**, but be careful: it leaves **a7** available for White next.

Ask yourself: if White takes **a7**, do you still have a good finish? **a7 first** removes that option and also flips along the left/bottom edge area.",False
p76,5,Prompt,"**b6 is legal**, but be careful: it leaves **a7** available for White next.

Ask yourself: if White takes **a7**, do you still have a good finish? **a7 first** removes that option and also flips along the left/bottom edge area.",False
p76,6,Direct Instruction,"Maybe — but don’t spend time on the past move. **Now compare the 3 legal moves: a1, g2, a3.**

Key checks:
- **g2** is dangerous because it can give White access to the **h1 corner**.
- **a1** is a corner, but ask what it lets White do on **a3/a-file**.
- Look for a move that may leave White with **no legal move** — then White must **pass**, and you play again.",False
p76,6,Hint,"Maybe — but don’t spend time on the past move. **Now compare the 3 legal moves: a1, g2, a3.**

Key checks:
- **g2** is dangerous because it can give White access to the **h1 corner**.
- **a1** is a corner, but ask what it lets White do on **a3/a-file**.
- Look for a move that may leave White with **no legal move** — then White must **pass**, and you play again.",False
p76,6,Prompt,"Maybe — but don’t spend time on the past move. **Now compare the 3 legal moves: a1, g2, a3.**

Key checks:
- **g2** is dangerous because it can give White access to the **h1 corner**.
- **a1** is a corner, but ask what it lets White do on **a3/a-file**.
- Look for a move that may leave White with **no legal move** — then White must **pass**, and you play again.",False
p76,7,Provide Correct Answer,"**a3**.

After **Black a3**, the remaining empties are **a1, g2, h1**, and White has **no legal flip** on any of them — so White must **pass**, and you get another move.",False
p76,7,Direct Instruction,"**a3**.

After **Black a3**, the remaining empties are **a1, g2, h1**, and White has **no legal flip** on any of them — so White must **pass**, and you get another move.",False
p76,8,Provide Correct Answer,"Yes — **a1 now**.

It’s a **corner**, so it can’t be flipped back, and it likely forces White to **pass** because the only other empties are **g2/h1** with no White flip available immediately. Then you get to move again.",False
p76,8,Direct Instruction,"Yes — **a1 now**.

It’s a **corner**, so it can’t be flipped back, and it likely forces White to **pass** because the only other empties are **g2/h1** with no White flip available immediately. Then you get to move again.",False
p332,0,Direct Instruction,"No. **g7 is not legal** (it’s already occupied by a white disc).  

Your legal moves are the pale-dot squares: **g2, b6, a7, b7, b8, c8**.",False
p332,0,Negative Feedback,"No. **g7 is not legal** (it’s already occupied by a white disc).  

Your legal moves are the pale-dot squares: **g2, b6, a7, b7, b8, c8**.",False
p332,1,Direct Instruction,"Yes — **g2 is legal**.

It would flip **f2** horizontally, and also the diagonal **f3–e4–d5** (ending at your black disc on **c6**).",False
p332,1,Positive Feedback,"Yes — **g2 is legal**.

It would flip **f2** horizontally, and also the diagonal **f3–e4–d5** (ending at your black disc on **c6**).",False
p332,2,Direct Instruction,"**g2 is legal, but it’s high-risk.**

Why: **g2 is diagonal next to the empty corner h1**. Even if White can’t necessarily take h1 immediately, playing beside an open corner can make that corner available later — and corners are permanent.

Also, **g2 flips several discs now**, but in the endgame that can be misleading if it gives White better replies/mobility. Compare it by asking: *after g2, does White get a strong corner/edge move or leave me with few moves?*",False
p332,2,Prompt,"**g2 is legal, but it’s high-risk.**

Why: **g2 is diagonal next to the empty corner h1**. Even if White can’t necessarily take h1 immediately, playing beside an open corner can make that corner available later — and corners are permanent.

Also, **g2 flips several discs now**, but in the endgame that can be misleading if it gives White better replies/mobility. Compare it by asking: *after g2, does White get a strong corner/edge move or leave me with few moves?*",False
p332,2,Neutral Feedback,"**g2 is legal, but it’s high-risk.**

Why: **g2 is diagonal next to the empty corner h1**. Even if White can’t necessarily take h1 immediately, playing beside an open corner can make that corner available later — and corners are permanent.

Also, **g2 flips several discs now**, but in the endgame that can be misleading if it gives White better replies/mobility. Compare it by asking: *after g2, does White get a strong corner/edge move or leave me with few moves?*",False
p332,3,Provide Correct Answer,"A better move is **b7**.

Why: it’s safer than **g2** because it doesn’t sit next to the open **h1** corner, and it works on the bottom-left area where you still have legal follow-ups (**a7/b8/c8**). In endgame terms, **b7** is more about keeping control and mobility, not just flipping the most discs immediately.",False
p332,3,Direct Instruction,"A better move is **b7**.

Why: it’s safer than **g2** because it doesn’t sit next to the open **h1** corner, and it works on the bottom-left area where you still have legal follow-ups (**a7/b8/c8**). In endgame terms, **b7** is more about keeping control and mobility, not just flipping the most discs immediately.",False
p332,4,Direct Instruction,"Not really — **b7 does *not* secure a8**. In fact, after **b7**, White may be able to play **a8** along the diagonal **a8–b7–c6–d5**.

The reason **b7** can still be good is not “corner security,” but **endgame mobility/final count**: it gives you control across row 7 and may leave White with awkward replies.",False
p332,4,Negative Feedback,"Not really — **b7 does *not* secure a8**. In fact, after **b7**, White may be able to play **a8** along the diagonal **a8–b7–c6–d5**.

The reason **b7** can still be good is not “corner security,” but **endgame mobility/final count**: it gives you control across row 7 and may leave White with awkward replies.",False
p332,5,Provide Correct Answer,"The best-looking move here is **c8**.

It only flips **d8**, which seems small, but that’s good endgame discipline: it avoids risky squares like **g2** near the open **h1** corner, and it doesn’t give White an easy big corner swing. After **c8**, re-check White’s legal replies and aim to keep their mobility low.",False
p332,5,Direct Instruction,"The best-looking move here is **c8**.

It only flips **d8**, which seems small, but that’s good endgame discipline: it avoids risky squares like **g2** near the open **h1** corner, and it doesn’t give White an easy big corner swing. After **c8**, re-check White’s legal replies and aim to keep their mobility low.",False
p332,5,Prompt,"The best-looking move here is **c8**.

It only flips **d8**, which seems small, but that’s good endgame discipline: it avoids risky squares like **g2** near the open **h1** corner, and it doesn’t give White an easy big corner swing. After **c8**, re-check White’s legal replies and aim to keep their mobility low.",False
p332,6,Direct Instruction,"**g2 is legal, but I wouldn’t call it the best move now.** It flips a lot right away, but that can be a trap in the endgame, and it leaves the corner situation around **h1** unresolved.

I’d look more seriously at **a7** here: it’s an edge move and seems to manage the remaining corner/edge squares more safely.",False
p332,6,Hint,"**g2 is legal, but I wouldn’t call it the best move now.** It flips a lot right away, but that can be a trap in the endgame, and it leaves the corner situation around **h1** unresolved.

I’d look more seriously at **a7** here: it’s an edge move and seems to manage the remaining corner/edge squares more safely.",False
p332,6,Neutral Feedback,"**g2 is legal, but I wouldn’t call it the best move now.** It flips a lot right away, but that can be a trap in the endgame, and it leaves the corner situation around **h1** unresolved.

I’d look more seriously at **a7** here: it’s an edge move and seems to manage the remaining corner/edge squares more safely.",False
p332,7,Direct Instruction,"**a1 does secure that corner** — corners can’t be flipped back.

But here it’s not automatically best: **a1 only flips b2**, and it likely lets White answer **a3**, flipping a lot down the **a-file** (**a4–a7**). So the safer question is: *does taking a1 now give White too much on a3?*",False
p332,7,Prompt,"**a1 does secure that corner** — corners can’t be flipped back.

But here it’s not automatically best: **a1 only flips b2**, and it likely lets White answer **a3**, flipping a lot down the **a-file** (**a4–a7**). So the safer question is: *does taking a1 now give White too much on a3?*",False
p332,8,Provide Correct Answer,"The better move is **a3**.

Even though **a1 is a corner**, taking it now can let White use **a3** afterward to swing the left edge. Playing **a3** first takes away that danger and should give Black the better endgame result.",False
p332,8,Direct Instruction,"The better move is **a3**.

Even though **a1 is a corner**, taking it now can let White use **a3** afterward to swing the left edge. Playing **a3** first takes away that danger and should give Black the better endgame result.",False
p332,9,Provide Correct Answer,"**a1 is better.**

- **a1 is a corner**, so it’s permanent and can’t be flipped back.
- **g2 lets White take h1 next** via the diagonal **h1–g2–f3**, giving White a corner.

So between those two, choose **a1**.",False
p332,9,Direct Instruction,"**a1 is better.**

- **a1 is a corner**, so it’s permanent and can’t be flipped back.
- **g2 lets White take h1 next** via the diagonal **h1–g2–f3**, giving White a corner.

So between those two, choose **a1**.",False
p812,0,Provide Correct Answer,"I’d suggest **b7**.

Why: it’s legal, flips across row 7, and in this endgame it keeps the best overall disc-count outlook. The key is not “most flips now,” but avoiding giving White easy corner/edge access while limiting their next moves.",False
p812,0,Direct Instruction,"I’d suggest **b7**.

Why: it’s legal, flips across row 7, and in this endgame it keeps the best overall disc-count outlook. The key is not “most flips now,” but avoiding giving White easy corner/edge access while limiting their next moves.",False
p812,1,Provide Correct Answer,"I’d play **g2**.

It’s a safe legal move that doesn’t give White an obvious corner, and it keeps the bottom-left options (**b8/c8**) available for later. **b8** is also a strong choice; I’d avoid **c8** unless you’ve counted it out carefully.",False
p812,1,Direct Instruction,"I’d play **g2**.

It’s a safe legal move that doesn’t give White an obvious corner, and it keeps the bottom-left options (**b8/c8**) available for later. **b8** is also a strong choice; I’d avoid **c8** unless you’ve counted it out carefully.",False
p812,2,Provide Correct Answer,"Play **b8**.

It takes the edge square next to the corner you already control at **a8**, and it gives White fewer ways to swing the final count. **c8** flips more-looking material but leaves a worse finish.",False
p812,2,Direct Instruction,"Play **b8**.

It takes the edge square next to the corner you already control at **a8**, and it gives White fewer ways to swing the final count. **c8** flips more-looking material but leaves a worse finish.",False
p812,3,Direct Instruction,"From this final board, the big issue was **corners/edges**, not flips.

- White ended with **3 corners**: **a1, h1, a8**
- Black only has **1 corner**: **h8**
- White also controls almost the whole **top row** and **left edge**, which are stable discs.

So the mistake was likely an earlier move that let White take **a8** or the top corners/edges — especially playing a square next to an empty corner too soon, like **b8/a7/b7** type squares if **a8** was still available.

Final count: **White 42, Black 22**.  
So you didn’t lose by one bad flip-count move at the end; you lost because White got the stable corner/edge structure.",False
p812,3,Hint,"From this final board, the big issue was **corners/edges**, not flips.

- White ended with **3 corners**: **a1, h1, a8**
- Black only has **1 corner**: **h8**
- White also controls almost the whole **top row** and **left edge**, which are stable discs.

So the mistake was likely an earlier move that let White take **a8** or the top corners/edges — especially playing a square next to an empty corner too soon, like **b8/a7/b7** type squares if **a8** was still available.

Final count: **White 42, Black 22**.  
So you didn’t lose by one bad flip-count move at the end; you lost because White got the stable corner/edge structure.",False
p812,4,Provide Correct Answer,"For a **fresh standard Othello start**, Black’s legal openings are **c4, d3, e6, f5** — they’re all equivalent by symmetry.

I’d suggest **c4** simply as a consistent choice. Early goal: don’t chase flips; aim for **mobility** and avoid giving easy corners later.",False
p812,4,Direct Instruction,"For a **fresh standard Othello start**, Black’s legal openings are **c4, d3, e6, f5** — they’re all equivalent by symmetry.

I’d suggest **c4** simply as a consistent choice. Early goal: don’t chase flips; aim for **mobility** and avoid giving easy corners later.",False
p286,0,Provide Correct Answer,"Best move: **b7**.

Why: it flips the row to the right while keeping White’s options awkward. In this endgame, **mobility and final count matter more than just grabbing corners immediately**; the other legal edge/corner-adjacent moves can give White easier access to important empty corners like **a8/h1**.",False
p286,0,Direct Instruction,"Best move: **b7**.

Why: it flips the row to the right while keeping White’s options awkward. In this endgame, **mobility and final count matter more than just grabbing corners immediately**; the other legal edge/corner-adjacent moves can give White easier access to important empty corners like **a8/h1**.",False
p286,1,Direct Instruction,"Game over — **no empty squares and no move to make**.

Final count: **Black 22, White 42**.  
White wins by **20 discs**.",False
p286,2,Direct Instruction,"No worries — Othello endgames are *very* punishing, even when you feel ahead.

This position is finished: **0 empty squares**, final score **Black 22 – White 42**.

Next time, ask me when there are a few empties left and I’ll help you compare moves by:

1. **Corners** — permanent discs.
2. **Avoiding corner giveaways** — especially squares next to empty corners.
3. **Mobility** — leaving White few/no legal moves.
4. **Final count** — not just “flip the most now.”",False
p286,2,Neutral Feedback,"No worries — Othello endgames are *very* punishing, even when you feel ahead.

This position is finished: **0 empty squares**, final score **Black 22 – White 42**.

Next time, ask me when there are a few empties left and I’ll help you compare moves by:

1. **Corners** — permanent discs.
2. **Avoiding corner giveaways** — especially squares next to empty corners.
3. **Mobility** — leaving White few/no legal moves.
4. **Final count** — not just “flip the most now.”",False
p286,3,Direct Instruction,"You’re welcome. This game is already over: **0 empty squares, no legal moves**.

Final score: **Black 22 – White 42**.  
White wins by **20**.",False
p286,4,Direct Instruction,"You’re welcome.

This game is complete: **0 empty squares**, so Black has **no move**.

Final count: **Black 22, White 42** — White wins by **20**.",False
p722,0,Direct Instruction,"Othello/Reversi basics:

- You are **Black**. On your turn, place a black disc on a **legal empty square** marked by a pale dot.
- A move is legal if it **traps one or more White discs** in a straight line between your new black disc and another black disc.
- Any trapped White discs are **flipped to Black**.
- Then White moves the same way.
- If a player has **no legal move**, they must **pass**.
- When the board is full or neither player can move, the player with **more discs wins**.

In this endgame, don’t just pick the move that flips the most now. Think about:
- **Corners**: once taken, they can’t be flipped.
- **Squares next to empty corners** can be risky.
- **Mobility**: leave White with few bad moves if possible.
- Try to imagine the final disc count, not just this turn.",False
p722,1,Direct Instruction,"No worries—use this checklist:

- Be **very careful with g2**: it’s next to the empty **h1 corner**, so ask “could White get h1 after this?”
- Compare the edge moves **a7, b8, c8**: edge moves can be good, but check what White’s legal replies become.
- In endgame, ask: “After my move, does White have only bad moves or a strong corner move?”

Try mentally playing one candidate and look at White’s next legal moves. Which move seems to limit White most?",False
p722,1,Hint,"No worries—use this checklist:

- Be **very careful with g2**: it’s next to the empty **h1 corner**, so ask “could White get h1 after this?”
- Compare the edge moves **a7, b8, c8**: edge moves can be good, but check what White’s legal replies become.
- In endgame, ask: “After my move, does White have only bad moves or a strong corner move?”

Try mentally playing one candidate and look at White’s next legal moves. Which move seems to limit White most?",False
p722,1,Prompt,"No worries—use this checklist:

- Be **very careful with g2**: it’s next to the empty **h1 corner**, so ask “could White get h1 after this?”
- Compare the edge moves **a7, b8, c8**: edge moves can be good, but check what White’s legal replies become.
- In endgame, ask: “After my move, does White have only bad moves or a strong corner move?”

Try mentally playing one candidate and look at White’s next legal moves. Which move seems to limit White most?",False
p722,1,Pose Simplified Problem,"No worries—use this checklist:

- Be **very careful with g2**: it’s next to the empty **h1 corner**, so ask “could White get h1 after this?”
- Compare the edge moves **a7, b8, c8**: edge moves can be good, but check what White’s legal replies become.
- In endgame, ask: “After my move, does White have only bad moves or a strong corner move?”

Try mentally playing one candidate and look at White’s next legal moves. Which move seems to limit White most?",False
p722,2,Direct Instruction,"The board/game is finished, so look **outside or below the board area** for a button labeled **“Finish”**.

If you don’t see it:
- scroll down a bit,
- check the bottom-right of the page,
- or zoom out slightly.

Then click **Finish** to continue.",False
p722,3,Direct Instruction,"The game is definitely over: board is full, **Black 17 – White 47**.

If there’s no **Finish** button:
- try **scrolling down/up**
- zoom out: **Ctrl/Cmd + -**
- check bottom-right/below the board
- if still missing, it may be a page glitch — tell the study/admin: **“Game ended but Finish button is not visible.”**",False
p722,4,Direct Instruction,"Yes—game is over and there are **0 empty squares**, so there’s no move to make.

Final count appears to be:
- **Black: 17**
- **White: 47**

If there’s no Finish button visible, this is a interface issue. Try refreshing or tell the study/admin exactly: **“The game ended, but the Finish button is not visible.”**",False
p155,0,Direct Instruction,"g2 is **legal**, but I’d be cautious: it flips a few discs now, yet it sits next to the empty **h1 corner area**, so it may help White get access later.

In the endgame, ask: after **g2**, does White get more good replies or fewer? If it gives White mobility/corner chances, the immediate flips probably aren’t worth it.",False
p155,0,Prompt,"g2 is **legal**, but I’d be cautious: it flips a few discs now, yet it sits next to the empty **h1 corner area**, so it may help White get access later.

In the endgame, ask: after **g2**, does White get more good replies or fewer? If it gives White mobility/corner chances, the immediate flips probably aren’t worth it.",False
p155,0,Neutral Feedback,"g2 is **legal**, but I’d be cautious: it flips a few discs now, yet it sits next to the empty **h1 corner area**, so it may help White get access later.

In the endgame, ask: after **g2**, does White get more good replies or fewer? If it gives White mobility/corner chances, the immediate flips probably aren’t worth it.",False
p155,1,Provide Correct Answer,"Play **b7**.

Why: it’s the move that best protects your final score, not just the biggest flip right now. It helps control the lower-left edge and avoids giving White an easy corner/edge swing. After **b7**, watch White’s replies and keep prioritizing: **corners first, deny corners, and limit White’s legal moves**.",False
p155,1,Direct Instruction,"Play **b7**.

Why: it’s the move that best protects your final score, not just the biggest flip right now. It helps control the lower-left edge and avoids giving White an easy corner/edge swing. After **b7**, watch White’s replies and keep prioritizing: **corners first, deny corners, and limit White’s legal moves**.",False
p155,2,Direct Instruction,"Othello/Reversi basics:

- You are **Black**. Opponent is **White**.
- On your turn, you place a black disc on a **legal empty square**.
- A move is legal if it **traps one or more white discs** in a straight line between:
  - the disc you place, and
  - another black disc already on the board.
- Trapped white discs are **flipped to black**.
- Lines can be horizontal, vertical, or diagonal.
- If you have **no legal moves**, you **pass**.
- When the board is full or neither player can move, the game ends.
- Whoever has **more discs** wins.

In this shown position, the board is full:  
**Black: 22**  
**White: 42**  

So the game is over, and **White wins**.",False
p155,3,Direct Instruction,"At this point, **there is no move or advantage left**: the board is full, so the game is over.

Final count:
- **Black: 22**
- **White: 42**

So **White wins by 20**.

For future games, the biggest “winning advantages” are:

1. **Take corners** — they can never be flipped.
2. **Avoid squares next to empty corners** unless you know they are safe.
3. **Limit White’s legal moves** — mobility often matters more than flipping many discs.
4. **Think about the final count**, not just the current flip count.
5. In the endgame, try to force White to play bad moves or pass.",False
p155,4,Direct Instruction,"No — a disc **in a corner can never be flipped**.

To flip a disc, you must trap it **between two of your discs** in a straight line. But a corner has no square “behind” it, so it can’t be surrounded from both ends.

So if White owns a corner, it is **permanent White**. You can only try to limit the damage by controlling nearby edge squares, but you can’t flip the corner itself.

Also in this position the board is full, so the game is already over.",False
p155,4,Negative Feedback,"No — a disc **in a corner can never be flipped**.

To flip a disc, you must trap it **between two of your discs** in a straight line. But a corner has no square “behind” it, so it can’t be surrounded from both ends.

So if White owns a corner, it is **permanent White**. You can only try to limit the damage by controlling nearby edge squares, but you can’t flip the corner itself.

Also in this position the board is full, so the game is already over.",False
p127,0,Provide Correct Answer,"Play **c8**.

It’s the best-looking endgame move here because it keeps White’s options tighter and avoids immediately giving access near the empty top corners. Don’t worry about flipping the most discs now — with only 8 empties, **final count and mobility** matter more.",False
p127,0,Direct Instruction,"Play **c8**.

It’s the best-looking endgame move here because it keeps White’s options tighter and avoids immediately giving access near the empty top corners. Don’t worry about flipping the most discs now — with only 8 empties, **final count and mobility** matter more.",False
p127,1,Provide Correct Answer,"Play **a1**.

It’s a **corner**, so those discs can’t be flipped back, and with only 4 empties left that stability matters more than a big immediate flip. **a7** also looks strong; I’d avoid **b6**.",False
p127,1,Direct Instruction,"Play **a1**.

It’s a **corner**, so those discs can’t be flipped back, and with only 4 empties left that stability matters more than a big immediate flip. **a7** also looks strong; I’d avoid **b6**.",False
p127,2,Direct Instruction,"Because a legal Othello move must:

1. Be on an **empty square**, and  
2. **Bracket at least one White disc** in a straight line with a Black disc at the far end.

On this final board, **a7 is already Black**, so it cannot be played. More generally, if **a7 did not have a pale legal-move dot**, then it was illegal because it didn’t flip anything.

Sorry — if I said a7 was possible, that was mistaken. Only the dotted squares are legal. The game is now over: **Black 29, White 35**.",False
p127,2,Negative Feedback,"Because a legal Othello move must:

1. Be on an **empty square**, and  
2. **Bracket at least one White disc** in a straight line with a Black disc at the far end.

On this final board, **a7 is already Black**, so it cannot be played. More generally, if **a7 did not have a pale legal-move dot**, then it was illegal because it didn’t flip anything.

Sorry — if I said a7 was possible, that was mistaken. Only the dotted squares are legal. The game is now over: **Black 29, White 35**.",False
p127,3,Direct Instruction,"Yes — that final board is **Black 29, White 35**, so Black lost by **6 discs**.

And you’re right to question it: since **a7 wasn’t legal**, my earlier suggestion was wrong. Sorry about that. In Othello, you can only play on a dotted empty square that flips at least one opponent disc.",False
p127,3,Negative Feedback,"Yes — that final board is **Black 29, White 35**, so Black lost by **6 discs**.

And you’re right to question it: since **a7 wasn’t legal**, my earlier suggestion was wrong. Sorry about that. In Othello, you can only play on a dotted empty square that flips at least one opponent disc.",False
p127,4,Direct Instruction,"For next game, I’d suggest these habits:

- **Check only dotted squares** — if no dot, it’s illegal.
- **Don’t chase big flips early**; big flips often give White more targets.
- **Protect corners**: avoid playing next to an empty corner unless you’ve calculated it.
  - Dangerous squares: **b1, a2, b2** near a1; similarly around other corners.
- **Think mobility**: ask, “After my move, how many good moves does White get?”
- **Endgame: count it out**. With few empties, the best move is often the one that wins the final disc count, not the one flipping most now.

If you send the first board of the next game, I’ll help you reason through the legal options.",False
p127,4,Prompt,"For next game, I’d suggest these habits:

- **Check only dotted squares** — if no dot, it’s illegal.
- **Don’t chase big flips early**; big flips often give White more targets.
- **Protect corners**: avoid playing next to an empty corner unless you’ve calculated it.
  - Dangerous squares: **b1, a2, b2** near a1; similarly around other corners.
- **Think mobility**: ask, “After my move, how many good moves does White get?”
- **Endgame: count it out**. With few empties, the best move is often the one that wins the final disc count, not the one flipping most now.

If you send the first board of the next game, I’ll help you reason through the legal options.",False
p86,0,Hint,"Take a moment to compare the legal moves by **corner access**:

- **b8 or c8** are next to the empty corner **a8** / along that bottom edge—could they let White take **a8** soon?
- **a7 or b7** affect the empty corner area **a8** too, but in different ways.
- **g2** is near the empty corner **h1** area; check whether it gives White a corner or limits White.

Key endgame question: after your move, **what legal moves does White get**, especially corners like **a8** or **h1**?",False
p86,0,Prompt,"Take a moment to compare the legal moves by **corner access**:

- **b8 or c8** are next to the empty corner **a8** / along that bottom edge—could they let White take **a8** soon?
- **a7 or b7** affect the empty corner area **a8** too, but in different ways.
- **g2** is near the empty corner **h1** area; check whether it gives White a corner or limits White.

Key endgame question: after your move, **what legal moves does White get**, especially corners like **a8** or **h1**?",False
p86,1,Direct Instruction,"I’d be very wary of **g2**.

If Black plays **g2**, it puts a Black disc diagonally next to the empty corner **h1**, so White can likely reply **h1** and take that corner. Corners are permanent, so that’s a big endgame cost.

So **g2 is probably not the move to choose**; look for a move that avoids giving White an immediate corner.",False
p86,1,Hint,"I’d be very wary of **g2**.

If Black plays **g2**, it puts a Black disc diagonally next to the empty corner **h1**, so White can likely reply **h1** and take that corner. Corners are permanent, so that’s a big endgame cost.

So **g2 is probably not the move to choose**; look for a move that avoids giving White an immediate corner.",False
p86,2,Direct Instruction,"Good—now compare the legal moves by what they give White next.

Check especially the **corner regions**:

- Moves near **b8/c8** may affect whether White gets **a8** later.
- Moves near **g2** may affect the empty corner **h1**.
- Moves **a7/b7/b8** are all in the lower-left corner area, so ask: after each one, does White get **a8**, or do you keep control?

Try to choose the move that leaves White with the fewest dangerous replies, not the one that flips the most immediately.",False
p86,2,Hint,"Good—now compare the legal moves by what they give White next.

Check especially the **corner regions**:

- Moves near **b8/c8** may affect whether White gets **a8** later.
- Moves near **g2** may affect the empty corner **h1**.
- Moves **a7/b7/b8** are all in the lower-left corner area, so ask: after each one, does White get **a8**, or do you keep control?

Try to choose the move that leaves White with the fewest dangerous replies, not the one that flips the most immediately.",False
p86,2,Pose Simplified Problem,"Good—now compare the legal moves by what they give White next.

Check especially the **corner regions**:

- Moves near **b8/c8** may affect whether White gets **a8** later.
- Moves near **g2** may affect the empty corner **h1**.
- Moves **a7/b7/b8** are all in the lower-left corner area, so ask: after each one, does White get **a8**, or do you keep control?

Try to choose the move that leaves White with the fewest dangerous replies, not the one that flips the most immediately.",False
p86,2,Positive Feedback,"Good—now compare the legal moves by what they give White next.

Check especially the **corner regions**:

- Moves near **b8/c8** may affect whether White gets **a8** later.
- Moves near **g2** may affect the empty corner **h1**.
- Moves **a7/b7/b8** are all in the lower-left corner area, so ask: after each one, does White get **a8**, or do you keep control?

Try to choose the move that leaves White with the fewest dangerous replies, not the one that flips the most immediately.",False
p86,3,Direct Instruction,"Yes — **a7** looks like a good move here.

It flips a lot along row 7 and **a6**, giving Black a big endgame swing. The main thing to check is: White may then have **a8** corner, so compare whether your gains from **a7** still outcount that corner reply.",False
p86,3,Hint,"Yes — **a7** looks like a good move here.

It flips a lot along row 7 and **a6**, giving Black a big endgame swing. The main thing to check is: White may then have **a8** corner, so compare whether your gains from **a7** still outcount that corner reply.",False
p86,3,Positive Feedback,"Yes — **a7** looks like a good move here.

It flips a lot along row 7 and **a6**, giving Black a big endgame swing. The main thing to check is: White may then have **a8** corner, so compare whether your gains from **a7** still outcount that corner reply.",False
p86,4,Direct Instruction,"**b6** is legal, but I’d be cautious: it gives White replies on the left/bottom like **a3** or **b8**, which can swing a lot in the last few moves.

Don’t judge it by the 3 flips now—ask: after **b6**, does White get more mobility than after **g2**? Here, **g2** is the move I’d compare very seriously.",False
p86,4,Hint,"**b6** is legal, but I’d be cautious: it gives White replies on the left/bottom like **a3** or **b8**, which can swing a lot in the last few moves.

Don’t judge it by the 3 flips now—ask: after **b6**, does White get more mobility than after **g2**? Here, **g2** is the move I’d compare very seriously.",False
p86,4,Prompt,"**b6** is legal, but I’d be cautious: it gives White replies on the left/bottom like **a3** or **b8**, which can swing a lot in the last few moves.

Don’t judge it by the 3 flips now—ask: after **b6**, does White get more mobility than after **g2**? Here, **g2** is the move I’d compare very seriously.",False
p86,4,Neutral Feedback,"**b6** is legal, but I’d be cautious: it gives White replies on the left/bottom like **a3** or **b8**, which can swing a lot in the last few moves.

Don’t judge it by the 3 flips now—ask: after **b6**, does White get more mobility than after **g2**? Here, **g2** is the move I’d compare very seriously.",False
p86,5,Provide Correct Answer,"A good move here is **g2**.

Even though it may let White take **h1**, the other legal move **b6** gives White more damaging endgame options on the left/bottom. In this 6-empty endgame, **g2** looks stronger by final count.",False
p86,5,Direct Instruction,"A good move here is **g2**.

Even though it may let White take **h1**, the other legal move **b6** gives White more damaging endgame options on the left/bottom. In this 6-empty endgame, **g2** looks stronger by final count.",False
p86,6,Direct Instruction,"Yes — the game is over.

The board has **0 empty squares**, so nobody can move. Now we just count discs:

- **Black:** 21  
- **White:** 43  

So **White wins by 22 discs**.

“Black may play: .” means Black has **no legal moves**, and since the board is full, that’s final.",False
p233,0,Direct Instruction,"g2 is tempting because it flips some discs, but it has a big danger: it makes the empty corner h1 playable for White (diagonal h1–g2–f3).

Since corners can’t be flipped back, ask: after Black g2, if White takes h1, are those flips still worth it? In endgames, that’s usually a bad trade.",False
p233,0,Hint,"g2 is tempting because it flips some discs, but it has a big danger: it makes the empty corner h1 playable for White (diagonal h1–g2–f3).

Since corners can’t be flipped back, ask: after Black g2, if White takes h1, are those flips still worth it? In endgames, that’s usually a bad trade.",False
p233,0,Prompt,"g2 is tempting because it flips some discs, but it has a big danger: it makes the empty corner h1 playable for White (diagonal h1–g2–f3).

Since corners can’t be flipped back, ask: after Black g2, if White takes h1, are those flips still worth it? In endgames, that’s usually a bad trade.",False
p233,0,Neutral Feedback,"g2 is tempting because it flips some discs, but it has a big danger: it makes the empty corner h1 playable for White (diagonal h1–g2–f3).

Since corners can’t be flipped back, ask: after Black g2, if White takes h1, are those flips still worth it? In endgames, that’s usually a bad trade.",False
p233,1,Provide Correct Answer,"I’d suggest **b7**.

Why: it plays on the left/bottom area without giving White an immediate corner like **h1**. It also helps keep pressure on White’s limited moves, instead of opening up a big permanent corner for them.",False
p233,1,Direct Instruction,"I’d suggest **b7**.

Why: it plays on the left/bottom area without giving White an immediate corner like **h1**. It also helps keep pressure on White’s limited moves, instead of opening up a big permanent corner for them.",False
p233,2,Provide Correct Answer,"Best next move: **c8**.

It’s safer than **g2** because g2 likely gives White the corner **h1**. And **c8** plays along the bottom without immediately handing over a corner, while keeping White’s options tighter.",False
p233,2,Direct Instruction,"Best next move: **c8**.

It’s safer than **g2** because g2 likely gives White the corner **h1**. And **c8** plays along the bottom without immediately handing over a corner, while keeping White’s options tighter.",False
p233,3,Provide Correct Answer,"Between **b6** and **a7**, I’d choose **a7**.

Reason: **b6 flips more immediately**, but it lets White use **a7** afterward. **a7** takes that edge move first and keeps the endgame count better for Black.",False
p233,3,Direct Instruction,"Between **b6** and **a7**, I’d choose **a7**.

Reason: **b6 flips more immediately**, but it lets White use **a7** afterward. **a7** takes that edge move first and keeps the endgame count better for Black.",False
p233,4,Direct Instruction,"I’d be careful with **a1**. Even though it’s a corner, it likely lets White answer with **h1**, taking the other corner and flipping the whole top row **b1–g1**.

So here the “corner is good” rule has an exception: check what corner you give back right after. **a3** looks safer to consider.",False
p233,4,Hint,"I’d be careful with **a1**. Even though it’s a corner, it likely lets White answer with **h1**, taking the other corner and flipping the whole top row **b1–g1**.

So here the “corner is good” rule has an exception: check what corner you give back right after. **a3** looks safer to consider.",False
p749,0,Direct Instruction,"g2 is a legal move, but don’t pick it just because it flips discs.

Key idea: **g2 is an “X-square” next to the empty corner h1**. Those are often risky because if White later gets h1, that corner can never be flipped back.

Before choosing g2, ask yourself:

1. **After g2, can White immediately play h1?** If yes, avoid it.
2. **How many legal moves does White get afterward?** Fewer is usually better.
3. **What happens around the other empty corner, a8?** Moves near that corner can also give it away.
4. **Endgame count matters:** a move that flips fewer now may win more discs by the end.

So g2 is worth considering, but check whether it gives White corner access or extra mobility.",False
p749,0,Hint,"g2 is a legal move, but don’t pick it just because it flips discs.

Key idea: **g2 is an “X-square” next to the empty corner h1**. Those are often risky because if White later gets h1, that corner can never be flipped back.

Before choosing g2, ask yourself:

1. **After g2, can White immediately play h1?** If yes, avoid it.
2. **How many legal moves does White get afterward?** Fewer is usually better.
3. **What happens around the other empty corner, a8?** Moves near that corner can also give it away.
4. **Endgame count matters:** a move that flips fewer now may win more discs by the end.

So g2 is worth considering, but check whether it gives White corner access or extra mobility.",False
p749,0,Prompt,"g2 is a legal move, but don’t pick it just because it flips discs.

Key idea: **g2 is an “X-square” next to the empty corner h1**. Those are often risky because if White later gets h1, that corner can never be flipped back.

Before choosing g2, ask yourself:

1. **After g2, can White immediately play h1?** If yes, avoid it.
2. **How many legal moves does White get afterward?** Fewer is usually better.
3. **What happens around the other empty corner, a8?** Moves near that corner can also give it away.
4. **Endgame count matters:** a move that flips fewer now may win more discs by the end.

So g2 is worth considering, but check whether it gives White corner access or extra mobility.",False
p749,1,Direct Instruction,"c8 *looks* tempting because it flips a lot, but that’s exactly why I’d be cautious in the endgame.

Notice c8 would flip along the diagonal **d7–e6–f5–g4** and along the bottom edge, but it still leaves White with several empty-edge options around **a7/b7/b8/a8** to play with.

A better question: after **c8**, how many good replies does White have? Compare that with a quieter move like **b7**, which may restrict White more.",False
p749,1,Hint,"c8 *looks* tempting because it flips a lot, but that’s exactly why I’d be cautious in the endgame.

Notice c8 would flip along the diagonal **d7–e6–f5–g4** and along the bottom edge, but it still leaves White with several empty-edge options around **a7/b7/b8/a8** to play with.

A better question: after **c8**, how many good replies does White have? Compare that with a quieter move like **b7**, which may restrict White more.",False
p749,1,Prompt,"c8 *looks* tempting because it flips a lot, but that’s exactly why I’d be cautious in the endgame.

Notice c8 would flip along the diagonal **d7–e6–f5–g4** and along the bottom edge, but it still leaves White with several empty-edge options around **a7/b7/b8/a8** to play with.

A better question: after **c8**, how many good replies does White have? Compare that with a quieter move like **b7**, which may restrict White more.",False
p749,1,Pose Simplified Problem,"c8 *looks* tempting because it flips a lot, but that’s exactly why I’d be cautious in the endgame.

Notice c8 would flip along the diagonal **d7–e6–f5–g4** and along the bottom edge, but it still leaves White with several empty-edge options around **a7/b7/b8/a8** to play with.

A better question: after **c8**, how many good replies does White have? Compare that with a quieter move like **b7**, which may restrict White more.",False
p749,2,Provide Correct Answer,"**c8 is better.**

Reason: **g2 lets White play the corner h1 immediately** via the diagonal h1–g2–f3, and corners are permanent.  
**c8 does not give White h1**, and it looks like it leaves White with **no legal move**, so White must pass and you move again.",False
p749,2,Direct Instruction,"**c8 is better.**

Reason: **g2 lets White play the corner h1 immediately** via the diagonal h1–g2–f3, and corners are permanent.  
**c8 does not give White h1**, and it looks like it leaves White with **no legal move**, so White must pass and you move again.",False
p749,3,Direct Instruction,"Great sequence — **Black wins 41–23**.

What went well:
- You **avoided g2**, which would likely have handed White the **h1 corner**.
- Your play led to Black owning **3 corners**: a1, h1, h8.
- You finished with a huge stable region across the **top and right side**.
- The final margin is **+18**, so the endgame choices worked very well.

So yes: after the advice, your sequence was strong.",False
p749,3,Positive Feedback,"Great sequence — **Black wins 41–23**.

What went well:
- You **avoided g2**, which would likely have handed White the **h1 corner**.
- Your play led to Black owning **3 corners**: a1, h1, h8.
- You finished with a huge stable region across the **top and right side**.
- The final margin is **+18**, so the endgame choices worked very well.

So yes: after the advice, your sequence was strong.",False
p749,4,Direct Instruction,"Maybe, but from the **final board alone** I can’t know for sure without the move sequence.

What I can say:

- **Your result was very strong: Black 41–23.**
- You controlled **3 corners** and the whole **top/right edge**, which is excellent.
- The main possible improvement area is the **bottom-left corner a8**: White got that corner plus much of the left edge. If there was a way earlier to deny White a8, your margin might have been even larger.

But strategically, you did the big things right: **avoided handing over h1, gained corners, and forced a strong endgame.**",False
p749,4,Hint,"Maybe, but from the **final board alone** I can’t know for sure without the move sequence.

What I can say:

- **Your result was very strong: Black 41–23.**
- You controlled **3 corners** and the whole **top/right edge**, which is excellent.
- The main possible improvement area is the **bottom-left corner a8**: White got that corner plus much of the left edge. If there was a way earlier to deny White a8, your margin might have been even larger.

But strategically, you did the big things right: **avoided handing over h1, gained corners, and forced a strong endgame.**",False
p749,4,Positive Feedback,"Maybe, but from the **final board alone** I can’t know for sure without the move sequence.

What I can say:

- **Your result was very strong: Black 41–23.**
- You controlled **3 corners** and the whole **top/right edge**, which is excellent.
- The main possible improvement area is the **bottom-left corner a8**: White got that corner plus much of the left edge. If there was a way earlier to deny White a8, your margin might have been even larger.

But strategically, you did the big things right: **avoided handing over h1, gained corners, and forced a strong endgame.**",False
p749,4,Neutral Feedback,"Maybe, but from the **final board alone** I can’t know for sure without the move sequence.

What I can say:

- **Your result was very strong: Black 41–23.**
- You controlled **3 corners** and the whole **top/right edge**, which is excellent.
- The main possible improvement area is the **bottom-left corner a8**: White got that corner plus much of the left edge. If there was a way earlier to deny White a8, your margin might have been even larger.

But strategically, you did the big things right: **avoided handing over h1, gained corners, and forced a strong endgame.**",False
p723,0,Provide Correct Answer,"I’d recommend **c8**.

Why: in the endgame, the best move is often the one that leaves White with the fewest good replies, not the one that flips the most immediately. **c8** is a legal edge move and looks like the safest way to improve your final count without handing White an easy corner.",False
p723,0,Direct Instruction,"I’d recommend **c8**.

Why: in the endgame, the best move is often the one that leaves White with the fewest good replies, not the one that flips the most immediately. **c8** is a legal edge move and looks like the safest way to improve your final count without handing White an easy corner.",False
p723,1,Provide Correct Answer,"Now I’d play **a7**.

Reason: avoid **g2** because it sits next to the empty **h1 corner** and may help White get it. **a7** is a safer edge move and should keep Black’s endgame result best.",False
p723,1,Direct Instruction,"Now I’d play **a7**.

Reason: avoid **g2** because it sits next to the empty **h1 corner** and may help White get it. **a7** is a safer edge move and should keep Black’s endgame result best.",False
p723,2,Provide Correct Answer,"Best is **a3**.

Even though **a1** is a corner and usually tempting, here the endgame count works out better with **a3**: it keeps White’s replies more restricted and gives Black the best final result.",False
p723,2,Direct Instruction,"Best is **a3**.

Even though **a1** is a corner and usually tempting, here the endgame count works out better with **a3**: it keeps White’s replies more restricted and gives Black the best final result.",False
p723,3,Provide Correct Answer,"I recommend **a1**.

It’s a **corner**, so any discs you secure from there can’t be flipped back. The other legal move, **g2**, is next to the empty **h1 corner**, which can be dangerous because it may help White get that corner.",False
p723,3,Direct Instruction,"I recommend **a1**.

It’s a **corner**, so any discs you secure from there can’t be flipped back. The other legal move, **g2**, is next to the empty **h1 corner**, which can be dangerous because it may help White get that corner.",False
p723,4,Provide Correct Answer,"Use **h1**.

It’s the **corner**, so it can’t be flipped back. With only 2 empty squares left, taking the corner is the cleanest way to lock in the best final count.",False
p723,4,Direct Instruction,"Use **h1**.

It’s the **corner**, so it can’t be flipped back. With only 2 empty squares left, taking the corner is the cleanest way to lock in the best final count.",False
p322,0,Direct Instruction,"Be careful: **g2 is the X-square next to the empty corner h1**. If you play g2, ask yourself: *can White immediately take h1?* If yes, that corner is permanent and the “extra flips” from g2 may not matter.

In endgames, don’t count just this move’s flips—look at **White’s reply, corners, and who gets the last empty squares**. Try comparing g2 with the other legal moves by asking: “Which move leaves White the fewest good replies?”",False
p322,0,Hint,"Be careful: **g2 is the X-square next to the empty corner h1**. If you play g2, ask yourself: *can White immediately take h1?* If yes, that corner is permanent and the “extra flips” from g2 may not matter.

In endgames, don’t count just this move’s flips—look at **White’s reply, corners, and who gets the last empty squares**. Try comparing g2 with the other legal moves by asking: “Which move leaves White the fewest good replies?”",False
p322,0,Prompt,"Be careful: **g2 is the X-square next to the empty corner h1**. If you play g2, ask yourself: *can White immediately take h1?* If yes, that corner is permanent and the “extra flips” from g2 may not matter.

In endgames, don’t count just this move’s flips—look at **White’s reply, corners, and who gets the last empty squares**. Try comparing g2 with the other legal moves by asking: “Which move leaves White the fewest good replies?”",False
p322,0,Pose Simplified Problem,"Be careful: **g2 is the X-square next to the empty corner h1**. If you play g2, ask yourself: *can White immediately take h1?* If yes, that corner is permanent and the “extra flips” from g2 may not matter.

In endgames, don’t count just this move’s flips—look at **White’s reply, corners, and who gets the last empty squares**. Try comparing g2 with the other legal moves by asking: “Which move leaves White the fewest good replies?”",False
p322,1,Direct Instruction,"Let’s verify that line: after **Black g2**, the diagonal **h1–g2–f3** would be:

- h1 empty  
- g2 Black  
- f3 White  

So **White *can* play h1** next, flipping g2. That’s the danger: g2 wins pieces now, but may hand over a permanent corner.",False
p322,2,Direct Instruction,"Exactly—diagonals count, and that matters a lot here.

In this position, the big thing to watch is **h1**: if Black plays **g2**, White can take **h1** diagonally through g2–f3, making that corner permanent.

Before choosing, compare each legal move by asking: **What corner or edge move does White get next, and how many moves will Black still have after that?**",False
p322,2,Hint,"Exactly—diagonals count, and that matters a lot here.

In this position, the big thing to watch is **h1**: if Black plays **g2**, White can take **h1** diagonally through g2–f3, making that corner permanent.

Before choosing, compare each legal move by asking: **What corner or edge move does White get next, and how many moves will Black still have after that?**",False
p322,2,Prompt,"Exactly—diagonals count, and that matters a lot here.

In this position, the big thing to watch is **h1**: if Black plays **g2**, White can take **h1** diagonally through g2–f3, making that corner permanent.

Before choosing, compare each legal move by asking: **What corner or edge move does White get next, and how many moves will Black still have after that?**",False
p322,2,Positive Feedback,"Exactly—diagonals count, and that matters a lot here.

In this position, the big thing to watch is **h1**: if Black plays **g2**, White can take **h1** diagonally through g2–f3, making that corner permanent.

Before choosing, compare each legal move by asking: **What corner or edge move does White get next, and how many moves will Black still have after that?**",False
p322,3,Provide Correct Answer,"I’d play **c8**.

Why: **g2** lets White take the **h1 corner**, and **a7** is risky near the **a8 corner/edge area**. **c8** is safer: it plays on the edge without handing White an immediate corner, and it keeps Black’s endgame result best.",False
p322,3,Direct Instruction,"I’d play **c8**.

Why: **g2** lets White take the **h1 corner**, and **a7** is risky near the **a8 corner/edge area**. **c8** is safer: it plays on the edge without handing White an immediate corner, and it keeps Black’s endgame result best.",False
p322,4,Provide Correct Answer,"That’s the trap of endgames: **flipping 1 now can be better than flipping many if it controls the last empty squares**.

If **g2**, White gets **h1** next by diagonal, which is a permanent corner and flips g2 back. So your “big” move loses value immediately.

**c8** may only flip one now, but it avoids handing White h1 and keeps Black’s endgame tighter. The question isn’t “how many now?” but “what does White get next?”",False
p322,4,Direct Instruction,"That’s the trap of endgames: **flipping 1 now can be better than flipping many if it controls the last empty squares**.

If **g2**, White gets **h1** next by diagonal, which is a permanent corner and flips g2 back. So your “big” move loses value immediately.

**c8** may only flip one now, but it avoids handing White h1 and keeps Black’s endgame tighter. The question isn’t “how many now?” but “what does White get next?”",False
p322,4,Negative Feedback,"That’s the trap of endgames: **flipping 1 now can be better than flipping many if it controls the last empty squares**.

If **g2**, White gets **h1** next by diagonal, which is a permanent corner and flips g2 back. So your “big” move loses value immediately.

**c8** may only flip one now, but it avoids handing White h1 and keeps Black’s endgame tighter. The question isn’t “how many now?” but “what does White get next?”",False
p322,5,Direct Instruction,"Good—now it’s still Black to move with legal options **g2, b6, a7, c8**.

A quick way to choose:  
- **g2** lets White take **h1** next via the diagonal.  
- **a7** can make the **a8 corner/edge** dangerous.  
- **b6** flips more, but check what White gets afterward.  
- **c8** is quiet, but it avoids giving an immediate corner.

So focus less on the one flip and more on **which move denies White a corner next**.",False
p322,5,Hint,"Good—now it’s still Black to move with legal options **g2, b6, a7, c8**.

A quick way to choose:  
- **g2** lets White take **h1** next via the diagonal.  
- **a7** can make the **a8 corner/edge** dangerous.  
- **b6** flips more, but check what White gets afterward.  
- **c8** is quiet, but it avoids giving an immediate corner.

So focus less on the one flip and more on **which move denies White a corner next**.",False
p322,5,Positive Feedback,"Good—now it’s still Black to move with legal options **g2, b6, a7, c8**.

A quick way to choose:  
- **g2** lets White take **h1** next via the diagonal.  
- **a7** can make the **a8 corner/edge** dangerous.  
- **b6** flips more, but check what White gets afterward.  
- **c8** is quiet, but it avoids giving an immediate corner.

So focus less on the one flip and more on **which move denies White a corner next**.",False
p322,6,Direct Instruction,"Check one key thing: the pale dots show **Black’s** legal moves, not White’s.

After **b6**, White is **not** limited to one reply — White can have replies like **c8 / b8 / a7 / a3** depending on the flips. Also, b6 flips several now, but it may leave White useful endgame access on the bottom edge.

So don’t judge b6 by “pieces gained”; ask: **after b6, does White get to play an important empty edge square before you do?**",False
p322,6,Prompt,"Check one key thing: the pale dots show **Black’s** legal moves, not White’s.

After **b6**, White is **not** limited to one reply — White can have replies like **c8 / b8 / a7 / a3** depending on the flips. Also, b6 flips several now, but it may leave White useful endgame access on the bottom edge.

So don’t judge b6 by “pieces gained”; ask: **after b6, does White get to play an important empty edge square before you do?**",False
p322,7,Provide Correct Answer,"Yes—**c8** is the move I’d trust here.

It’s quiet, but it avoids giving White the **h1 corner** (which happens after **g2**) and doesn’t loosen the **a8/a7** corner area. In an endgame, that kind of control matters more than the immediate flip count.",False
p322,7,Direct Instruction,"Yes—**c8** is the move I’d trust here.

It’s quiet, but it avoids giving White the **h1 corner** (which happens after **g2**) and doesn’t loosen the **a8/a7** corner area. In an endgame, that kind of control matters more than the immediate flip count.",False
p322,8,Direct Instruction,"Yeah, it feels bad when it flips back — but in endgames the key is **final access to the last empty squares**, not whether one disc stays yours immediately.

Now compare the 3 legal moves:

- **g2**: re-check the diagonal to **h1** — does it give White that corner?
- **b6**: look at what White then gets on the left side.
- **a7**: check whether it controls the left edge and limits White’s replies.

Want the direct best move from here?",False
p322,8,Hint,"Yeah, it feels bad when it flips back — but in endgames the key is **final access to the last empty squares**, not whether one disc stays yours immediately.

Now compare the 3 legal moves:

- **g2**: re-check the diagonal to **h1** — does it give White that corner?
- **b6**: look at what White then gets on the left side.
- **a7**: check whether it controls the left edge and limits White’s replies.

Want the direct best move from here?",False
p322,8,Prompt,"Yeah, it feels bad when it flips back — but in endgames the key is **final access to the last empty squares**, not whether one disc stays yours immediately.

Now compare the 3 legal moves:

- **g2**: re-check the diagonal to **h1** — does it give White that corner?
- **b6**: look at what White then gets on the left side.
- **a7**: check whether it controls the left edge and limits White’s replies.

Want the direct best move from here?",False
p534,0,Direct Instruction,"Because in Othello, a disc you place can be flipped later.

If you played **b7** (column b, row 7), it was Black at that moment. On White’s next move(s), if White made a straight line with White discs on both ends and your **b7** disc in between, **b7 gets flipped to White**.

Only **corner discs** are truly permanent; edge discs like **b7** can still be flipped until they become stable.",False
p534,1,Provide Correct Answer,"Best move: **c8**.

Why: it’s the move that keeps Black’s best endgame result. It also avoids the more dangerous edge/corner-neighbor choices like **a7** or **b6**, which can help White gain access around the empty **a8/b8** area.",False
p534,1,Direct Instruction,"Best move: **c8**.

Why: it’s the move that keeps Black’s best endgame result. It also avoids the more dangerous edge/corner-neighbor choices like **a7** or **b6**, which can help White gain access around the empty **a8/b8** area.",False
p534,2,Direct Instruction,"It can look worse by disc count, but in the endgame the key is **who controls the last few moves**, not who is ahead right now.

Now compare your legal moves **g2, b6, a7** by asking:
- Does it give White access to an empty corner like **a1** or **h1**?
- Does it leave White with few legal moves or force a pass?
- What happens after White’s reply and your final move?

If you want, ask “what’s best now?” and I’ll give the move directly.",False
p534,2,Hint,"It can look worse by disc count, but in the endgame the key is **who controls the last few moves**, not who is ahead right now.

Now compare your legal moves **g2, b6, a7** by asking:
- Does it give White access to an empty corner like **a1** or **h1**?
- Does it leave White with few legal moves or force a pass?
- What happens after White’s reply and your final move?

If you want, ask “what’s best now?” and I’ll give the move directly.",False
p534,2,Prompt,"It can look worse by disc count, but in the endgame the key is **who controls the last few moves**, not who is ahead right now.

Now compare your legal moves **g2, b6, a7** by asking:
- Does it give White access to an empty corner like **a1** or **h1**?
- Does it leave White with few legal moves or force a pass?
- What happens after White’s reply and your final move?

If you want, ask “what’s best now?” and I’ll give the move directly.",False
p534,3,Provide Correct Answer,"Best now: **a7**.

Why: it plays on the left edge without immediately opening the **a1** corner area for White. The other legal moves (**g2** or **b6**) are more likely to give White useful corner/edge access in the final few moves.",False
p534,3,Direct Instruction,"Best now: **a7**.

Why: it plays on the left edge without immediately opening the **a1** corner area for White. The other legal moves (**g2** or **b6**) are more likely to give White useful corner/edge access in the final few moves.",False
p534,4,Direct Instruction,"Your legal options are **a1, g2, a3**:

- **a1**: takes a corner, which is permanent. But it may leave White a strong reply at **a3**, flipping the left edge.
- **g2**: flips a lot now, but be careful: it can give White access to the **h1 corner**.
- **a3**: not a corner, but it attacks White’s mobility. After it, check whether White has *any* legal move — if not, White must **pass**, and you get another move.

So don’t just count flips; ask: “Which move leaves White with the fewest replies?”",False
p534,4,Pose Simplified Problem,"Your legal options are **a1, g2, a3**:

- **a1**: takes a corner, which is permanent. But it may leave White a strong reply at **a3**, flipping the left edge.
- **g2**: flips a lot now, but be careful: it can give White access to the **h1 corner**.
- **a3**: not a corner, but it attacks White’s mobility. After it, check whether White has *any* legal move — if not, White must **pass**, and you get another move.

So don’t just count flips; ask: “Which move leaves White with the fewest replies?”",False
p735,0,Direct Instruction,"g2 is probably risky: it’s the **X-square next to the empty corner h1**.

If Black plays **g2**, White may be able to take **h1**, and corners are permanent. So even if g2 flips a few discs now, it can hand White a stable corner — usually bad in the endgame. Consider comparing it with a move that doesn’t give up a corner.",False
p735,0,Hint,"g2 is probably risky: it’s the **X-square next to the empty corner h1**.

If Black plays **g2**, White may be able to take **h1**, and corners are permanent. So even if g2 flips a few discs now, it can hand White a stable corner — usually bad in the endgame. Consider comparing it with a move that doesn’t give up a corner.",False
p735,1,Direct Instruction,"Black **can’t play h1 right now** — it’s not marked with a legal-move dot.

That’s why **g2 is dangerous**: it sits next to h1, and may help White get that corner next.",False
p735,1,Hint,"Black **can’t play h1 right now** — it’s not marked with a legal-move dot.

That’s why **g2 is dangerous**: it sits next to h1, and may help White get that corner next.",False
p735,2,Direct Instruction,"**b8 is legal, but be cautious.** It only flips along the diagonal (**c7, d6**) and leaves the bottom-left corner area (**a8/a7/b7/c8**) still unsettled.

In endgame, ask: after **b8**, does White get an easy reply like **b7 or c8** that wins back control? Mobility matters more than the 2 flips now.",False
p735,2,Prompt,"**b8 is legal, but be cautious.** It only flips along the diagonal (**c7, d6**) and leaves the bottom-left corner area (**a8/a7/b7/c8**) still unsettled.

In endgame, ask: after **b8**, does White get an easy reply like **b7 or c8** that wins back control? Mobility matters more than the 2 flips now.",False
p735,2,Neutral Feedback,"**b8 is legal, but be cautious.** It only flips along the diagonal (**c7, d6**) and leaves the bottom-left corner area (**a8/a7/b7/c8**) still unsettled.

In endgame, ask: after **b8**, does White get an easy reply like **b7 or c8** that wins back control? Mobility matters more than the 2 flips now.",False
p735,3,Direct Instruction,"**b6 is legal**, and it’s a “quiet” move — it flips only **c5**, so it doesn’t grab lots of discs.

The question is: after **b6**, what can White do in the lower-left? You’re still leaving **a7, b7, b8, c8** open, so White may get useful edge moves there. Compare it with a move that reduces White’s choices more.",False
p735,3,Hint,"**b6 is legal**, and it’s a “quiet” move — it flips only **c5**, so it doesn’t grab lots of discs.

The question is: after **b6**, what can White do in the lower-left? You’re still leaving **a7, b7, b8, c8** open, so White may get useful edge moves there. Compare it with a move that reduces White’s choices more.",False
p735,3,Prompt,"**b6 is legal**, and it’s a “quiet” move — it flips only **c5**, so it doesn’t grab lots of discs.

The question is: after **b6**, what can White do in the lower-left? You’re still leaving **a7, b7, b8, c8** open, so White may get useful edge moves there. Compare it with a move that reduces White’s choices more.",False
p735,4,Direct Instruction,"Final score is **White 45 – Black 19**.

Main thing that went wrong: **White got stable corners/edges**. White owns **a1, h1, a8** and then the whole **top row and left side** became basically unflippable. Once that happens, Black’s late flips on the right/bottom can’t catch up.

So the lesson from this endgame:

- Don’t play squares like **g2** if they let White take **h1**.
- Be careful near empty corners: **b8/b7/a7** can hand over **a8**.
- In the endgame, don’t chase “how many flips now”; ask: **does this give White a corner or more moves?**

You likely lost because White’s corner/edge stability outweighed Black’s temporary flips.",False
p735,4,Neutral Feedback,"Final score is **White 45 – Black 19**.

Main thing that went wrong: **White got stable corners/edges**. White owns **a1, h1, a8** and then the whole **top row and left side** became basically unflippable. Once that happens, Black’s late flips on the right/bottom can’t catch up.

So the lesson from this endgame:

- Don’t play squares like **g2** if they let White take **h1**.
- Be careful near empty corners: **b8/b7/a7** can hand over **a8**.
- In the endgame, don’t chase “how many flips now”; ask: **does this give White a corner or more moves?**

You likely lost because White’s corner/edge stability outweighed Black’s temporary flips.",False
p329,0,Provide Correct Answer,"Play **b7**.

Why: it flips the row across to **g7**, giving Black a strong edge block and the best endgame result here. The other legal moves tend to leave White better access/mobility in the remaining empty squares.",False
p329,0,Direct Instruction,"Play **b7**.

Why: it flips the row across to **g7**, giving Black a strong edge block and the best endgame result here. The other legal moves tend to leave White better access/mobility in the remaining empty squares.",False
p329,1,Direct Instruction,"**b6 is legal, but I’d be cautious.** It flips several discs now, but it leaves White with useful replies on the lower-left edge, especially around **b8/c8**.

In this endgame, try counting: after **b6**, what can White play, and do those flipped discs stay Black?",False
p329,1,Hint,"**b6 is legal, but I’d be cautious.** It flips several discs now, but it leaves White with useful replies on the lower-left edge, especially around **b8/c8**.

In this endgame, try counting: after **b6**, what can White play, and do those flipped discs stay Black?",False
p329,1,Prompt,"**b6 is legal, but I’d be cautious.** It flips several discs now, but it leaves White with useful replies on the lower-left edge, especially around **b8/c8**.

In this endgame, try counting: after **b6**, what can White play, and do those flipped discs stay Black?",False
p329,1,Neutral Feedback,"**b6 is legal, but I’d be cautious.** It flips several discs now, but it leaves White with useful replies on the lower-left edge, especially around **b8/c8**.

In this endgame, try counting: after **b6**, what can White play, and do those flipped discs stay Black?",False
p329,2,Provide Correct Answer,"A better move is **c8**.

It takes an edge square without giving White an easy corner, and it keeps White’s replies more restricted. By contrast, **b6** flips more immediately but can let White improve the lower-left area and regain discs later.",False
p329,2,Direct Instruction,"A better move is **c8**.

It takes an edge square without giving White an easy corner, and it keeps White’s replies more restricted. By contrast, **b6** flips more immediately but can let White improve the lower-left area and regain discs later.",False
p329,3,Provide Correct Answer,"Play **a7**.

It’s best because it takes the left edge and limits White’s useful replies. **g2** and **b6** flip some discs now, but they give White better endgame access/mobility afterward.",False
p329,3,Direct Instruction,"Play **a7**.

It’s best because it takes the left edge and limits White’s useful replies. **g2** and **b6** flip some discs now, but they give White better endgame access/mobility afterward.",False
p329,4,Provide Correct Answer,"Best → worst:

1. **a3** — best: it leaves White with no move, so Black controls the finish; likely **32–32 tie** with best play.  
2. **a1** — White can answer **a3**; Black can still limit damage, about **30–34**.  
3. **g2** — White can play **a3**, then later **h1**; worst ending, about **23–41**.",False
p329,4,Direct Instruction,"Best → worst:

1. **a3** — best: it leaves White with no move, so Black controls the finish; likely **32–32 tie** with best play.  
2. **a1** — White can answer **a3**; Black can still limit damage, about **30–34**.  
3. **g2** — White can play **a3**, then later **h1**; worst ending, about **23–41**.",False
p824,0,Provide Correct Answer,"Best move: **c8**.

Why: it plays on the bottom edge without giving White an immediate corner, and it keeps Black’s endgame result strongest. The other legal moves (**g2, b6, a7**) risk giving White more useful replies/mobility near corners or edges.",False
p824,0,Direct Instruction,"Best move: **c8**.

Why: it plays on the bottom edge without giving White an immediate corner, and it keeps Black’s endgame result strongest. The other legal moves (**g2, b6, a7**) risk giving White more useful replies/mobility near corners or edges.",False
p824,1,Provide Correct Answer,"Play **a7**.

It’s the best legal move here because it takes a safe edge square and helps control the endgame. Avoid **g2** and **b6**—they give White more useful replies while the corners/edges are still sensitive.",False
p824,1,Direct Instruction,"Play **a7**.

It’s the best legal move here because it takes a safe edge square and helps control the endgame. Avoid **g2** and **b6**—they give White more useful replies while the corners/edges are still sensitive.",False
p824,2,Provide Correct Answer,"Play **a3**.

It’s best because it avoids giving White too much control of the remaining corner area at **a1**. In this 4-empty endgame, **a3** keeps Black’s final count strongest.",False
p824,2,Direct Instruction,"Play **a3**.

It’s best because it avoids giving White too much control of the remaining corner area at **a1**. In this 4-empty endgame, **a3** keeps Black’s final count strongest.",False
p824,3,Provide Correct Answer,"Play **a1**.

It’s a **corner**, so once Black takes it, it can’t be flipped back. **g2** is next to the top-right corner area and doesn’t give the same secure endgame control.",False
p824,3,Direct Instruction,"Play **a1**.

It’s a **corner**, so once Black takes it, it can’t be flipped back. **g2** is next to the top-right corner area and doesn’t give the same secure endgame control.",False
p824,4,Direct Instruction,"The game is already finished: **0 empty squares** and **Black has no legal moves**.

If there’s no “finish” button, try looking for **Next / Continue / Submit / End game**. If nothing appears, the app may auto-finish after a moment, or you may need to click outside the board / refresh only if instructed.

Final count: **Black 34, White 30** — you won.",False
p824,4,Positive Feedback,"The game is already finished: **0 empty squares** and **Black has no legal moves**.

If there’s no “finish” button, try looking for **Next / Continue / Submit / End game**. If nothing appears, the app may auto-finish after a moment, or you may need to click outside the board / refresh only if instructed.

Final count: **Black 34, White 30** — you won.",False
p530,0,Direct Instruction,"g3 isn’t a legal move here — it’s already occupied by a white disc, and there’s no dot.

Your legal moves are **g2, b6, a7, c8**.  
If you meant **g2**, be careful: it sits diagonally next to the empty **h1 corner**, so check whether it gives White access to that corner or improves White’s mobility. In the endgame, count likely replies rather than just flips now.",False
p530,0,Hint,"g3 isn’t a legal move here — it’s already occupied by a white disc, and there’s no dot.

Your legal moves are **g2, b6, a7, c8**.  
If you meant **g2**, be careful: it sits diagonally next to the empty **h1 corner**, so check whether it gives White access to that corner or improves White’s mobility. In the endgame, count likely replies rather than just flips now.",False
p530,0,Negative Feedback,"g3 isn’t a legal move here — it’s already occupied by a white disc, and there’s no dot.

Your legal moves are **g2, b6, a7, c8**.  
If you meant **g2**, be careful: it sits diagonally next to the empty **h1 corner**, so check whether it gives White access to that corner or improves White’s mobility. In the endgame, count likely replies rather than just flips now.",False
p530,1,Direct Instruction,"You lost because the final count is:

**White 42 – Black 22**.

Main reason from the final board: **White owns 3 corners** (**a1, h1, a8**) while Black only owns **h8**. Corners can’t be flipped back, so White’s top edge and left side became very stable, then the surrounding discs stayed White too.

So even if Black flipped some discs late, White’s corner/edge control decided the endgame. In positions like the one before, moves next to empty corners can be dangerous if they let White take that corner.",False
p530,1,Hint,"You lost because the final count is:

**White 42 – Black 22**.

Main reason from the final board: **White owns 3 corners** (**a1, h1, a8**) while Black only owns **h8**. Corners can’t be flipped back, so White’s top edge and left side became very stable, then the surrounding discs stayed White too.

So even if Black flipped some discs late, White’s corner/edge control decided the endgame. In positions like the one before, moves next to empty corners can be dangerous if they let White take that corner.",False
p530,2,Direct Instruction,"Not rigged — Othello is deterministic: same position + same moves = same result.

But from only this final board, I **can’t prove whether Black had a winning move earlier**. Final score is:

**White 42, Black 22**

You likely lost because White secured **3 corners** (**a1, h1, a8**) while Black only had **h8**. Corners make nearby edges stable, so White’s discs couldn’t be flipped back.

If you send the board from a few moves before the end, I can help check whether there was a winning line or where the key mistake happened.",False
p530,2,Prompt,"Not rigged — Othello is deterministic: same position + same moves = same result.

But from only this final board, I **can’t prove whether Black had a winning move earlier**. Final score is:

**White 42, Black 22**

You likely lost because White secured **3 corners** (**a1, h1, a8**) while Black only had **h8**. Corners make nearby edges stable, so White’s discs couldn’t be flipped back.

If you send the board from a few moves before the end, I can help check whether there was a winning line or where the key mistake happened.",False
p530,3,Direct Instruction,"For future, the “power positions” are:

- **Corners: a1, h1, a8, h8**  
  Best squares. Once you take a corner, it can **never be flipped**.

- **Edges attached to your corner**  
  If you own **h8**, then **h7/g8/g7-side edge control** can become stable.

- **Stable discs**  
  Discs that can’t be flipped because they’re anchored to a corner/edge.

- **Mobility advantage**  
  A strong position often means your opponent has **few legal moves**, even if you flip fewer discs now.

Be careful with “trap” squares near empty corners:

- **X-squares:** b2, g2, b7, g7  
- **C-squares:** a2, b1, g1, h2, a7, b8, g8, h7  

They’re usually dangerous **unless the nearby corner is already yours or cannot be taken**.

This final board shows why: White got **3 corners**, so White’s edges became very hard to flip back.",False
p530,4,Direct Instruction,"Yes — **corners are the goal**, but not by rushing randomly.

Better rule:

- **Don’t play next to an empty corner** unless you’re sure it won’t let White take it.
- Use moves that **reduce White’s legal moves** and force them to give you a corner.
- Once you get a corner, build along that edge for stable discs.

So: **aim to win corners**, but usually through **mobility and corner traps**, not just “early corner hunting.”",False
p530,4,Positive Feedback,"Yes — **corners are the goal**, but not by rushing randomly.

Better rule:

- **Don’t play next to an empty corner** unless you’re sure it won’t let White take it.
- Use moves that **reduce White’s legal moves** and force them to give you a corner.
- Once you get a corner, build along that edge for stable discs.

So: **aim to win corners**, but usually through **mobility and corner traps**, not just “early corner hunting.”",False
p783,0,Direct Instruction,"Yes. In Othello you flip in any straight line: horizontal, vertical, or diagonal.

A move is legal if your new black disc “sandwiches” one or more white discs between itself and another black disc in any of those 8 directions.",False
p783,1,Direct Instruction,"Yes — row 7 looks like the right area to focus on.

But compare the two legal row-7 moves, **a7 vs b7**, by asking:
- Does it let White take the **a8 corner**?
- Does it leave White with very few legal moves?
- What happens to the edge after White replies?

Don’t choose just by “most flips now” — in this endgame, the reply matters more.",False
p783,1,Prompt,"Yes — row 7 looks like the right area to focus on.

But compare the two legal row-7 moves, **a7 vs b7**, by asking:
- Does it let White take the **a8 corner**?
- Does it leave White with very few legal moves?
- What happens to the edge after White replies?

Don’t choose just by “most flips now” — in this endgame, the reply matters more.",False
p783,1,Positive Feedback,"Yes — row 7 looks like the right area to focus on.

But compare the two legal row-7 moves, **a7 vs b7**, by asking:
- Does it let White take the **a8 corner**?
- Does it leave White with very few legal moves?
- What happens to the edge after White replies?

Don’t choose just by “most flips now” — in this endgame, the reply matters more.",False
p783,2,Direct Instruction,"Good thought, but double-check the **diagonal**: after **b7**, if White can play **a8**, the line **a8–b7–c6–d5** could flip black discs back.

So b7 isn’t “unflippable” — the key question is whether White’s reply still leaves Black with the better final count/mobility.",False
p783,2,Hint,"Good thought, but double-check the **diagonal**: after **b7**, if White can play **a8**, the line **a8–b7–c6–d5** could flip black discs back.

So b7 isn’t “unflippable” — the key question is whether White’s reply still leaves Black with the better final count/mobility.",False
p783,2,Negative Feedback,"Good thought, but double-check the **diagonal**: after **b7**, if White can play **a8**, the line **a8–b7–c6–d5** could flip black discs back.

So b7 isn’t “unflippable” — the key question is whether White’s reply still leaves Black with the better final count/mobility.",False
p783,2,Neutral Feedback,"Good thought, but double-check the **diagonal**: after **b7**, if White can play **a8**, the line **a8–b7–c6–d5** could flip black discs back.

So b7 isn’t “unflippable” — the key question is whether White’s reply still leaves Black with the better final count/mobility.",False
p783,3,Direct Instruction,"For **b7**, yes: Black flips **5** along row 7: **c7–g7**.

If White replies **a8**, that flips **2** back diagonally: **b7 and c6**.  
But White may have other legal replies, so don’t judge only by that one flip count—check whether Black still controls the endgame after the reply.",False
p783,3,Hint,"For **b7**, yes: Black flips **5** along row 7: **c7–g7**.

If White replies **a8**, that flips **2** back diagonally: **b7 and c6**.  
But White may have other legal replies, so don’t judge only by that one flip count—check whether Black still controls the endgame after the reply.",False
p783,3,Positive Feedback,"For **b7**, yes: Black flips **5** along row 7: **c7–g7**.

If White replies **a8**, that flips **2** back diagonally: **b7 and c6**.  
But White may have other legal replies, so don’t judge only by that one flip count—check whether Black still controls the endgame after the reply.",False
p783,4,Direct Instruction,"No — you **cannot flip across a gap**.

Flips only happen in a **continuous straight line** of opponent discs, ending with one of your own discs. An empty square breaks the line.

So if **White played b8**, they would **not** flip up column **b**, because **b7** and **b6** are empty gaps.",False
p783,4,Negative Feedback,"No — you **cannot flip across a gap**.

Flips only happen in a **continuous straight line** of opponent discs, ending with one of your own discs. An empty square breaks the line.

So if **White played b8**, they would **not** flip up column **b**, because **b7** and **b6** are empty gaps.",False
p578,0,Direct Instruction,"B6 is legal, but I’d be cautious: it only flips c5 and leaves White a very strong reply at the corner a1.

Why? White can use the diagonal a1–b2–c3–d4–e5–f6–g7, so if you don’t disrupt that, White may take a permanent corner. In the endgame, preventing that is usually more important than a small flip now.",False
p578,0,Hint,"B6 is legal, but I’d be cautious: it only flips c5 and leaves White a very strong reply at the corner a1.

Why? White can use the diagonal a1–b2–c3–d4–e5–f6–g7, so if you don’t disrupt that, White may take a permanent corner. In the endgame, preventing that is usually more important than a small flip now.",False
p578,0,Neutral Feedback,"B6 is legal, but I’d be cautious: it only flips c5 and leaves White a very strong reply at the corner a1.

Why? White can use the diagonal a1–b2–c3–d4–e5–f6–g7, so if you don’t disrupt that, White may take a permanent corner. In the endgame, preventing that is usually more important than a small flip now.",False
p578,1,Provide Correct Answer,"A better move is **b7**.

It plays into the lower-left area without immediately giving White the **a8 corner**, and it helps control White’s replies/mobility. In this endgame, that’s stronger than grabbing a few flips with **b6**.",False
p578,1,Direct Instruction,"A better move is **b7**.

It plays into the lower-left area without immediately giving White the **a8 corner**, and it helps control White’s replies/mobility. In this endgame, that’s stronger than grabbing a few flips with **b6**.",False
p578,2,Direct Instruction,"Tip: don’t judge by flips now—check **White’s replies** after each move.

Compare your legal moves by asking:
- Does it give White access to the empty corner **a1**?
- Does it leave White with fewer legal moves?
- Does it make the bottom edge more secure?

The move on the **bottom edge (c8)** is especially worth counting out carefully.",False
p578,2,Hint,"Tip: don’t judge by flips now—check **White’s replies** after each move.

Compare your legal moves by asking:
- Does it give White access to the empty corner **a1**?
- Does it leave White with fewer legal moves?
- Does it make the bottom edge more secure?

The move on the **bottom edge (c8)** is especially worth counting out carefully.",False
p578,3,Direct Instruction,"You lost mainly because **White got the corners/edges**: White finished with **a1, h1, and a8**, and those made the top/left/bottom edges stable. Your black discs were mostly in the center/right — many flips, but not permanent enough.

What to improve next time:

- **Don’t chase big flips** in the endgame.
- Before moving, ask: **“Does this let White take a corner next?”**
- Avoid moves next to empty corners unless they **force** a good reply.
- Count 1–2 moves ahead: if White gets a corner, can you get another corner or force a pass? If not, avoid it.

So the big lesson: **mobility + corner denial mattered more than immediate disc count.**",False
p578,4,Direct Instruction,"Yes — **a corner is almost always good**, even early, because it can **never be flipped back**.

But the key is: don’t *give up* a corner by playing next to it too soon.

Quick rule:
- **Take a corner if you can.**
- Be careful with squares next to an empty corner, especially the diagonal “X-square” like **b2 next to a1**.
- A corner is strongest when it helps you build a stable edge afterward.

So: **getting a corner early is good; handing your opponent a corner early is usually bad.**",False
p578,4,Hint,"Yes — **a corner is almost always good**, even early, because it can **never be flipped back**.

But the key is: don’t *give up* a corner by playing next to it too soon.

Quick rule:
- **Take a corner if you can.**
- Be careful with squares next to an empty corner, especially the diagonal “X-square” like **b2 next to a1**.
- A corner is strongest when it helps you build a stable edge afterward.

So: **getting a corner early is good; handing your opponent a corner early is usually bad.**",False
p807,0,Provide Correct Answer,"Best move for Black: **b7**.

Why: in this endgame, don’t just flip the most now. **b7** keeps Black’s position safest and avoids giving White easy access to the bottom-left corner area. Corners like **a8** are permanent, so the key is controlling who gets them.

Play: **b7**.",False
p807,0,Direct Instruction,"Best move for Black: **b7**.

Why: in this endgame, don’t just flip the most now. **b7** keeps Black’s position safest and avoids giving White easy access to the bottom-left corner area. Corners like **a8** are permanent, so the key is controlling who gets them.

Play: **b7**.",False
p807,1,Provide Correct Answer,"**b7** is best because this is an endgame count/mobility move, not a “corner rule” move.

- **b7 flips the whole row c7–g7**, giving Black a big bottom-side block.
- It leaves White with less useful mobility; White may get access to **a8**, but Black can still answer on the bottom edge and keep the best final count.
- Moves like **g2** or **a7** more directly hand White a permanent corner area with less compensation.

So even though **b7 is normally a scary square next to the a8 corner**, here the endgame count says it’s the strongest move.",False
p807,1,Direct Instruction,"**b7** is best because this is an endgame count/mobility move, not a “corner rule” move.

- **b7 flips the whole row c7–g7**, giving Black a big bottom-side block.
- It leaves White with less useful mobility; White may get access to **a8**, but Black can still answer on the bottom edge and keep the best final count.
- Moves like **g2** or **a7** more directly hand White a permanent corner area with less compensation.

So even though **b7 is normally a scary square next to the a8 corner**, here the endgame count says it’s the strongest move.",False
p807,2,Direct Instruction,"**b6 is not great here.** It flips several discs across row 6, but that can be a trap in the endgame: it gives White more chances to answer and regain discs.

The key question: after **b6**, does White get a move that takes an edge/corner area or forces Black into bad moves? Here, **b6 improves Black’s count now, but not the final count as well as another option.**",False
p807,2,Hint,"**b6 is not great here.** It flips several discs across row 6, but that can be a trap in the endgame: it gives White more chances to answer and regain discs.

The key question: after **b6**, does White get a move that takes an edge/corner area or forces Black into bad moves? Here, **b6 improves Black’s count now, but not the final count as well as another option.**",False
p807,2,Negative Feedback,"**b6 is not great here.** It flips several discs across row 6, but that can be a trap in the endgame: it gives White more chances to answer and regain discs.

The key question: after **b6**, does White get a move that takes an edge/corner area or forces Black into bad moves? Here, **b6 improves Black’s count now, but not the final count as well as another option.**",False
p807,3,Provide Correct Answer,"The best move here is **c8**.

Why:
- It flips only a little now, but it **keeps White’s replies awkward**.
- The tempting moves **b6** or **a7** affect the bottom-left corner area and can let White profit there.
- In endgames, the best move is often the one that wins the final count, not the one that flips the most immediately.

So I’d play **c8**.",False
p807,3,Direct Instruction,"The best move here is **c8**.

Why:
- It flips only a little now, but it **keeps White’s replies awkward**.
- The tempting moves **b6** or **a7** affect the bottom-left corner area and can let White profit there.
- In endgames, the best move is often the one that wins the final count, not the one that flips the most immediately.

So I’d play **c8**.",False
p807,4,Provide Correct Answer,"Best move now: **a7**.

Reason: **g2 flips a lot**, but it likely gives White the **h1 corner** next. **a7** is safer: the **a8 corner is already White**, so you’re not handing over a new corner, and it keeps Black’s final count better than **b6**.",False
p807,4,Direct Instruction,"Best move now: **a7**.

Reason: **g2 flips a lot**, but it likely gives White the **h1 corner** next. **a7** is safer: the **a8 corner is already White**, so you’re not handing over a new corner, and it keeps Black’s final count better than **b6**.",False
p123,0,Direct Instruction,"You can’t play **h1** because a legal move must flip at least one white disc: from **h1** there’s no straight line of white discs ending in a black disc. So it isn’t marked with a dot.

To protect the **h-column**, think mainly about **not handing White the h1 corner**. In particular, be careful with moves next to that corner, especially **g2**: if Black plays there, White may be able to take **h1**, and corners are permanent.

So ask: after your move, does White get a legal move at **h1**? If yes, it’s probably dangerous.",False
p123,0,Hint,"You can’t play **h1** because a legal move must flip at least one white disc: from **h1** there’s no straight line of white discs ending in a black disc. So it isn’t marked with a dot.

To protect the **h-column**, think mainly about **not handing White the h1 corner**. In particular, be careful with moves next to that corner, especially **g2**: if Black plays there, White may be able to take **h1**, and corners are permanent.

So ask: after your move, does White get a legal move at **h1**? If yes, it’s probably dangerous.",False
p123,0,Prompt,"You can’t play **h1** because a legal move must flip at least one white disc: from **h1** there’s no straight line of white discs ending in a black disc. So it isn’t marked with a dot.

To protect the **h-column**, think mainly about **not handing White the h1 corner**. In particular, be careful with moves next to that corner, especially **g2**: if Black plays there, White may be able to take **h1**, and corners are permanent.

So ask: after your move, does White get a legal move at **h1**? If yes, it’s probably dangerous.",False
p123,1,Direct Instruction,"From the final board, Black lost **20–44**. I can’t know the exact bad move without the move history, but the pattern is clear:

- White owns **3 corners**: **a1, h1, a8**. Black only owns **h8**.
- White also owns almost all the **top, left, and bottom edges**.
- Once White got those corners, those discs became **permanent**, and the edges around them became very hard to contest.

So the likely mistake was **handing White corners**, probably by playing or allowing moves near empty corners — squares like **g2 / h2 / g1** near **h1**, or **b2 / a2 / b1** near **a1**.

For the h-column specifically: your black discs there weren’t the main problem — you actually kept many of them. The problem was White taking **h1**, which made the top-right corner permanent and helped White lock the top edge.

Endgame lesson: don’t ask “which move flips most now?” Ask:  
**Does my move give White a corner or a big stable edge next turn?** If yes, avoid it if possible.",False
p123,1,Hint,"From the final board, Black lost **20–44**. I can’t know the exact bad move without the move history, but the pattern is clear:

- White owns **3 corners**: **a1, h1, a8**. Black only owns **h8**.
- White also owns almost all the **top, left, and bottom edges**.
- Once White got those corners, those discs became **permanent**, and the edges around them became very hard to contest.

So the likely mistake was **handing White corners**, probably by playing or allowing moves near empty corners — squares like **g2 / h2 / g1** near **h1**, or **b2 / a2 / b1** near **a1**.

For the h-column specifically: your black discs there weren’t the main problem — you actually kept many of them. The problem was White taking **h1**, which made the top-right corner permanent and helped White lock the top edge.

Endgame lesson: don’t ask “which move flips most now?” Ask:  
**Does my move give White a corner or a big stable edge next turn?** If yes, avoid it if possible.",False
p123,2,Direct Instruction,"Yes — **corners are usually the best squares** because they can never be flipped.

But not “always aim for them” blindly. Better rule:

**Aim to take corners, and avoid giving corners away.**

In this final board, White has **a1, h1, a8**; Black only has **h8**. That’s a big reason White wins **44–20**.

Key ideas:
- **Corners = permanent discs**
- **Edges next to your corners become safer**
- Avoid playing “danger squares” next to empty corners, like **g1, g2, h2**, unless you’ve checked White cannot take the corner after.

So: corners are top priority, but the real skill is **setting up corners for yourself while denying them to White**.",False
p123,2,Hint,"Yes — **corners are usually the best squares** because they can never be flipped.

But not “always aim for them” blindly. Better rule:

**Aim to take corners, and avoid giving corners away.**

In this final board, White has **a1, h1, a8**; Black only has **h8**. That’s a big reason White wins **44–20**.

Key ideas:
- **Corners = permanent discs**
- **Edges next to your corners become safer**
- Avoid playing “danger squares” next to empty corners, like **g1, g2, h2**, unless you’ve checked White cannot take the corner after.

So: corners are top priority, but the real skill is **setting up corners for yourself while denying them to White**.",False
p123,3,Direct Instruction,"This game is already over — no empty squares left — but the main way to keep White away from corners is:

**1. Don’t play next to an empty corner unless you know it’s safe.**  
Danger squares:
- Near **a1**: **a2, b1, b2**
- Near **h1**: **h2, g1, g2**
- Near **a8**: **a7, b8, b7**
- Near **h8**: **h7, g8, g7**

**2. Before every move ask:**  
“After I play this, can White take a corner next turn?”

If yes, avoid it unless you have a bigger forced win.

**3. Use mobility.**  
Sometimes the best move is not the one that flips most, but the one that leaves White with only bad moves — ideally forcing White to play next to a corner first.

**4. Once you own a corner, then nearby edge squares become much safer.**  
Corners are permanent, so they protect the edge around them.

In your finished game, White got **a1, h1, and a8**, which is why White’s edges became so strong.",False
p123,4,Direct Instruction,"A **bad move** is one that helps White more than it helps you — especially in the endgame.

Quick checklist:

1. **Gives White a corner**  
   Playing next to an empty corner can let White take it. Corners are permanent.

2. **Gives White stable edges**  
   Once White has a corner, edge discs beside it often become hard/impossible to flip.

3. **Leaves White lots of good moves**  
   This is called **mobility**. A move is often bad if it gives White many options while you get few.

4. **Forces you into bad moves later**  
   Sometimes a move looks good now, but next turn you must play beside a corner.

5. **Flips too many too early**  
   In Othello, flipping many discs now can expose your discs and give White more moves.

6. **Loses the final count**  
   In the endgame, the best move is the one that gives you the best final disc difference, not the biggest immediate flip.

In your final board, the big issue was likely: **White got 3 corners and stable edges**, so Black’s discs became trapped inside.",False
p797,0,Provide Correct Answer,"Of your legal moves (**g2, b6, a7, c8**), the strongest-looking option is **c8**.

Why I’d be cautious about **b6**:
- It flips several discs now, but in the endgame that can backfire by giving White more control/mobility.
- It also doesn’t secure a corner; the empty corners **a1** and **h1** are still critical.

**c8** is quieter: it takes an edge square and seems to keep Black’s endgame result best, without immediately handing White a big corner opportunity.",False
p797,0,Direct Instruction,"Of your legal moves (**g2, b6, a7, c8**), the strongest-looking option is **c8**.

Why I’d be cautious about **b6**:
- It flips several discs now, but in the endgame that can backfire by giving White more control/mobility.
- It also doesn’t secure a corner; the empty corners **a1** and **h1** are still critical.

**c8** is quieter: it takes an edge square and seems to keep Black’s endgame result best, without immediately handing White a big corner opportunity.",False
p797,1,Provide Correct Answer,"The correct move is **a7**.

Why: it plays on the left edge and keeps White’s replies more constrained. The alternatives **g2** and **b6** give White more useful endgame access, especially around the remaining corner/edge squares.",False
p797,1,Direct Instruction,"The correct move is **a7**.

Why: it plays on the left edge and keeps White’s replies more constrained. The alternatives **g2** and **b6** give White more useful endgame access, especially around the remaining corner/edge squares.",False
p797,2,Provide Correct Answer,"Play **a3**.

Even though **a1** is a corner, here **a3** is the best endgame move because it limits White’s remaining replies and gives Black the best final disc count.",False
p797,2,Direct Instruction,"Play **a3**.

Even though **a1** is a corner, here **a3** is the best endgame move because it limits White’s remaining replies and gives Black the best final disc count.",False
p797,3,Provide Correct Answer,"Yes — **a1 is a legal move**.

It’s legal because from **a1** diagonally down-right, **b2 is White** and **c3 is Black**, so it flips **b2**.

But legal doesn’t always mean best: here **a3** is the move that keeps Black’s best endgame result.",False
p797,3,Direct Instruction,"Yes — **a1 is a legal move**.

It’s legal because from **a1** diagonally down-right, **b2 is White** and **c3 is Black**, so it flips **b2**.

But legal doesn’t always mean best: here **a3** is the move that keeps Black’s best endgame result.",False
p797,3,Positive Feedback,"Yes — **a1 is a legal move**.

It’s legal because from **a1** diagonally down-right, **b2 is White** and **c3 is Black**, so it flips **b2**.

But legal doesn’t always mean best: here **a3** is the move that keeps Black’s best endgame result.",False
p797,4,Direct Instruction,"Look for **the final sequence**, not the biggest flip now:

- **Corners:** If you take **a1**, it’s permanent — but ask: what does White get next?
- **Corner access:** Moves near corners can give the opponent **h1** or **a1**.
- **Mobility:** After your move, how many legal moves does White have? Can you force them into only one reply or a pass?
- **Final count:** With only 4 empties, try to count: “If I play X, White plays Y, then I play Z…” and compare the ending discs.

For this board, compare **a1, g2, a3** by asking: *Which move leaves White with the least useful reply?*",False
p797,4,Prompt,"Look for **the final sequence**, not the biggest flip now:

- **Corners:** If you take **a1**, it’s permanent — but ask: what does White get next?
- **Corner access:** Moves near corners can give the opponent **h1** or **a1**.
- **Mobility:** After your move, how many legal moves does White have? Can you force them into only one reply or a pass?
- **Final count:** With only 4 empties, try to count: “If I play X, White plays Y, then I play Z…” and compare the ending discs.

For this board, compare **a1, g2, a3** by asking: *Which move leaves White with the least useful reply?*",False
p797,4,Pose Simplified Problem,"Look for **the final sequence**, not the biggest flip now:

- **Corners:** If you take **a1**, it’s permanent — but ask: what does White get next?
- **Corner access:** Moves near corners can give the opponent **h1** or **a1**.
- **Mobility:** After your move, how many legal moves does White have? Can you force them into only one reply or a pass?
- **Final count:** With only 4 empties, try to count: “If I play X, White plays Y, then I play Z…” and compare the ending discs.

For this board, compare **a1, g2, a3** by asking: *Which move leaves White with the least useful reply?*",False
p797,5,Provide Correct Answer,"Yes — **play a1**.

It’s a **corner**, so it can’t be flipped back, and it flips along **a2** and **b2**. In this endgame, that permanent corner is more valuable than the bigger immediate flip from **g2**.",False
p797,5,Direct Instruction,"Yes — **play a1**.

It’s a **corner**, so it can’t be flipped back, and it flips along **a2** and **b2**. In this endgame, that permanent corner is more valuable than the bigger immediate flip from **g2**.",False
p797,6,Provide Correct Answer,"Since White had **no legal move, White passes**, and Black moves again.

Best now: **h1**.

It’s the corner, so it’s permanent, and with only **g2** left afterward, the ending is straightforward.",False
p797,6,Direct Instruction,"Since White had **no legal move, White passes**, and Black moves again.

Best now: **h1**.

It’s the corner, so it’s permanent, and with only **g2** left afterward, the ending is straightforward.",False
p797,7,Direct Instruction,"Yes. If you play **g2**, White would have **h1** as a legal move.

Reason: from **h1** diagonally down-left, White sees **g2 = Black** and then **f3 = White**, so White can play **h1** and flip **g2**. That also gives White the corner.",False
p797,7,Positive Feedback,"Yes. If you play **g2**, White would have **h1** as a legal move.

Reason: from **h1** diagonally down-left, White sees **g2 = Black** and then **f3 = White**, so White can play **h1** and flip **g2**. That also gives White the corner.",False
p380,0,Provide Correct Answer,"No — **g2 is not the best** here.

It’s tempting because it flips discs, but it’s the **X-square next to the empty h1 corner**, so it risks corner trouble later. The move that keeps Black’s best endgame result is **b7**.",False
p380,0,Direct Instruction,"No — **g2 is not the best** here.

It’s tempting because it flips discs, but it’s the **X-square next to the empty h1 corner**, so it risks corner trouble later. The move that keeps Black’s best endgame result is **b7**.",False
p380,0,Negative Feedback,"No — **g2 is not the best** here.

It’s tempting because it flips discs, but it’s the **X-square next to the empty h1 corner**, so it risks corner trouble later. The move that keeps Black’s best endgame result is **b7**.",False
p380,1,Provide Correct Answer,"Your best choice is **a1** — it’s a **corner**, so once you take it, those discs can’t be flipped back.

**b6** is also strong, but **a1 is the safest, clearest endgame move**. Avoid **g2** because it sits next to the empty **h1 corner** and can help White get that corner.",False
p380,1,Direct Instruction,"Your best choice is **a1** — it’s a **corner**, so once you take it, those discs can’t be flipped back.

**b6** is also strong, but **a1 is the safest, clearest endgame move**. Avoid **g2** because it sits next to the empty **h1 corner** and can help White get that corner.",False
p380,2,Provide Correct Answer,"**b6 is better.**

Reason: after **b6**, White appears to have **no legal move at g2**, so White must **pass**, and then you can play **g2** as well. If you play **g2 first**, White can answer at **b6**.",False
p380,2,Direct Instruction,"**b6 is better.**

Reason: after **b6**, White appears to have **no legal move at g2**, so White must **pass**, and then you can play **g2** as well. If you play **g2 first**, White can answer at **b6**.",False
p380,3,Direct Instruction,"Yes — this game is finished.

Final score: **Black 40, White 24**.  
So **Black wins by 16**.

You can start a new game now.",False
p380,4,Direct Instruction,"To start a new game, use the game/app control that says something like **“New Game,” “Restart,” or “Reset.”**

This board is complete: **0 empty squares**, so there are no moves left.  
Final score: **Black 40, White 24** — **Black wins by 16**.",False
p707,0,Direct Instruction,"Which square do you mean?

Legal moves are: **g2, b6, a7, b7, b8, c8**.  
In this endgame, check especially: does the move give White a corner or reduce White’s mobility?",False
p707,0,Hint,"Which square do you mean?

Legal moves are: **g2, b6, a7, b7, b8, c8**.  
In this endgame, check especially: does the move give White a corner or reduce White’s mobility?",False
p707,0,Comprehension Gauging Question,"Which square do you mean?

Legal moves are: **g2, b6, a7, b7, b8, c8**.  
In this endgame, check especially: does the move give White a corner or reduce White’s mobility?",False
p707,1,Direct Instruction,"**g2 is risky, likely not good.**  

It flips several discs now, but it is the **diagonal square next to the empty corner h1**. After Black plays **g2**, White can likely take **h1**, and corners are permanent in the endgame.

So ask: “Am I winning enough immediately to compensate for giving White the corner?” Usually, no.",False
p707,1,Prompt,"**g2 is risky, likely not good.**  

It flips several discs now, but it is the **diagonal square next to the empty corner h1**. After Black plays **g2**, White can likely take **h1**, and corners are permanent in the endgame.

So ask: “Am I winning enough immediately to compensate for giving White the corner?” Usually, no.",False
p707,1,Negative Feedback,"**g2 is risky, likely not good.**  

It flips several discs now, but it is the **diagonal square next to the empty corner h1**. After Black plays **g2**, White can likely take **h1**, and corners are permanent in the endgame.

So ask: “Am I winning enough immediately to compensate for giving White the corner?” Usually, no.",False
p707,2,Direct Instruction,"**b6 is legal, but I’d be cautious.** It only flips **c5**, and it doesn’t grab a corner or clearly limit White’s replies.

Before choosing it, compare it with moves that affect White’s mobility around the lower-left empties (**a7, b7, b8, c8**). Ask: after **b6**, what strong move does White get next?",False
p707,2,Hint,"**b6 is legal, but I’d be cautious.** It only flips **c5**, and it doesn’t grab a corner or clearly limit White’s replies.

Before choosing it, compare it with moves that affect White’s mobility around the lower-left empties (**a7, b7, b8, c8**). Ask: after **b6**, what strong move does White get next?",False
p707,2,Prompt,"**b6 is legal, but I’d be cautious.** It only flips **c5**, and it doesn’t grab a corner or clearly limit White’s replies.

Before choosing it, compare it with moves that affect White’s mobility around the lower-left empties (**a7, b7, b8, c8**). Ask: after **b6**, what strong move does White get next?",False
p707,2,Neutral Feedback,"**b6 is legal, but I’d be cautious.** It only flips **c5**, and it doesn’t grab a corner or clearly limit White’s replies.

Before choosing it, compare it with moves that affect White’s mobility around the lower-left empties (**a7, b7, b8, c8**). Ask: after **b6**, what strong move does White get next?",False
p707,3,Provide Correct Answer,"I’d suggest **b7**.

Why: it plays into the lower-left cluster without touching the dangerous **g2–h1 corner** issue, and it helps keep control of the edge options around **a7/b8/c8**. In endgames like this, **b7** looks better than grabbing flips with **g2**, because it avoids handing White an easy permanent corner.",False
p707,3,Direct Instruction,"I’d suggest **b7**.

Why: it plays into the lower-left cluster without touching the dangerous **g2–h1 corner** issue, and it helps keep control of the edge options around **a7/b8/c8**. In endgames like this, **b7** looks better than grabbing flips with **g2**, because it avoids handing White an easy permanent corner.",False
p707,4,Provide Correct Answer,"**b7 isn’t legal in this position.** The legal choices are **g2, b6, a7, c8**.

I’d play **c8**: click the square at **column c, row 8** — bottom row, third column from the left. This avoids giving White the **h1 corner** after **g2**, and keeps the endgame tighter.",False
p707,4,Direct Instruction,"**b7 isn’t legal in this position.** The legal choices are **g2, b6, a7, c8**.

I’d play **c8**: click the square at **column c, row 8** — bottom row, third column from the left. This avoids giving White the **h1 corner** after **g2**, and keeps the endgame tighter.",False
p707,4,Negative Feedback,"**b7 isn’t legal in this position.** The legal choices are **g2, b6, a7, c8**.

I’d play **c8**: click the square at **column c, row 8** — bottom row, third column from the left. This avoids giving White the **h1 corner** after **g2**, and keeps the endgame tighter.",False
p707,5,Direct Instruction,"You’re seeing the key endgame trap: **more flips now doesn’t always mean a better final score**—White may flip them back or take a permanent corner.

From this board, Black’s legal moves are **g2, b6, a7**.  
Quick check:
- **g2** is dangerous because it sits next to the empty **h1 corner**.
- For **b6 vs a7**, think: which one leaves White with fewer strong replies and avoids giving corners?

If you want, ask “which should I play?” and I’ll give the direct move.",False
p707,5,Hint,"You’re seeing the key endgame trap: **more flips now doesn’t always mean a better final score**—White may flip them back or take a permanent corner.

From this board, Black’s legal moves are **g2, b6, a7**.  
Quick check:
- **g2** is dangerous because it sits next to the empty **h1 corner**.
- For **b6 vs a7**, think: which one leaves White with fewer strong replies and avoids giving corners?

If you want, ask “which should I play?” and I’ll give the direct move.",False
p707,5,Pose Simplified Problem,"You’re seeing the key endgame trap: **more flips now doesn’t always mean a better final score**—White may flip them back or take a permanent corner.

From this board, Black’s legal moves are **g2, b6, a7**.  
Quick check:
- **g2** is dangerous because it sits next to the empty **h1 corner**.
- For **b6 vs a7**, think: which one leaves White with fewer strong replies and avoids giving corners?

If you want, ask “which should I play?” and I’ll give the direct move.",False
p707,6,Provide Correct Answer,"Play **a7** — left edge, row 7.

Why: **g2** can hand White the **h1 corner**, and **b6** doesn’t do enough to stop White’s endgame. **a7** is the best-looking move because it fights on the edge while avoiding that corner giveaway.",False
p707,6,Direct Instruction,"Play **a7** — left edge, row 7.

Why: **g2** can hand White the **h1 corner**, and **b6** doesn’t do enough to stop White’s endgame. **a7** is the best-looking move because it fights on the edge while avoiding that corner giveaway.",False
p707,7,Provide Correct Answer,"Play **a3** — left column, row 3.

Why: **a1** is a corner, but in this exact endgame it gives White better follow-up options. **a3** keeps Black’s best final result and avoids opening things up for White too much.",False
p707,7,Direct Instruction,"Play **a3** — left column, row 3.

Why: **a1** is a corner, but in this exact endgame it gives White better follow-up options. **a3** keeps Black’s best final result and avoids opening things up for White too much.",False
p707,8,Provide Correct Answer,"Play **a1** — the top-left corner.

Corners can’t be flipped back, and here **a1** is the safe permanent gain. **g2** is much riskier because it’s next to the empty **h1** corner.",False
p707,8,Direct Instruction,"Play **a1** — the top-left corner.

Corners can’t be flipped back, and here **a1** is the safe permanent gain. **g2** is much riskier because it’s next to the empty **h1** corner.",False
p707,9,Provide Correct Answer,"To finish it out, play **h1** — the top-right corner.

After that, if White has no legal move, White must **pass**, and you may play the last empty square **g2**. The game ends when the board is full or neither player has a legal move.",False
p707,9,Direct Instruction,"To finish it out, play **h1** — the top-right corner.

After that, if White has no legal move, White must **pass**, and you may play the last empty square **g2**. The game ends when the board is full or neither player has a legal move.",False
p241,0,Direct Instruction,"c8 is tempting, but pause on the **open a8 corner**.

Before choosing it, ask:

- After **c8**, what legal moves does White get around **a7 / b8 / a8**?
- Are you giving White a way to take or force the **a8 corner**?
- Does c8 leave White with several moves, or does another legal move leave White with fewer replies?

In the endgame, flipping 4 now is only good if those discs **stay yours** and don’t give up a corner/mobility. Try looking at the lower-left corner area first.",False
p241,0,Hint,"c8 is tempting, but pause on the **open a8 corner**.

Before choosing it, ask:

- After **c8**, what legal moves does White get around **a7 / b8 / a8**?
- Are you giving White a way to take or force the **a8 corner**?
- Does c8 leave White with several moves, or does another legal move leave White with fewer replies?

In the endgame, flipping 4 now is only good if those discs **stay yours** and don’t give up a corner/mobility. Try looking at the lower-left corner area first.",False
p241,0,Prompt,"c8 is tempting, but pause on the **open a8 corner**.

Before choosing it, ask:

- After **c8**, what legal moves does White get around **a7 / b8 / a8**?
- Are you giving White a way to take or force the **a8 corner**?
- Does c8 leave White with several moves, or does another legal move leave White with fewer replies?

In the endgame, flipping 4 now is only good if those discs **stay yours** and don’t give up a corner/mobility. Try looking at the lower-left corner area first.",False
p241,1,Direct Instruction,"No worries.

Basic idea: when Black plays, you flip White discs only if they’re **sandwiched in a straight line** between your new disc and another black disc.

But near the end, the key is not “how many flip now” — it’s:

- **Corners** like **a8** are permanent once taken.
- Squares next to a corner can accidentally help White get that corner.
- A move is strong if it leaves White with **few or no legal moves**.

So for **c8**, don’t just count the flips. Ask: *after c8, what can White do near the open a8 corner?* That corner may matter more than 4 flipped discs.",False
p241,1,Hint,"No worries.

Basic idea: when Black plays, you flip White discs only if they’re **sandwiched in a straight line** between your new disc and another black disc.

But near the end, the key is not “how many flip now” — it’s:

- **Corners** like **a8** are permanent once taken.
- Squares next to a corner can accidentally help White get that corner.
- A move is strong if it leaves White with **few or no legal moves**.

So for **c8**, don’t just count the flips. Ask: *after c8, what can White do near the open a8 corner?* That corner may matter more than 4 flipped discs.",False
p241,1,Prompt,"No worries.

Basic idea: when Black plays, you flip White discs only if they’re **sandwiched in a straight line** between your new disc and another black disc.

But near the end, the key is not “how many flip now” — it’s:

- **Corners** like **a8** are permanent once taken.
- Squares next to a corner can accidentally help White get that corner.
- A move is strong if it leaves White with **few or no legal moves**.

So for **c8**, don’t just count the flips. Ask: *after c8, what can White do near the open a8 corner?* That corner may matter more than 4 flipped discs.",False
p241,2,Direct Instruction,"Corners matter in **Othello generally**, not just this game.

Why: a corner disc can **never be flipped**, because flipping needs a line with discs on both sides — and there’s no square “outside” a corner to surround it. So corners are **permanent**, and they often make nearby edge discs safer too.

Here, the key corner is **a8**. Since it’s empty, the danger is: if Black plays a nearby square, does that let White play **a8** next? For each option near the bottom-left, ask: **after my move, can White take a8, or am I limiting White’s moves?**",False
p241,2,Hint,"Corners matter in **Othello generally**, not just this game.

Why: a corner disc can **never be flipped**, because flipping needs a line with discs on both sides — and there’s no square “outside” a corner to surround it. So corners are **permanent**, and they often make nearby edge discs safer too.

Here, the key corner is **a8**. Since it’s empty, the danger is: if Black plays a nearby square, does that let White play **a8** next? For each option near the bottom-left, ask: **after my move, can White take a8, or am I limiting White’s moves?**",False
p241,2,Prompt,"Corners matter in **Othello generally**, not just this game.

Why: a corner disc can **never be flipped**, because flipping needs a line with discs on both sides — and there’s no square “outside” a corner to surround it. So corners are **permanent**, and they often make nearby edge discs safer too.

Here, the key corner is **a8**. Since it’s empty, the danger is: if Black plays a nearby square, does that let White play **a8** next? For each option near the bottom-left, ask: **after my move, can White take a8, or am I limiting White’s moves?**",False
p241,3,Direct Instruction,"You’re right: **White cannot take a8 immediately after Black plays c8**. From **a8**, White would need to sandwich black discs along a line, and the nearby squares **a7, b7, b8** don’t make that happen right away.

The concern is more indirect: after **c8**, White may get moves like **b8**, changing the bottom edge and the fight for **a8**. So the question isn’t “can White take a8 next?” but “does c8 give White useful replies and more mobility?”",False
p241,3,Positive Feedback,"You’re right: **White cannot take a8 immediately after Black plays c8**. From **a8**, White would need to sandwich black discs along a line, and the nearby squares **a7, b7, b8** don’t make that happen right away.

The concern is more indirect: after **c8**, White may get moves like **b8**, changing the bottom edge and the fight for **a8**. So the question isn’t “can White take a8 next?” but “does c8 give White useful replies and more mobility?”",False
p241,4,Provide Correct Answer,"The best move is **b7**.

Why it’s strong:
- It flips the whole row **c7–g7** toward your black disc on **h7**.
- It keeps the lower-left corner fight under control better than moves like **c8** or **b8**.
- It gives Black a strong edge/endgame position rather than just chasing immediate flips.",False
p241,4,Direct Instruction,"The best move is **b7**.

Why it’s strong:
- It flips the whole row **c7–g7** toward your black disc on **h7**.
- It keeps the lower-left corner fight under control better than moves like **c8** or **b8**.
- It gives Black a strong edge/endgame position rather than just chasing immediate flips.",False
p636,0,Direct Instruction,"c8 is legal, and it flips a couple now (c7 and d8).

But before playing it, ask: **what does White get next?** The bottom-left corner area (**a8/b8/a7**) is still open, and in the endgame giving White access there can matter more than the immediate flips.

Try to compare: after **c8**, does White have a strong edge/corner reply, or are they short on moves?",False
p636,0,Hint,"c8 is legal, and it flips a couple now (c7 and d8).

But before playing it, ask: **what does White get next?** The bottom-left corner area (**a8/b8/a7**) is still open, and in the endgame giving White access there can matter more than the immediate flips.

Try to compare: after **c8**, does White have a strong edge/corner reply, or are they short on moves?",False
p636,0,Prompt,"c8 is legal, and it flips a couple now (c7 and d8).

But before playing it, ask: **what does White get next?** The bottom-left corner area (**a8/b8/a7**) is still open, and in the endgame giving White access there can matter more than the immediate flips.

Try to compare: after **c8**, does White have a strong edge/corner reply, or are they short on moves?",False
p636,1,Direct Instruction,"a1 would be a corner, yes — but **it isn’t legal here** (no pale dot on a1). Black’s legal moves are only: **g2, b6, a7, b7, b8, c8**.

So the question is: among those, which move **doesn’t give White an easy corner next**, especially around the empty **a8/a1** corners?",False
p636,1,Hint,"a1 would be a corner, yes — but **it isn’t legal here** (no pale dot on a1). Black’s legal moves are only: **g2, b6, a7, b7, b8, c8**.

So the question is: among those, which move **doesn’t give White an easy corner next**, especially around the empty **a8/a1** corners?",False
p636,1,Pose Simplified Problem,"a1 would be a corner, yes — but **it isn’t legal here** (no pale dot on a1). Black’s legal moves are only: **g2, b6, a7, b7, b8, c8**.

So the question is: among those, which move **doesn’t give White an easy corner next**, especially around the empty **a8/a1** corners?",False
p636,1,Negative Feedback,"a1 would be a corner, yes — but **it isn’t legal here** (no pale dot on a1). Black’s legal moves are only: **g2, b6, a7, b7, b8, c8**.

So the question is: among those, which move **doesn’t give White an easy corner next**, especially around the empty **a8/a1** corners?",False
p636,2,Direct Instruction,"b6 is a “quiet” move — it only flips **c5**, so it avoids the trap of grabbing too much.

But check the corner zone: after **b6**, what can White do around **a7 / b7 / b8 / c8**, and who is likely to get **a8**? Compare that with **b7**: which leaves White fewer useful replies?",False
p636,2,Hint,"b6 is a “quiet” move — it only flips **c5**, so it avoids the trap of grabbing too much.

But check the corner zone: after **b6**, what can White do around **a7 / b7 / b8 / c8**, and who is likely to get **a8**? Compare that with **b7**: which leaves White fewer useful replies?",False
p636,2,Prompt,"b6 is a “quiet” move — it only flips **c5**, so it avoids the trap of grabbing too much.

But check the corner zone: after **b6**, what can White do around **a7 / b7 / b8 / c8**, and who is likely to get **a8**? Compare that with **b7**: which leaves White fewer useful replies?",False
p636,2,Pose Simplified Problem,"b6 is a “quiet” move — it only flips **c5**, so it avoids the trap of grabbing too much.

But check the corner zone: after **b6**, what can White do around **a7 / b7 / b8 / c8**, and who is likely to get **a8**? Compare that with **b7**: which leaves White fewer useful replies?",False
p636,3,Direct Instruction,"Between **a7** and **b6**, I’d avoid **a7**: it lets White answer **b6**, a big swing in that corner area.

But don’t limit it to those two — **c8** is the key move to examine here. It fights for the bottom edge and leaves White with fewer comfortable replies.",False
p636,3,Hint,"Between **a7** and **b6**, I’d avoid **a7**: it lets White answer **b6**, a big swing in that corner area.

But don’t limit it to those two — **c8** is the key move to examine here. It fights for the bottom edge and leaves White with fewer comfortable replies.",False
p636,3,Negative Feedback,"Between **a7** and **b6**, I’d avoid **a7**: it lets White answer **b6**, a big swing in that corner area.

But don’t limit it to those two — **c8** is the key move to examine here. It fights for the bottom edge and leaves White with fewer comfortable replies.",False
p636,4,Provide Correct Answer,"Play **a7**.

It takes the left edge strongly: it flips **a6, b7, c7**, and with only 6 empties left it keeps Black’s best endgame result.",False
p636,4,Direct Instruction,"Play **a7**.

It takes the left edge strongly: it flips **a6, b7, c7**, and with only 6 empties left it keeps Black’s best endgame result.",False
p199,0,Provide Correct Answer,"Yes — **b7** looks better than **b6** here.

Why: **b6** opens up that lower-left corner area while still leaving White chances to control access around **a8/a7/b8**. **b7** is more restrictive: it tends to reduce White’s good replies and keeps the corner fight safer.

So if you want the direct recommendation: **play b7**.",False
p199,0,Direct Instruction,"Yes — **b7** looks better than **b6** here.

Why: **b6** opens up that lower-left corner area while still leaving White chances to control access around **a8/a7/b8**. **b7** is more restrictive: it tends to reduce White’s good replies and keeps the corner fight safer.

So if you want the direct recommendation: **play b7**.",False
p199,0,Positive Feedback,"Yes — **b7** looks better than **b6** here.

Why: **b6** opens up that lower-left corner area while still leaving White chances to control access around **a8/a7/b8**. **b7** is more restrictive: it tends to reduce White’s good replies and keeps the corner fight safer.

So if you want the direct recommendation: **play b7**.",False
p199,1,Provide Correct Answer,"Play **c8**.

Why: it’s the safest endgame move here because it **doesn’t hand White an easy corner**. Moves like **a7** or **b6** can make the lower-left corner area dangerous, while **g2** also gives White more play on the top-right side. **c8** keeps Black’s best result.",False
p199,1,Direct Instruction,"Play **c8**.

Why: it’s the safest endgame move here because it **doesn’t hand White an easy corner**. Moves like **a7** or **b6** can make the lower-left corner area dangerous, while **g2** also gives White more play on the top-right side. **c8** keeps Black’s best result.",False
p199,2,Provide Correct Answer,"Yes — **a7** is the best choice here.

It plays on the edge without touching the dangerous **g2** square next to the empty corner **h1**, and it keeps White’s replies more limited than **b6**. I’d play **a7**.",False
p199,2,Direct Instruction,"Yes — **a7** is the best choice here.

It plays on the edge without touching the dangerous **g2** square next to the empty corner **h1**, and it keeps White’s replies more limited than **b6**. I’d play **a7**.",False
p199,2,Positive Feedback,"Yes — **a7** is the best choice here.

It plays on the edge without touching the dangerous **g2** square next to the empty corner **h1**, and it keeps White’s replies more limited than **b6**. I’d play **a7**.",False
p199,3,Provide Correct Answer,"I’d **avoid a1** here, even though it’s a corner.

In this endgame, **a3** is better: it keeps White’s replies tighter and gives Black the best final count. So I’d play **a3**, not **a1**.",False
p199,3,Direct Instruction,"I’d **avoid a1** here, even though it’s a corner.

In this endgame, **a3** is better: it keeps White’s replies tighter and gives Black the best final count. So I’d play **a3**, not **a1**.",False
p199,3,Negative Feedback,"I’d **avoid a1** here, even though it’s a corner.

In this endgame, **a3** is better: it keeps White’s replies tighter and gives Black the best final count. So I’d play **a3**, not **a1**.",False
p199,4,Provide Correct Answer,"Play **a1**.

It’s a **corner**, so it can’t be flipped back, and it also avoids playing **g2**, which is next to the empty corner **h1** and can give White access there.",False
p199,4,Direct Instruction,"Play **a1**.

It’s a **corner**, so it can’t be flipped back, and it also avoids playing **g2**, which is next to the empty corner **h1** and can give White access there.",False
p616,0,Direct Instruction,"I’d be wary of **g2**.

Even though it flips a few discs, after **g2** White can play the **a1 corner**: along the diagonal **a1–b2–c3–d4–e5–f6–g7**, there are Black discs ending in a White disc, so a1 is legal for White.

In the endgame, giving up a corner is usually much worse than gaining a few flips now. Try looking for a legal move that **breaks White’s access to a1**.",False
p616,0,Hint,"I’d be wary of **g2**.

Even though it flips a few discs, after **g2** White can play the **a1 corner**: along the diagonal **a1–b2–c3–d4–e5–f6–g7**, there are Black discs ending in a White disc, so a1 is legal for White.

In the endgame, giving up a corner is usually much worse than gaining a few flips now. Try looking for a legal move that **breaks White’s access to a1**.",False
p616,1,Direct Instruction,"**b8 is risky.** It only flips along the diagonal to **e5**, but it **doesn’t stop White from taking the a1 corner** next turn via the diagonal **b2–c3–d4–e5–f6–g7**.

So I’d ask: after **b8**, what is White’s strongest reply—can they grab a corner or gain mobility? Here, **a1** is the big danger.",False
p616,1,Hint,"**b8 is risky.** It only flips along the diagonal to **e5**, but it **doesn’t stop White from taking the a1 corner** next turn via the diagonal **b2–c3–d4–e5–f6–g7**.

So I’d ask: after **b8**, what is White’s strongest reply—can they grab a corner or gain mobility? Here, **a1** is the big danger.",False
p616,1,Prompt,"**b8 is risky.** It only flips along the diagonal to **e5**, but it **doesn’t stop White from taking the a1 corner** next turn via the diagonal **b2–c3–d4–e5–f6–g7**.

So I’d ask: after **b8**, what is White’s strongest reply—can they grab a corner or gain mobility? Here, **a1** is the big danger.",False
p616,2,Provide Correct Answer,"To stop **White getting a1**, you need to break the diagonal:

**a1–b2–c3–d4–e5–f6–g7**

Right now **g7 is White**, with Black discs in between, so White can use it to take **a1**.

The move that fixes this is **b7**: it flips along the 7th row and turns **g7** Black, so **a1 is no longer legal for White**.",False
p616,2,Direct Instruction,"To stop **White getting a1**, you need to break the diagonal:

**a1–b2–c3–d4–e5–f6–g7**

Right now **g7 is White**, with Black discs in between, so White can use it to take **a1**.

The move that fixes this is **b7**: it flips along the 7th row and turns **g7** Black, so **a1 is no longer legal for White**.",False
p616,3,Provide Correct Answer,"I’d play **c8**.

Even though it flips only **d8**, that’s fine in an endgame: it’s the move that best preserves your position and avoids giving White an easy corner/tempo swing. Don’t be tempted by bigger immediate flips like **g2**.",False
p616,3,Direct Instruction,"I’d play **c8**.

Even though it flips only **d8**, that’s fine in an endgame: it’s the move that best preserves your position and avoids giving White an easy corner/tempo swing. Don’t be tempted by bigger immediate flips like **g2**.",False
p616,4,Direct Instruction,"I don’t think **g2** is safe: it creates **White’s h1 corner**.

After Black plays **g2**, White can play **h1** because the diagonal **h1–g2–f3** would be White bracketing your new Black disc on g2. A corner is permanent, so that’s a big endgame gift.

So before choosing, compare your legal moves by asking: **which one does not give White an immediate corner?**",False
p616,4,Prompt,"I don’t think **g2** is safe: it creates **White’s h1 corner**.

After Black plays **g2**, White can play **h1** because the diagonal **h1–g2–f3** would be White bracketing your new Black disc on g2. A corner is permanent, so that’s a big endgame gift.

So before choosing, compare your legal moves by asking: **which one does not give White an immediate corner?**",False
p616,4,Pose Simplified Problem,"I don’t think **g2** is safe: it creates **White’s h1 corner**.

After Black plays **g2**, White can play **h1** because the diagonal **h1–g2–f3** would be White bracketing your new Black disc on g2. A corner is permanent, so that’s a big endgame gift.

So before choosing, compare your legal moves by asking: **which one does not give White an immediate corner?**",False
p33,0,Direct Instruction,"c8 is legal, but I’d be cautious. It flips a lot now, but that can give White more replies in the bottom-left corner area.

Before playing it, ask: after c8, can White force access to the a8 corner or make you play next to it? In endgames, that corner/mobility issue matters more than the immediate flips.",False
p33,0,Prompt,"c8 is legal, but I’d be cautious. It flips a lot now, but that can give White more replies in the bottom-left corner area.

Before playing it, ask: after c8, can White force access to the a8 corner or make you play next to it? In endgames, that corner/mobility issue matters more than the immediate flips.",False
p33,1,Provide Correct Answer,"Best move: **b7**.

Reason: it flips the whole **c7–g7** line and seems to keep Black’s best endgame result. Even though **b7** is next to the **a8 corner**, the alternatives like **c8/b8** can leave White with stronger corner/mobility responses.",False
p33,1,Direct Instruction,"Best move: **b7**.

Reason: it flips the whole **c7–g7** line and seems to keep Black’s best endgame result. Even though **b7** is next to the **a8 corner**, the alternatives like **c8/b8** can leave White with stronger corner/mobility responses.",False
p33,2,Provide Correct Answer,"You’re right — sorry. **b7 was bad advice** because it sits next to **a8** and can give White that corner.

From the current board, the best legal move is **c8**. It only flips a little now, but it preserves the best endgame result and avoids the worse corner handovers from the other options.",False
p33,2,Direct Instruction,"You’re right — sorry. **b7 was bad advice** because it sits next to **a8** and can give White that corner.

From the current board, the best legal move is **c8**. It only flips a little now, but it preserves the best endgame result and avoids the worse corner handovers from the other options.",False
p33,2,Positive Feedback,"You’re right — sorry. **b7 was bad advice** because it sits next to **a8** and can give White that corner.

From the current board, the best legal move is **c8**. It only flips a little now, but it preserves the best endgame result and avoids the worse corner handovers from the other options.",False
p33,2,Negative Feedback,"You’re right — sorry. **b7 was bad advice** because it sits next to **a8** and can give White that corner.

From the current board, the best legal move is **c8**. It only flips a little now, but it preserves the best endgame result and avoids the worse corner handovers from the other options.",False
p33,3,Direct Instruction,"Fair — I gave you a bad call before, sorry.

For this position, don’t look at “most flips.” With only 4 empties, compare the legal dots by:

- **Does it take a corner?** Corners are permanent.
- **Does it give White a corner next move?**
- **Does it leave White with few/no legal moves?**
- Then count the forced finish.

If you want, ask “best move?” and I’ll give the exact square.",False
p33,3,Prompt,"Fair — I gave you a bad call before, sorry.

For this position, don’t look at “most flips.” With only 4 empties, compare the legal dots by:

- **Does it take a corner?** Corners are permanent.
- **Does it give White a corner next move?**
- **Does it leave White with few/no legal moves?**
- Then count the forced finish.

If you want, ask “best move?” and I’ll give the exact square.",False
p33,4,Direct Instruction,"Final score: **Black 31 — White 33**.

So White wins by **2 discs**.

You were right to be annoyed: that **b7 → giving a8 corner** swing was likely decisive. Key takeaway: in the endgame, a move next to an open corner is only good if you’ve counted the follow-up and know they can’t take it.",False
p33,4,Positive Feedback,"Final score: **Black 31 — White 33**.

So White wins by **2 discs**.

You were right to be annoyed: that **b7 → giving a8 corner** swing was likely decisive. Key takeaway: in the endgame, a move next to an open corner is only good if you’ve counted the follow-up and know they can’t take it.",False
p392,0,Direct Instruction,"Which square are you considering?

Quick endgame checks:
- **Avoid giving White a corner** like **a8** or **h1** if possible.
- Moves next to empty corners, e.g. **b8 / a7 / b7** near **a8**, need careful counting.
- Look for a move that leaves White with **few legal replies** or forces them into bad ones.",False
p392,0,Hint,"Which square are you considering?

Quick endgame checks:
- **Avoid giving White a corner** like **a8** or **h1** if possible.
- Moves next to empty corners, e.g. **b8 / a7 / b7** near **a8**, need careful counting.
- Look for a move that leaves White with **few legal replies** or forces them into bad ones.",False
p392,0,Prompt,"Which square are you considering?

Quick endgame checks:
- **Avoid giving White a corner** like **a8** or **h1** if possible.
- Moves next to empty corners, e.g. **b8 / a7 / b7** near **a8**, need careful counting.
- Look for a move that leaves White with **few legal replies** or forces them into bad ones.",False
p392,1,Direct Instruction,"Be careful: in Othello you **place at b6**; the disc on **c6 doesn’t move**.

I’d be wary of **b6**: it seems to flip very little now, and more importantly it leaves White strong replies — especially the **a1 corner**, which is permanent. Before choosing it, ask: *what is White’s best reply, and do I still win the final count after that?*",False
p392,1,Prompt,"Be careful: in Othello you **place at b6**; the disc on **c6 doesn’t move**.

I’d be wary of **b6**: it seems to flip very little now, and more importantly it leaves White strong replies — especially the **a1 corner**, which is permanent. Before choosing it, ask: *what is White’s best reply, and do I still win the final count after that?*",False
p392,1,Neutral Feedback,"Be careful: in Othello you **place at b6**; the disc on **c6 doesn’t move**.

I’d be wary of **b6**: it seems to flip very little now, and more importantly it leaves White strong replies — especially the **a1 corner**, which is permanent. Before choosing it, ask: *what is White’s best reply, and do I still win the final count after that?*",False
p392,2,Direct Instruction,"You can’t play **h2 to h1**: discs don’t move in Othello, and **h1 has no legal-dot**, so Black may not place there now.

Your legal choices are only: **g2, b6, a7, b7, b8, c8**.  
Key question: which of these gives White the fewest strong replies, especially around the empty **a8 corner**?",False
p392,2,Hint,"You can’t play **h2 to h1**: discs don’t move in Othello, and **h1 has no legal-dot**, so Black may not place there now.

Your legal choices are only: **g2, b6, a7, b7, b8, c8**.  
Key question: which of these gives White the fewest strong replies, especially around the empty **a8 corner**?",False
p392,2,Pose Simplified Problem,"You can’t play **h2 to h1**: discs don’t move in Othello, and **h1 has no legal-dot**, so Black may not place there now.

Your legal choices are only: **g2, b6, a7, b7, b8, c8**.  
Key question: which of these gives White the fewest strong replies, especially around the empty **a8 corner**?",False
p392,2,Negative Feedback,"You can’t play **h2 to h1**: discs don’t move in Othello, and **h1 has no legal-dot**, so Black may not place there now.

Your legal choices are only: **g2, b6, a7, b7, b8, c8**.  
Key question: which of these gives White the fewest strong replies, especially around the empty **a8 corner**?",False
p392,3,Direct Instruction,"**b7 looks like a good idea.** It flips the row **c7–g7** because of your black disc at **h7**, and importantly it **does not immediately give White the a8 corner**.

The key check: after **b7**, can White take a corner? It looks like **no**, so this is much safer than many moves near **a8**.",False
p392,3,Prompt,"**b7 looks like a good idea.** It flips the row **c7–g7** because of your black disc at **h7**, and importantly it **does not immediately give White the a8 corner**.

The key check: after **b7**, can White take a corner? It looks like **no**, so this is much safer than many moves near **a8**.",False
p392,3,Positive Feedback,"**b7 looks like a good idea.** It flips the row **c7–g7** because of your black disc at **h7**, and importantly it **does not immediately give White the a8 corner**.

The key check: after **b7**, can White take a corner? It looks like **no**, so this is much safer than many moves near **a8**.",False
p392,4,Provide Correct Answer,"Yes — **play b7**.

It flips **c7–g7** across to your black disc on **h7**, and it keeps White from immediately grabbing the **a8 corner**. Nice endgame move.",False
p392,4,Direct Instruction,"Yes — **play b7**.

It flips **c7–g7** across to your black disc on **h7**, and it keeps White from immediately grabbing the **a8 corner**. Nice endgame move.",False
p392,4,Positive Feedback,"Yes — **play b7**.

It flips **c7–g7** across to your black disc on **h7**, and it keeps White from immediately grabbing the **a8 corner**. Nice endgame move.",False
p392,5,Provide Correct Answer,"It was a reasonable-looking idea, but **the key now is the follow-up**: in this position Black should look hard at **c8**.

Why: **c8** plays on the bottom edge and helps control the dangerous **a8/b8 corner area**, while moves like **a7** or **b6** can leave White stronger corner/edge chances.",False
p392,5,Direct Instruction,"It was a reasonable-looking idea, but **the key now is the follow-up**: in this position Black should look hard at **c8**.

Why: **c8** plays on the bottom edge and helps control the dangerous **a8/b8 corner area**, while moves like **a7** or **b6** can leave White stronger corner/edge chances.",False
p392,5,Hint,"It was a reasonable-looking idea, but **the key now is the follow-up**: in this position Black should look hard at **c8**.

Why: **c8** plays on the bottom edge and helps control the dangerous **a8/b8 corner area**, while moves like **a7** or **b6** can leave White stronger corner/edge chances.",False
p392,5,Neutral Feedback,"It was a reasonable-looking idea, but **the key now is the follow-up**: in this position Black should look hard at **c8**.

Why: **c8** plays on the bottom edge and helps control the dangerous **a8/b8 corner area**, while moves like **a7** or **b6** can leave White stronger corner/edge chances.",False
p392,6,Provide Correct Answer,"Yes — **c8** is the move I’d choose.

It’s the best endgame try here because it plays on the bottom edge and helps manage the dangerous **a8 / b8** corner area, while keeping White’s replies more constrained.",False
p392,6,Direct Instruction,"Yes — **c8** is the move I’d choose.

It’s the best endgame try here because it plays on the bottom edge and helps manage the dangerous **a8 / b8** corner area, while keeping White’s replies more constrained.",False
p392,6,Positive Feedback,"Yes — **c8** is the move I’d choose.

It’s the best endgame try here because it plays on the bottom edge and helps manage the dangerous **a8 / b8** corner area, while keeping White’s replies more constrained.",False
p137,0,Provide Correct Answer,"Correct — you **do not need to know your last move**.

In Othello, legal moves depend only on the **current board**: Black may play on an empty square if it would trap at least one White disc in a straight line between the new Black disc and another Black disc.

Here, the pale dots show your legal moves: **g2, b6, a7, b7, b8, c8**.",False
p137,0,Direct Instruction,"Correct — you **do not need to know your last move**.

In Othello, legal moves depend only on the **current board**: Black may play on an empty square if it would trap at least one White disc in a straight line between the new Black disc and another Black disc.

Here, the pale dots show your legal moves: **g2, b6, a7, b7, b8, c8**.",False
p137,0,Positive Feedback,"Correct — you **do not need to know your last move**.

In Othello, legal moves depend only on the **current board**: Black may play on an empty square if it would trap at least one White disc in a straight line between the new Black disc and another Black disc.

Here, the pale dots show your legal moves: **g2, b6, a7, b7, b8, c8**.",False
p137,1,Prompt,"Yes — now it’s **Black to move**. White has already moved, and your legal options are the pale dots:

**g2, b6, a7, c8**

Before choosing, check: which move leaves White with the fewest good replies, and does any move give White access to an empty corner like **a1** or **h1**?",False
p137,1,Pose Simplified Problem,"Yes — now it’s **Black to move**. White has already moved, and your legal options are the pale dots:

**g2, b6, a7, c8**

Before choosing, check: which move leaves White with the fewest good replies, and does any move give White access to an empty corner like **a1** or **h1**?",False
p137,2,Direct Instruction,"That makes sense — the color changes depend on **whose turn it is**.

- When **you (Black)** play, any **White discs trapped** in a line between your new disc and another Black disc turn **black**.
- When **White** plays, any **Black discs trapped** between White discs turn **white**.

So White’s last move may have flipped some of “your” black discs to white. Now it’s Black’s turn, and your legal moves are the pale dots: **a1, g2, b6, c8**. Notice especially which of these are corners or near corners.",False
p137,2,Hint,"That makes sense — the color changes depend on **whose turn it is**.

- When **you (Black)** play, any **White discs trapped** in a line between your new disc and another Black disc turn **black**.
- When **White** plays, any **Black discs trapped** between White discs turn **white**.

So White’s last move may have flipped some of “your” black discs to white. Now it’s Black’s turn, and your legal moves are the pale dots: **a1, g2, b6, c8**. Notice especially which of these are corners or near corners.",False
p137,3,Direct Instruction,"No worries — let’s slow it down.

Your legal moves are **a1, g2, b6, c8**.

Key things to check:
- **a1 is a corner**: once Black takes it, it can never be flipped.
- For each move, ask: **what legal moves will White have next?** Fewer White moves is usually good.
- Don’t focus only on “how many flip now” — in the endgame, the **last few moves and corners** matter more.

So compare especially: if you play **a1** or **b6**, what does White get afterward?",False
p137,3,Prompt,"No worries — let’s slow it down.

Your legal moves are **a1, g2, b6, c8**.

Key things to check:
- **a1 is a corner**: once Black takes it, it can never be flipped.
- For each move, ask: **what legal moves will White have next?** Fewer White moves is usually good.
- Don’t focus only on “how many flip now” — in the endgame, the **last few moves and corners** matter more.

So compare especially: if you play **a1** or **b6**, what does White get afterward?",False
p137,4,Direct Instruction,"Yes — exactly.

- **a1 is a corner**, so if Black takes it, that disc is permanent.
- **b6 is not permanent**; it could be flipped later, but it may still be strong if it leaves White with fewer/bad moves.

So the key question is: after **a1** vs **b6**, what good reply does White get?",False
p137,4,Prompt,"Yes — exactly.

- **a1 is a corner**, so if Black takes it, that disc is permanent.
- **b6 is not permanent**; it could be flipped later, but it may still be strong if it leaves White with fewer/bad moves.

So the key question is: after **a1** vs **b6**, what good reply does White get?",False
p137,4,Positive Feedback,"Yes — exactly.

- **a1 is a corner**, so if Black takes it, that disc is permanent.
- **b6 is not permanent**; it could be flipped later, but it may still be strong if it leaves White with fewer/bad moves.

So the key question is: after **a1** vs **b6**, what good reply does White get?",False
p137,5,Direct Instruction,"Your reasoning is solid: **a1 is a corner**, so Black can never lose that disc.

The only thing to double-check is whether **b6** creates a stronger “White has no good moves” situation. But if you’re choosing between **permanent corner value** and a flippable inside square, **a1 has the clearer safety advantage**.",False
p137,5,Hint,"Your reasoning is solid: **a1 is a corner**, so Black can never lose that disc.

The only thing to double-check is whether **b6** creates a stronger “White has no good moves” situation. But if you’re choosing between **permanent corner value** and a flippable inside square, **a1 has the clearer safety advantage**.",False
p137,5,Positive Feedback,"Your reasoning is solid: **a1 is a corner**, so Black can never lose that disc.

The only thing to double-check is whether **b6** creates a stronger “White has no good moves” situation. But if you’re choosing between **permanent corner value** and a flippable inside square, **a1 has the clearer safety advantage**.",False
p137,6,Provide Correct Answer,"Actually, **b6 looks safer here**.

Reason: if Black plays **b6**, White’s only empty square is **g2** — but g2 does **not** look legal for White, so White would likely have to **pass**, and then Black gets **g2 too**.

If Black plays **g2** first, White can still play **b6**.",False
p137,6,Direct Instruction,"Actually, **b6 looks safer here**.

Reason: if Black plays **b6**, White’s only empty square is **g2** — but g2 does **not** look legal for White, so White would likely have to **pass**, and then Black gets **g2 too**.

If Black plays **g2** first, White can still play **b6**.",False
p523,0,Provide Correct Answer,"I’d recommend **b6**.

Why: it’s a quiet, controlled move that **doesn’t sit right next to the empty a8 corner**, so it’s less likely to hand White a permanent corner. It also keeps White’s replies more limited than the tempting edge moves.

**b7** is also worth considering, but if you want one choice: **b6**.",False
p523,0,Direct Instruction,"I’d recommend **b6**.

Why: it’s a quiet, controlled move that **doesn’t sit right next to the empty a8 corner**, so it’s less likely to hand White a permanent corner. It also keeps White’s replies more limited than the tempting edge moves.

**b7** is also worth considering, but if you want one choice: **b6**.",False
p523,1,Direct Instruction,"You’re right: **b7 flips that whole row c7–g7**, so it *looks* stronger.

The catch is: those flips are **not permanent**. After **b7**, White can often answer around **b6 / b8 / c8** and flip part of that row back.

**b6** flips fewer now, but it’s quieter: it keeps **b7** available and gives White fewer easy ways to regain the edge. So **b7 is still a strong move**—I just slightly prefer **b6** for final-count/mobility reasons, not for immediate flips.",False
p523,1,Paraphrase,"You’re right: **b7 flips that whole row c7–g7**, so it *looks* stronger.

The catch is: those flips are **not permanent**. After **b7**, White can often answer around **b6 / b8 / c8** and flip part of that row back.

**b6** flips fewer now, but it’s quieter: it keeps **b7** available and gives White fewer easy ways to regain the edge. So **b7 is still a strong move**—I just slightly prefer **b6** for final-count/mobility reasons, not for immediate flips.",False
p523,1,Positive Feedback,"You’re right: **b7 flips that whole row c7–g7**, so it *looks* stronger.

The catch is: those flips are **not permanent**. After **b7**, White can often answer around **b6 / b8 / c8** and flip part of that row back.

**b6** flips fewer now, but it’s quieter: it keeps **b7** available and gives White fewer easy ways to regain the edge. So **b7 is still a strong move**—I just slightly prefer **b6** for final-count/mobility reasons, not for immediate flips.",False
p523,1,Neutral Feedback,"You’re right: **b7 flips that whole row c7–g7**, so it *looks* stronger.

The catch is: those flips are **not permanent**. After **b7**, White can often answer around **b6 / b8 / c8** and flip part of that row back.

**b6** flips fewer now, but it’s quieter: it keeps **b7** available and gives White fewer easy ways to regain the edge. So **b7 is still a strong move**—I just slightly prefer **b6** for final-count/mobility reasons, not for immediate flips.",False
p523,2,Direct Instruction,"After **b6**, White gets a turn, so I wouldn’t lock in the next move yet.

My plan would be:

- **If b7 is still available for Black**, I’d strongly look there next — it can take that row without giving White the **a8 corner** immediately.
- If White plays near the corner, pause and ask: “Does my move give White **a8**?” Avoid that unless you’ve counted it out.",False
p523,2,Hint,"After **b6**, White gets a turn, so I wouldn’t lock in the next move yet.

My plan would be:

- **If b7 is still available for Black**, I’d strongly look there next — it can take that row without giving White the **a8 corner** immediately.
- If White plays near the corner, pause and ask: “Does my move give White **a8**?” Avoid that unless you’ve counted it out.",False
p523,2,Prompt,"After **b6**, White gets a turn, so I wouldn’t lock in the next move yet.

My plan would be:

- **If b7 is still available for Black**, I’d strongly look there next — it can take that row without giving White the **a8 corner** immediately.
- If White plays near the corner, pause and ask: “Does my move give White **a8**?” Avoid that unless you’ve counted it out.",False
p523,3,Direct Instruction,"Usually **yes**: a corner is more important than a row, because a corner disc **can never be flipped**, while a row can often be flipped back later.

But in the endgame, the real question is: **does the move win the final count?**  
So think:

- Does taking the row give White the **a8 corner**?
- Does it leave White with many replies or few?
- Will those row discs stay black, or get flipped back?

Here, be especially careful with moves near **a8**—you don’t want to hand White that corner for a temporary row.",False
p523,3,Hint,"Usually **yes**: a corner is more important than a row, because a corner disc **can never be flipped**, while a row can often be flipped back later.

But in the endgame, the real question is: **does the move win the final count?**  
So think:

- Does taking the row give White the **a8 corner**?
- Does it leave White with many replies or few?
- Will those row discs stay black, or get flipped back?

Here, be especially careful with moves near **a8**—you don’t want to hand White that corner for a temporary row.",False
p523,3,Prompt,"Usually **yes**: a corner is more important than a row, because a corner disc **can never be flipped**, while a row can often be flipped back later.

But in the endgame, the real question is: **does the move win the final count?**  
So think:

- Does taking the row give White the **a8 corner**?
- Does it leave White with many replies or few?
- Will those row discs stay black, or get flipped back?

Here, be especially careful with moves near **a8**—you don’t want to hand White that corner for a temporary row.",False
p523,4,Direct Instruction,"No — **a6 would not flip** after **b6**, because it’s not bracketed by another black disc on the left edge.

If Black plays **b6**, the flips are along the diagonal:

- **c5**
- **d4**
- **e3**

So b6 flips **3 white discs**, not a6.",False
p523,4,Negative Feedback,"No — **a6 would not flip** after **b6**, because it’s not bracketed by another black disc on the left edge.

If Black plays **b6**, the flips are along the diagonal:

- **c5**
- **d4**
- **e3**

So b6 flips **3 white discs**, not a6.",False
p426,0,Direct Instruction,"It didn’t work because the game is already over: there are **0 empty squares** and Black has **no legal moves**.

Final count from the board:

- **Black: 21**
- **White: 43**

So White wins by **22 discs**.

If you meant a move/plan from just before this: it likely failed because in the endgame, **flipping many discs immediately doesn’t matter if White can take stable edges/corners or flip them back before the board fills**. Here White ended with most corners/edges, so many of their discs were hard or impossible to change.",False
p426,1,Direct Instruction,"More effective would’ve been **stopping White from locking the edges/corners**, not trying to win big flips in the middle.

From the final board, White has:

- **a1, h1, a8** corners
- almost the entire **top edge, left edge, and bottom edge**

Those discs are basically **stable** — Black can’t flip them back. So even if Black got some middle/right-side flips, White’s edge/corner discs carried the final count.

A better endgame plan would be:

1. **Avoid moves next to empty corners** if they let White take the corner.
2. **Take corners whenever available** — they’re permanent.
3. **Play for mobility**: choose moves that leave White with few or no legal replies.
4. **Count the last few moves**, not the immediate flips.

If you show me the position from a few moves earlier, I can help identify the specific move that would likely have worked better.",False
p426,1,Prompt,"More effective would’ve been **stopping White from locking the edges/corners**, not trying to win big flips in the middle.

From the final board, White has:

- **a1, h1, a8** corners
- almost the entire **top edge, left edge, and bottom edge**

Those discs are basically **stable** — Black can’t flip them back. So even if Black got some middle/right-side flips, White’s edge/corner discs carried the final count.

A better endgame plan would be:

1. **Avoid moves next to empty corners** if they let White take the corner.
2. **Take corners whenever available** — they’re permanent.
3. **Play for mobility**: choose moves that leave White with few or no legal replies.
4. **Count the last few moves**, not the immediate flips.

If you show me the position from a few moves earlier, I can help identify the specific move that would likely have worked better.",False
p426,2,Direct Instruction,"At this point the board is full, so there’s no move left — final is **White 43, Black 21**.

Best endgame technique: **count the finish, don’t chase big flips.**

Use this order:

1. **Corners first** — once you own a corner, it can’t be flipped.
2. **Avoid giving corners** — don’t play next to an empty corner unless it’s safe.
3. **Mobility** — make moves that leave White with few or no legal moves.
4. **Stable edges** — edge discs connected to corners are hard to change.
5. **Count final discs** — ask: “After both players finish, who has more?” not “How many do I flip now?”

In your final board, White’s corners/edges became stable, so Black couldn’t catch up even with middle flips.",False
p426,3,Direct Instruction,"Generally, the best Othello technique is:

1. **Corners are king**  
   A corner disc can never be flipped. If you can safely take a corner, it’s usually huge.

2. **Don’t play next to empty corners**  
   Squares like **b1, a2, b2** near corner **a1** often give your opponent the corner.

3. **Mobility > big flips**  
   A “good” move often flips only a few discs but leaves White with very few legal moves.

4. **Edges are good only when stable**  
   Edges connected to your corner are strong. Random edge discs can still be flipped or used against you.

5. **Endgame: count, don’t guess**  
   In the last few moves, try to count the final disc total after both players move.

Simple rule of thumb:  
**Don’t ask “How many discs do I flip now?” Ask “What good moves will White have after this?”**",False
p426,4,Direct Instruction,"Corners can’t be flipped because a disc only flips when it is **trapped between two opponent discs in a straight line**.

A corner is at the **end of the board**, so there is no square “behind” it. That means it can never be sandwiched.

Example: for **a1** to be flipped, White would need to trap it from the other side — but the “other side” is off the board. Impossible.

So once you take a corner, it is **permanent** for the rest of the game.",False
p346,0,Provide Correct Answer,"g8 isn’t a legal move here (it’s not one of the dotted squares). Your legal choices are **g2, b6, a7, c8**.

If you want the direct answer: **c8 is the best move**. In this endgame, the key isn’t flipping 4 now—it’s avoiding giving White strong follow-ups/corners and keeping the final disc count best.",False
p346,0,Direct Instruction,"g8 isn’t a legal move here (it’s not one of the dotted squares). Your legal choices are **g2, b6, a7, c8**.

If you want the direct answer: **c8 is the best move**. In this endgame, the key isn’t flipping 4 now—it’s avoiding giving White strong follow-ups/corners and keeping the final disc count best.",False
p346,0,Negative Feedback,"g8 isn’t a legal move here (it’s not one of the dotted squares). Your legal choices are **g2, b6, a7, c8**.

If you want the direct answer: **c8 is the best move**. In this endgame, the key isn’t flipping 4 now—it’s avoiding giving White strong follow-ups/corners and keeping the final disc count best.",False
p346,1,Provide Correct Answer,"Good — **c8** is legal and it’s the move I’d favor.

Why: it takes an edge square without sitting next to an empty corner like **a7** does near **a8**, and it helps limit White’s good replies. In the endgame, that usually matters more than the immediate 4-disc flip from **g2**.",False
p346,1,Direct Instruction,"Good — **c8** is legal and it’s the move I’d favor.

Why: it takes an edge square without sitting next to an empty corner like **a7** does near **a8**, and it helps limit White’s good replies. In the endgame, that usually matters more than the immediate 4-disc flip from **g2**.",False
p346,1,Positive Feedback,"Good — **c8** is legal and it’s the move I’d favor.

Why: it takes an edge square without sitting next to an empty corner like **a7** does near **a8**, and it helps limit White’s good replies. In the endgame, that usually matters more than the immediate 4-disc flip from **g2**.",False
p346,2,Direct Instruction,"**b6 is legal**, but pause and read White’s reply.

b6 flips the row **c6–e6**, but it leaves White left-edge options like **a7/a3**. Ask: after White answers there, do you still control the last few moves—or did the big flip just get flipped back? Compare that with **a7**, which flips fewer now but changes the left edge.",False
p346,2,Prompt,"**b6 is legal**, but pause and read White’s reply.

b6 flips the row **c6–e6**, but it leaves White left-edge options like **a7/a3**. Ask: after White answers there, do you still control the last few moves—or did the big flip just get flipped back? Compare that with **a7**, which flips fewer now but changes the left edge.",False
p346,3,Direct Instruction,"You’re right — sorry, I’ll simplify.

This board is **finished**: there are **0 empty squares**, so Black has no move.

Final count:
- **Black: 22**
- **White: 42**

So **White wins by 20**.

Beginner rule of thumb for next games: **don’t just choose the move that flips the most now**. In Othello, try to:
1. Take **corners** if you can.
2. Avoid squares right next to empty corners.
3. Leave your opponent with fewer good moves.",False
p346,3,Positive Feedback,"You’re right — sorry, I’ll simplify.

This board is **finished**: there are **0 empty squares**, so Black has no move.

Final count:
- **Black: 22**
- **White: 42**

So **White wins by 20**.

Beginner rule of thumb for next games: **don’t just choose the move that flips the most now**. In Othello, try to:
1. Take **corners** if you can.
2. Avoid squares right next to empty corners.
3. Leave your opponent with fewer good moves.",False
p346,4,Direct Instruction,"Not quite — **don’t aim to flip lots in the early game**.

Beginner version:

- **Early game:** try to get **good moves available later**. Often that means flipping **fewer** pieces.
- **Any time:** if you can take a **corner**, usually take it. Corners can’t be flipped back.
- **Avoid:** squares next to an empty corner, because they can let White take the corner.
- **Endgame:** start **counting who will have more discs at the finish**. Big flips only matter if they stay yours.

This current board is full, so no move remains: **Black 22, White 42**.",False
p346,4,Negative Feedback,"Not quite — **don’t aim to flip lots in the early game**.

Beginner version:

- **Early game:** try to get **good moves available later**. Often that means flipping **fewer** pieces.
- **Any time:** if you can take a **corner**, usually take it. Corners can’t be flipped back.
- **Avoid:** squares next to an empty corner, because they can let White take the corner.
- **Endgame:** start **counting who will have more discs at the finish**. Big flips only matter if they stay yours.

This current board is full, so no move remains: **Black 22, White 42**.",False
p535,0,Provide Correct Answer,"Best move: **b7**.

Why: it takes a strong edge-connected move and leaves White with awkward replies, while avoiding the more dangerous corner-adjacent moves like **a7/b8** that can help White access the **a8 corner**. In the endgame, this is about final disc count, not just the biggest immediate flip.",False
p535,0,Direct Instruction,"Best move: **b7**.

Why: it takes a strong edge-connected move and leaves White with awkward replies, while avoiding the more dangerous corner-adjacent moves like **a7/b8** that can help White access the **a8 corner**. In the endgame, this is about final disc count, not just the biggest immediate flip.",False
p535,1,Direct Instruction,"Worst move: **g2**.

It flips a lot now, but it **gives White the h1 corner immediately**. Corners are permanent, and White can also flip back along that edge/diagonal, so the big flip at **g2** is a trap.",False
p535,1,Negative Feedback,"Worst move: **g2**.

It flips a lot now, but it **gives White the h1 corner immediately**. Corners are permanent, and White can also flip back along that edge/diagonal, so the big flip at **g2** is a trap.",False
p535,2,Provide Correct Answer,"You can still recover by playing **c8**.

Why: it’s an edge move that **doesn’t give White an easy corner**, and it helps keep control of the bottom edge. I’d avoid **a7** here because it sits next to the **a8 corner** and can make that corner easier for White to use.",False
p535,2,Direct Instruction,"You can still recover by playing **c8**.

Why: it’s an edge move that **doesn’t give White an easy corner**, and it helps keep control of the bottom edge. I’d avoid **a7** here because it sits next to the **a8 corner** and can make that corner easier for White to use.",False
p535,3,Provide Correct Answer,"Choose **a7**.

**b6** flips more right away, but White can answer **a7** and flip **b6** back along the diagonal. Since **a8 is already White**, playing **a7** now is the better endgame choice.",False
p535,3,Direct Instruction,"Choose **a7**.

**b6** flips more right away, but White can answer **a7** and flip **b6** back along the diagonal. Since **a8 is already White**, playing **a7** now is the better endgame choice.",False
p535,4,Direct Instruction,"From this final board alone, I can’t know the exact missed winning point without the move history.

But the final score is **White 33 – Black 31**, so you lost by only **2 discs**. That means **yes, the game was very likely winnable** with one better endgame/late-midgame choice.

Most likely swing points:
- giving up a **corner**
- playing next to an open corner too early
- choosing a big immediate flip instead of limiting White’s moves
- missing a move that forced White to pass

If you send the move history or earlier screenshots, I can point to the exact turning point.",False
p535,4,Prompt,"From this final board alone, I can’t know the exact missed winning point without the move history.

But the final score is **White 33 – Black 31**, so you lost by only **2 discs**. That means **yes, the game was very likely winnable** with one better endgame/late-midgame choice.

Most likely swing points:
- giving up a **corner**
- playing next to an open corner too early
- choosing a big immediate flip instead of limiting White’s moves
- missing a move that forced White to pass

If you send the move history or earlier screenshots, I can point to the exact turning point.",False
p736,0,Provide Correct Answer,"I recommend **b7**.

Why: in the endgame, don’t just chase the biggest flip—look for moves that **avoid handing White corners** and keep White’s options limited. **b7** is one of the safer legal moves here and keeps Black’s best result.",False
p736,0,Direct Instruction,"I recommend **b7**.

Why: in the endgame, don’t just chase the biggest flip—look for moves that **avoid handing White corners** and keep White’s options limited. **b7** is one of the safer legal moves here and keeps Black’s best result.",False
p736,1,Direct Instruction,"Yes — this position is **game over** because there are **0 empty squares**.

Final count:
- **Black: 22**
- **White: 42**

So White wins by **20 discs**.

If there had still been empty squares but Black had no legal move, Black would **pass** and White would move. But here the board is full, so no pass — the game ends.",False
p736,2,Direct Instruction,"This board is finished: **no empty squares**, so the game is over. Black has **22**, White has **42**.

To continue the study, look for a **Next / Continue / Submit** button. If you don’t see one, tell the researcher/interface that the game ended.

Rules in 30 seconds:

- You are **Black**.
- On your turn, you may play only on a square with a **pale dot**.
- A legal move must **trap one or more White discs** in a straight line between your new Black disc and another Black disc.
- Trapped White discs flip to Black.
- If you have **no legal move but empty squares remain**, you **pass** and White moves.
- If neither player can move, or the board is full, the game ends.
- Winner = whoever has **more discs** at the end.

In endgames, don’t just flip the most immediately. Try to avoid giving White **corners**, keep White’s moves limited, and think about the final count.",False
p736,3,Direct Instruction,"Sure — simplest rules:

1. You are **Black**.
2. On your turn, click a square with a **pale dot**.
3. Any White discs caught in a straight line between your new Black disc and another Black disc turn Black.
4. Then White moves.
5. If you have no move, you **pass**.
6. When the board is full, count discs.
7. More discs wins.

Here the board is full, so the game is already over.",False
p736,4,Direct Instruction,"Not exactly.

You don’t need to avoid White “making a line” by itself. The key rule is:

- A player flips discs only when they **sandwich** the opponent’s discs in a straight line.
- Straight lines can be **horizontal, vertical, or diagonal**.
- Example: **Black – White – White – Black** means the White discs in between flip to Black.

So on your turn, you look for a pale dot where placing Black would trap White discs between your new disc and another Black disc.

But in this board, there are **no empty squares**, so the game is over. White has more discs, so White wins.",False
p736,4,Negative Feedback,"Not exactly.

You don’t need to avoid White “making a line” by itself. The key rule is:

- A player flips discs only when they **sandwich** the opponent’s discs in a straight line.
- Straight lines can be **horizontal, vertical, or diagonal**.
- Example: **Black – White – White – Black** means the White discs in between flip to Black.

So on your turn, you look for a pale dot where placing Black would trap White discs between your new disc and another Black disc.

But in this board, there are **no empty squares**, so the game is over. White has more discs, so White wins.",False
p785,0,Direct Instruction,"b6 is legal, and yes—it “ends” the row toward f6, flipping several discs.

But I’d be cautious: in the endgame, flipping several now can just give White more discs to flip back and more replies. Before playing b6, ask: **what legal moves does White have afterward, and do they get an edge/corner-related advantage?**

So: b6 is tempting, but don’t choose it just because it flips a line.",False
p785,0,Prompt,"b6 is legal, and yes—it “ends” the row toward f6, flipping several discs.

But I’d be cautious: in the endgame, flipping several now can just give White more discs to flip back and more replies. Before playing b6, ask: **what legal moves does White have afterward, and do they get an edge/corner-related advantage?**

So: b6 is tempting, but don’t choose it just because it flips a line.",False
p785,0,Neutral Feedback,"b6 is legal, and yes—it “ends” the row toward f6, flipping several discs.

But I’d be cautious: in the endgame, flipping several now can just give White more discs to flip back and more replies. Before playing b6, ask: **what legal moves does White have afterward, and do they get an edge/corner-related advantage?**

So: b6 is tempting, but don’t choose it just because it flips a line.",False
p785,1,Direct Instruction,"g2 would flip a lot right away: **f2 and g3–g6**.

But it has a big downside: it would make **h1** available for White as a corner reply via the diagonal **h1–g2–f3**. Since corners can’t be flipped back, that’s usually too much to give up just for a big immediate flip.",False
p785,2,Provide Correct Answer,"I’d pick **c8** as the safest long-term move.

Why: it flips only a little now, but it **doesn’t hand White an obvious corner**. In contrast, **g2** risks giving White **h1**, and moves like **a7/b6** can create awkward edge replies. In this endgame, **stable corners + limiting White’s replies** matter more than a big immediate flip.",False
p785,2,Direct Instruction,"I’d pick **c8** as the safest long-term move.

Why: it flips only a little now, but it **doesn’t hand White an obvious corner**. In contrast, **g2** risks giving White **h1**, and moves like **a7/b6** can create awkward edge replies. In this endgame, **stable corners + limiting White’s replies** matter more than a big immediate flip.",False
p785,3,Direct Instruction,"Yes—endgames can swing like that. Don’t judge by the current disc count; judge by the **forced replies**.

Here, compare the 3 legal moves by asking:
- Does it give White a corner like **h1** or **a1**?
- Does it leave White with only bad moves?
- What will the final empty squares be after the forced sequence?

Big flips now can still lose if they give White the last stable corner.",False
p785,3,Hint,"Yes—endgames can swing like that. Don’t judge by the current disc count; judge by the **forced replies**.

Here, compare the 3 legal moves by asking:
- Does it give White a corner like **h1** or **a1**?
- Does it leave White with only bad moves?
- What will the final empty squares be after the forced sequence?

Big flips now can still lose if they give White the last stable corner.",False
p785,3,Prompt,"Yes—endgames can swing like that. Don’t judge by the current disc count; judge by the **forced replies**.

Here, compare the 3 legal moves by asking:
- Does it give White a corner like **h1** or **a1**?
- Does it leave White with only bad moves?
- What will the final empty squares be after the forced sequence?

Big flips now can still lose if they give White the last stable corner.",False
p785,4,Provide Correct Answer,"Safest is **a7**.

Why:
- It flips a decent amount: **a6, b7, c7**.
- It **doesn’t open the h1 corner** for White, unlike **g2**.
- It uses the edge near **a8**, where the corner is already occupied, so it’s less dangerous than playing next to an empty corner.

So **a7** has good flip value without handing White an obvious permanent corner.",False
p785,4,Direct Instruction,"Safest is **a7**.

Why:
- It flips a decent amount: **a6, b7, c7**.
- It **doesn’t open the h1 corner** for White, unlike **g2**.
- It uses the edge near **a8**, where the corner is already occupied, so it’s less dangerous than playing next to an empty corner.

So **a7** has good flip value without handing White an obvious permanent corner.",False
p785,5,Direct Instruction,"Usually corners are great, but **not automatically here**.

If you take **a1**, White can use **a3** to flip down the a-file. The key question is: can you instead play a move that leaves White with **no good legal reply**? Here, look closely at **a3** before grabbing the corner.",False
p785,5,Hint,"Usually corners are great, but **not automatically here**.

If you take **a1**, White can use **a3** to flip down the a-file. The key question is: can you instead play a move that leaves White with **no good legal reply**? Here, look closely at **a3** before grabbing the corner.",False
p785,5,Pose Simplified Problem,"Usually corners are great, but **not automatically here**.

If you take **a1**, White can use **a3** to flip down the a-file. The key question is: can you instead play a move that leaves White with **no good legal reply**? Here, look closely at **a3** before grabbing the corner.",False
p785,6,Provide Correct Answer,"Yes — **go for a1 now**.

Why: **a1 is a corner**, so it’s permanent and can’t be flipped back. With only **3 empties left**, that stability matters more than the bigger immediate flip from **g2**, which leaves the corner situation less secure.",False
p785,6,Direct Instruction,"Yes — **go for a1 now**.

Why: **a1 is a corner**, so it’s permanent and can’t be flipped back. With only **3 empties left**, that stability matters more than the bigger immediate flip from **g2**, which leaves the corner situation less secure.",False
p785,7,Provide Correct Answer,"Go for the **upper-right corner: h1**.

Why: if you play **g2**, White can take **h1** afterward. If you take **h1** now, it’s permanent, and White has no good corner reply.",False
p785,7,Direct Instruction,"Go for the **upper-right corner: h1**.

Why: if you play **g2**, White can take **h1** afterward. If you take **h1** now, it’s permanent, and White has no good corner reply.",False
p576,0,Provide Correct Answer,"Yes — **b7 looks like a good move here**.

Even though it’s next to the empty **a8 corner** (normally risky), in this endgame it flips a lot on row 7 and seems to keep Black’s position strong. The key question after **b7** is: if White takes a corner or edge, do you still get enough discs/moves back by the end? Here, **b7 is the move I’d favor.**",False
p576,0,Direct Instruction,"Yes — **b7 looks like a good move here**.

Even though it’s next to the empty **a8 corner** (normally risky), in this endgame it flips a lot on row 7 and seems to keep Black’s position strong. The key question after **b7** is: if White takes a corner or edge, do you still get enough discs/moves back by the end? Here, **b7 is the move I’d favor.**",False
p576,0,Prompt,"Yes — **b7 looks like a good move here**.

Even though it’s next to the empty **a8 corner** (normally risky), in this endgame it flips a lot on row 7 and seems to keep Black’s position strong. The key question after **b7** is: if White takes a corner or edge, do you still get enough discs/moves back by the end? Here, **b7 is the move I’d favor.**",False
p576,0,Positive Feedback,"Yes — **b7 looks like a good move here**.

Even though it’s next to the empty **a8 corner** (normally risky), in this endgame it flips a lot on row 7 and seems to keep Black’s position strong. The key question after **b7** is: if White takes a corner or edge, do you still get enough discs/moves back by the end? Here, **b7 is the move I’d favor.**",False
p576,1,Prompt,"**b6 is legal, but I’d be cautious.** It flips several discs now, but it also leaves White with useful replies on the bottom/left side, like **b8/c8/a7**.

Endgame question: after **b6**, does White get the last good edge/corner access while you just gained temporary flips? If yes, it may be less strong than it looks.",False
p576,1,Neutral Feedback,"**b6 is legal, but I’d be cautious.** It flips several discs now, but it also leaves White with useful replies on the bottom/left side, like **b8/c8/a7**.

Endgame question: after **b6**, does White get the last good edge/corner access while you just gained temporary flips? If yes, it may be less strong than it looks.",False
p576,2,Direct Instruction,"It’s **tied right now: 29–29**, with **6 empty squares** left.

So nobody is winning on count yet — this will come down to the endgame sequence. Since Black moves now, you’re in decent shape **if you choose the move that limits White’s replies**, not just the one that flips most immediately.",False
p576,3,Provide Correct Answer,"Play **c8**.

Why: it’s an edge move that **doesn’t give White an immediate corner**, and it helps limit White’s replies. By contrast, **a7** sits next to the **a8 corner**, and **b6** can leave White more useful edge options.",False
p576,3,Direct Instruction,"Play **c8**.

Why: it’s an edge move that **doesn’t give White an immediate corner**, and it helps limit White’s replies. By contrast, **a7** sits next to the **a8 corner**, and **b6** can leave White more useful edge options.",False
p576,4,Direct Instruction,"Current score: **Black 27, White 33** — White is ahead by **6**, with **4 empty squares** left.

So Black needs to look for the move that gives the best final swing, not just the biggest immediate flip.",False
p484,0,Provide Correct Answer,"In Othello you don’t move a disc from one square to another.

You **may place a new Black disc on c8** because **c8 is marked legal**. Your disc already on **e8 stays there**; then any outflanked White discs would flip.",False
p484,0,Direct Instruction,"In Othello you don’t move a disc from one square to another.

You **may place a new Black disc on c8** because **c8 is marked legal**. Your disc already on **e8 stays there**; then any outflanked White discs would flip.",False
p484,1,Direct Instruction,"Yes — **b7 makes sense here**.

Even though **b7 is next to the empty corner a8** (normally risky), in this exact endgame it flips a strong line across row 7 and seems to keep Black’s position tighter than the edge moves like **b8/c8**, which may give White more corner/edge chances.",False
p484,1,Positive Feedback,"Yes — **b7 makes sense here**.

Even though **b7 is next to the empty corner a8** (normally risky), in this exact endgame it flips a strong line across row 7 and seems to keep Black’s position tighter than the edge moves like **b8/c8**, which may give White more corner/edge chances.",False
p484,2,Provide Correct Answer,"No — **h1 isn’t a legal move right now**. It’s not marked with a pale dot, so Black can’t place there.

Your legal choices are **g2, b6, a7, and c8**.",False
p484,2,Negative Feedback,"No — **h1 isn’t a legal move right now**. It’s not marked with a pale dot, so Black can’t place there.

Your legal choices are **g2, b6, a7, and c8**.",False
p484,3,Direct Instruction,"No. **b6 flips 4 White discs**: **c6, d6, e6, and c5**.

The move that flips the most immediately is **g2**: it flips **5**. But endgame warning: **most flips now isn’t always best**—check what move you leave White afterward, especially near corners/edges.",False
p484,3,Hint,"No. **b6 flips 4 White discs**: **c6, d6, e6, and c5**.

The move that flips the most immediately is **g2**: it flips **5**. But endgame warning: **most flips now isn’t always best**—check what move you leave White afterward, especially near corners/edges.",False
p484,3,Negative Feedback,"No. **b6 flips 4 White discs**: **c6, d6, e6, and c5**.

The move that flips the most immediately is **g2**: it flips **5**. But endgame warning: **most flips now isn’t always best**—check what move you leave White afterward, especially near corners/edges.",False
p484,4,Direct Instruction,"To find White’s replies, do this after you “try” a Black move:

1. **Place your Black disc and flip the captured Whites.**
2. Now look at each empty square.
3. For White to play there, that empty square must touch a **Black disc**, and continuing in that same line there must be a **White disc** to “close” the sandwich.

So for White, you’re looking for patterns like:

**empty square → Black(s) → White**

in any of the 8 directions.

If White has **no legal moves**, White must **pass**, and Black plays again.",False
p726,0,Direct Instruction,"If you mean **c7**, no — it’s **not legal**: there’s already a White disc on c7.

Black’s legal moves are: **g2, b6, a7, b7, b8, c8**.

Did you mean **c8** or **b7**?",False
p726,0,Prompt,"If you mean **c7**, no — it’s **not legal**: there’s already a White disc on c7.

Black’s legal moves are: **g2, b6, a7, b7, b8, c8**.

Did you mean **c8** or **b7**?",False
p726,0,Negative Feedback,"If you mean **c7**, no — it’s **not legal**: there’s already a White disc on c7.

Black’s legal moves are: **g2, b6, a7, b7, b8, c8**.

Did you mean **c8** or **b7**?",False
p726,1,Provide Correct Answer,"Yes — **b7 looks like a good move** here.

Even though it’s next to the empty **a8 corner** (usually scary), it flips the whole row **c7–g7** and seems to leave White with limited ways to punish you immediately. In endgames, that kind of **mobility/control** can matter more than just “corner-adjacent = bad.”",False
p726,1,Direct Instruction,"Yes — **b7 looks like a good move** here.

Even though it’s next to the empty **a8 corner** (usually scary), it flips the whole row **c7–g7** and seems to leave White with limited ways to punish you immediately. In endgames, that kind of **mobility/control** can matter more than just “corner-adjacent = bad.”",False
p726,1,Positive Feedback,"Yes — **b7 looks like a good move** here.

Even though it’s next to the empty **a8 corner** (usually scary), it flips the whole row **c7–g7** and seems to leave White with limited ways to punish you immediately. In endgames, that kind of **mobility/control** can matter more than just “corner-adjacent = bad.”",False
p726,2,Provide Correct Answer,"Your **b7 disc got flipped back to White** — that can happen if White later brackets it in a line.

Right now **a1 and h1 are not legal** (no pale dot), so don’t choose those. Legal moves are **g2, b6, a7, c8**.

I’d choose **c8** here: it plays on the bottom edge and helps control the endgame without handing White an easy corner right away.",False
p726,2,Direct Instruction,"Your **b7 disc got flipped back to White** — that can happen if White later brackets it in a line.

Right now **a1 and h1 are not legal** (no pale dot), so don’t choose those. Legal moves are **g2, b6, a7, c8**.

I’d choose **c8** here: it plays on the bottom edge and helps control the endgame without handing White an easy corner right away.",False
p726,3,Direct Instruction,"Right — you **can’t place on the bottom row (row 8)** because there are no empty legal squares there. But the goal is **not** to make everything Black; it’s just to finish with **more discs**.

Also, corners matter: **a8 is White forever**, but **h8 is Black forever**. For your next move, compare the legal options **g2, b6, a7** by asking: *which one gives White the fewest strong replies, especially around the empty a1 corner?*",False
p726,3,Pose Simplified Problem,"Right — you **can’t place on the bottom row (row 8)** because there are no empty legal squares there. But the goal is **not** to make everything Black; it’s just to finish with **more discs**.

Also, corners matter: **a8 is White forever**, but **h8 is Black forever**. For your next move, compare the legal options **g2, b6, a7** by asking: *which one gives White the fewest strong replies, especially around the empty a1 corner?*",False
p726,4,Direct Instruction,"You lost **37–27**. The biggest issue was likely:

**Playing b7 while a8 was still open.**  
b7 is an “X-square” next to the corner **a8**. If White can take that corner after, **a8 becomes permanent**, and then White can often lock up the bottom edge — which is basically what happened.

Two lessons:

1. **Corners > lots of flips.**  
   Your b7 flipped many discs at once, but it helped White get stable discs later.

2. **Endgame = count the finish, not the current move.**  
   A move that looks big now can lose if it gives White the last safe corner/edge sequence.

Also: you didn’t need to make everything black — just finish with more discs. Next time, when a corner is empty, be very suspicious of moves diagonally next to it like **b7 next to a8**.",False
p726,4,Negative Feedback,"You lost **37–27**. The biggest issue was likely:

**Playing b7 while a8 was still open.**  
b7 is an “X-square” next to the corner **a8**. If White can take that corner after, **a8 becomes permanent**, and then White can often lock up the bottom edge — which is basically what happened.

Two lessons:

1. **Corners > lots of flips.**  
   Your b7 flipped many discs at once, but it helped White get stable discs later.

2. **Endgame = count the finish, not the current move.**  
   A move that looks big now can lose if it gives White the last safe corner/edge sequence.

Also: you didn’t need to make everything black — just finish with more discs. Next time, when a corner is empty, be very suspicious of moves diagonally next to it like **b7 next to a8**.",False
p726,4,Neutral Feedback,"You lost **37–27**. The biggest issue was likely:

**Playing b7 while a8 was still open.**  
b7 is an “X-square” next to the corner **a8**. If White can take that corner after, **a8 becomes permanent**, and then White can often lock up the bottom edge — which is basically what happened.

Two lessons:

1. **Corners > lots of flips.**  
   Your b7 flipped many discs at once, but it helped White get stable discs later.

2. **Endgame = count the finish, not the current move.**  
   A move that looks big now can lose if it gives White the last safe corner/edge sequence.

Also: you didn’t need to make everything black — just finish with more discs. Next time, when a corner is empty, be very suspicious of moves diagonally next to it like **b7 next to a8**.",False
p726,5,Direct Instruction,"A move at **a1** can be legal even if there’s no Black on **column a** or **row 1**, because **diagonals count too**.

For a Black move to be legal, there must be a line like:

**new Black → White(s) → existing Black**

in **any** direction: horizontal, vertical, or diagonal.

So **a1** could be legal if, for example, the diagonal had:

**a1 empty → b2 White → c3 White → d4 Black**

Then playing **a1** flips b2 and c3.

Also: once a corner like **a1** is taken, it **cannot be flipped back**. So if a1 ended Black, Black must have taken that corner at some point.",False
p745,0,Direct Instruction,"Yes — correct. If Black plays **c8**, the white disc on **c7** flips because it’s trapped between your new black disc on **c8** and the black disc on **c6**.

Also, c8 would flip any other white lines it brackets in the same way.",False
p745,0,Positive Feedback,"Yes — correct. If Black plays **c8**, the white disc on **c7** flips because it’s trapped between your new black disc on **c8** and the black disc on **c6**.

Also, c8 would flip any other white lines it brackets in the same way.",False
p745,1,Direct Instruction,"Almost: **g2 would not flip the whole g-column** because there’s no black disc beyond the whites on that line.

But it **does more than f2**:  
- horizontally, it flips **f2** (between g2 and e2)  
- diagonally down-left, it flips **f3, e4, d5** (ending at black **c6**)  

Only lines that are “sandwiched” between your new disc and an existing black disc flip.",False
p745,1,Neutral Feedback,"Almost: **g2 would not flip the whole g-column** because there’s no black disc beyond the whites on that line.

But it **does more than f2**:  
- horizontally, it flips **f2** (between g2 and e2)  
- diagonally down-left, it flips **f3, e4, d5** (ending at black **c6**)  

Only lines that are “sandwiched” between your new disc and an existing black disc flip.",False
p745,2,Direct Instruction,"Yes: **b7** flips **c7, d7, e7, f7, g7** — 5 discs — because they’re bracketed by your new black disc on **b7** and the black disc on **h7**.

And yes, here **b7 is the best move to focus on** — not just because it flips 5, but because it keeps strong control on that bottom edge area.",False
p745,2,Positive Feedback,"Yes: **b7** flips **c7, d7, e7, f7, g7** — 5 discs — because they’re bracketed by your new black disc on **b7** and the black disc on **h7**.

And yes, here **b7 is the best move to focus on** — not just because it flips 5, but because it keeps strong control on that bottom edge area.",False
p745,3,Provide Correct Answer,"I’d recommend **c8**.

It’s a safer edge move and avoids the big danger of **g2**, which sits next to the empty **h1 corner** and may help White get it. In this endgame, **c8** looks best because it keeps White’s replies more limited rather than just grabbing the most discs immediately.",False
p745,3,Direct Instruction,"I’d recommend **c8**.

It’s a safer edge move and avoids the big danger of **g2**, which sits next to the empty **h1 corner** and may help White get it. In this endgame, **c8** looks best because it keeps White’s replies more limited rather than just grabbing the most discs immediately.",False
p745,4,Direct Instruction,"Because **edge discs can still be flipped back**.

After your **c8** move, White made a move that **sandwiched c8 in a line** between White discs, so **c8 flipped back to White**. Only **corners** are truly permanent; edge squares like c8 are safer than inner squares, but not guaranteed stable unless anchored by a corner.",False
p745,5,Direct Instruction,"Corners are **very valuable** because they can’t be flipped back — but not always “take any corner instantly” in the endgame.

With only **4 empty squares**, you also want to ask:

- If I take **a1**, what legal reply does White get?
- Do I give White the last move or a big flip?
- Does another move, like along the **a-file**, leave White with fewer/bad replies?

So: **corners matter a lot, but final counting and mobility matter too.**",False
p745,5,Prompt,"Corners are **very valuable** because they can’t be flipped back — but not always “take any corner instantly” in the endgame.

With only **4 empty squares**, you also want to ask:

- If I take **a1**, what legal reply does White get?
- Do I give White the last move or a big flip?
- Does another move, like along the **a-file**, leave White with fewer/bad replies?

So: **corners matter a lot, but final counting and mobility matter too.**",False
p745,5,Neutral Feedback,"Corners are **very valuable** because they can’t be flipped back — but not always “take any corner instantly” in the endgame.

With only **4 empty squares**, you also want to ask:

- If I take **a1**, what legal reply does White get?
- Do I give White the last move or a big flip?
- Does another move, like along the **a-file**, leave White with fewer/bad replies?

So: **corners matter a lot, but final counting and mobility matter too.**",False
p222,0,Provide Correct Answer,"Best move: **b7**.

Why:
- It flips a strong line on row 7: **c7–g7**.
- It builds along the edge toward your existing black disc at **h7**.
- Even though **b7** is diagonally next to the empty **a8 corner**—usually dangerous—in this endgame it sets up the best disc count/mobility situation for Black.

So I’d play **b7**.",False
p222,0,Direct Instruction,"Best move: **b7**.

Why:
- It flips a strong line on row 7: **c7–g7**.
- It builds along the edge toward your existing black disc at **h7**.
- Even though **b7** is diagonally next to the empty **a8 corner**—usually dangerous—in this endgame it sets up the best disc count/mobility situation for Black.

So I’d play **b7**.",False
p222,1,Direct Instruction,"The **a8 corner itself is not dangerous** — corners are great because once you own them, they can’t be flipped.

What’s usually dangerous are the squares **next to an empty corner**:

- **a7** and **b8** touch a8 directly  
- **b7** is the diagonal “X-square” next to a8

Playing one of those can give White a way to play **a8 next**, which would make White’s corner permanent and often stabilize the whole left/bottom edge.

In endgames, though, this rule can have exceptions because mobility and final disc count may matter more.",False
p222,1,Hint,"The **a8 corner itself is not dangerous** — corners are great because once you own them, they can’t be flipped.

What’s usually dangerous are the squares **next to an empty corner**:

- **a7** and **b8** touch a8 directly  
- **b7** is the diagonal “X-square” next to a8

Playing one of those can give White a way to play **a8 next**, which would make White’s corner permanent and often stabilize the whole left/bottom edge.

In endgames, though, this rule can have exceptions because mobility and final disc count may matter more.",False
p222,2,Provide Correct Answer,"If you play **b7**, I’d expect White to look at **a8** next.

Why: your disc on **b7** makes the **a8 corner** legal for White by the diagonal **a8–b7–c6–d5**. That’s the usual danger of playing the X-square near an empty corner.

But here, **b7 can still be strong** because it flips a big row and sets up the endgame count/mobility—not just the corner.",False
p222,2,Direct Instruction,"If you play **b7**, I’d expect White to look at **a8** next.

Why: your disc on **b7** makes the **a8 corner** legal for White by the diagonal **a8–b7–c6–d5**. That’s the usual danger of playing the X-square near an empty corner.

But here, **b7 can still be strong** because it flips a big row and sets up the endgame count/mobility—not just the corner.",False
p222,2,Hint,"If you play **b7**, I’d expect White to look at **a8** next.

Why: your disc on **b7** makes the **a8 corner** legal for White by the diagonal **a8–b7–c6–d5**. That’s the usual danger of playing the X-square near an empty corner.

But here, **b7 can still be strong** because it flips a big row and sets up the endgame count/mobility—not just the corner.",False
p222,2,Neutral Feedback,"If you play **b7**, I’d expect White to look at **a8** next.

Why: your disc on **b7** makes the **a8 corner** legal for White by the diagonal **a8–b7–c6–d5**. That’s the usual danger of playing the X-square near an empty corner.

But here, **b7 can still be strong** because it flips a big row and sets up the endgame count/mobility—not just the corner.",False
p222,3,Provide Correct Answer,"Against an AI, “surprise” usually won’t work—but an **unorthodox-looking** move here is **b7**.

It’s normally scary because it sits next to the empty **a8 corner**, but it flips the whole **c7–g7** line and creates a strong endgame count. The key question: if White grabs **a8**, do you still have enough flips/mobility afterward? Here, that’s the kind of trade-off worth considering.",False
p222,3,Direct Instruction,"Against an AI, “surprise” usually won’t work—but an **unorthodox-looking** move here is **b7**.

It’s normally scary because it sits next to the empty **a8 corner**, but it flips the whole **c7–g7** line and creates a strong endgame count. The key question: if White grabs **a8**, do you still have enough flips/mobility afterward? Here, that’s the kind of trade-off worth considering.",False
p222,3,Prompt,"Against an AI, “surprise” usually won’t work—but an **unorthodox-looking** move here is **b7**.

It’s normally scary because it sits next to the empty **a8 corner**, but it flips the whole **c7–g7** line and creates a strong endgame count. The key question: if White grabs **a8**, do you still have enough flips/mobility afterward? Here, that’s the kind of trade-off worth considering.",False
p222,3,Neutral Feedback,"Against an AI, “surprise” usually won’t work—but an **unorthodox-looking** move here is **b7**.

It’s normally scary because it sits next to the empty **a8 corner**, but it flips the whole **c7–g7** line and creates a strong endgame count. The key question: if White grabs **a8**, do you still have enough flips/mobility afterward? Here, that’s the kind of trade-off worth considering.",False
p222,4,Direct Instruction,"You can’t *ensure* it, but you can make it safer by checking 3 things before each move:

- **Corner trade:** If White gets **a8**, what do you get back—more edge control, a forced move, or a pass?
- **Mobility:** After your move, does White have only 1–2 legal moves? That’s usually good.
- **Don’t open extra corners:** Avoid giving White **a8** *and* another corner/edge follow-up unless your final count still wins.

In this position, the key is to **calculate the next 2–3 moves**, not just the immediate flips.",False
p222,4,Hint,"You can’t *ensure* it, but you can make it safer by checking 3 things before each move:

- **Corner trade:** If White gets **a8**, what do you get back—more edge control, a forced move, or a pass?
- **Mobility:** After your move, does White have only 1–2 legal moves? That’s usually good.
- **Don’t open extra corners:** Avoid giving White **a8** *and* another corner/edge follow-up unless your final count still wins.

In this position, the key is to **calculate the next 2–3 moves**, not just the immediate flips.",False
p30,0,Direct Instruction,"Sure — simple rules:

- You are **Black**, opponent is **White**.
- On your turn, place a disc on a **legal square** (marked with a pale dot).
- Your move must **trap** one or more White discs in a straight line between your new Black disc and another Black disc.
- Any trapped White discs **flip to Black**.
- Then White does the same.
- If a player has **no legal move**, they **pass**; if both can’t move, the game ends.
- At the end, whoever has **more discs** wins.

Key tip: in the endgame, don’t just flip the most now — think about **corners, mobility, and final count**.",False
p30,1,Direct Instruction,"At this board, there’s **no strategy left**: the board is full and Black has **no legal moves**, so the game is over.

Best endgame strategy for next time:

- **Corners first** — they can’t be flipped.
- **Avoid squares next to empty corners** unless you’ve checked they don’t give White the corner.
- **Don’t chase biggest flip**; a big flip now can give opponent the last good moves.
- **Limit White’s legal moves** — if they must pass, you often gain control.
- **Count the final sequence**: ask “after my move, what can White do, and who gets the last squares?”",False
p30,2,Direct Instruction,"From this final board, Black lost **19–45**. The big issue is visible:

- White owns **3 corners**: **a1, h1, a8**. Black only has **h8**.
- White also has most of the **top edge and left edge**, which become very hard/impossible to flip.
- Your Black discs are mostly clustered on the right/bottom, but they don’t outweigh White’s stable corners/edges.

So you probably went wrong by:
1. **Giving White corner access** — often by playing squares next to empty corners.
2. **Chasing flips** instead of asking “does this let White take a corner or edge?”
3. **Letting White keep mobility** while your choices got limited.

Rule of thumb for next game: in the endgame, a move that flips 1 disc but wins/denies a corner is usually better than a move that flips 6 but hands over a corner.",False
p30,3,Provide Correct Answer,"In a normal starting Othello position, Black’s first legal moves are:

**c4, d3, e6, or f5**

They are all basically the **same by symmetry**, so there isn’t one “best” first move. Pick one, then focus on:

- keeping good **mobility**
- avoiding early **corner-adjacent squares**
- not flipping too many discs too early
- aiming to control corners later

So: **any of c4 / d3 / e6 / f5 is fine as a first move.**",False
p30,3,Direct Instruction,"In a normal starting Othello position, Black’s first legal moves are:

**c4, d3, e6, or f5**

They are all basically the **same by symmetry**, so there isn’t one “best” first move. Pick one, then focus on:

- keeping good **mobility**
- avoiding early **corner-adjacent squares**
- not flipping too many discs too early
- aiming to control corners later

So: **any of c4 / d3 / e6 / f5 is fine as a first move.**",False
p30,4,Direct Instruction,"Almost — **take a corner when you can**, because corners are permanent.

But don’t play *near* an empty corner carelessly:

- **Good:** taking **a1 / h1 / a8 / h8**
- **Dangerous:** playing next to an empty corner, like **b1, a2, b2** near **a1**, because it may let White take the corner.

So the rule is:

**“Corners are great — but don’t hand them to White.”**

In your shown board the game is already over: **Black 19, White 45**. White’s corners/edges were the big difference.",False
p212,0,Direct Instruction,"g2 is legal, but I’d be cautious: it’s an **X-square** next to the empty corner **h1**, so it can become dangerous if it helps White win that corner later.

Before choosing it, ask: after **g2**, does White get a strong reply that takes or sets up **h1**, or gains more mobility? In the endgame, I’d compare it with moves that keep White’s replies fewer, rather than flipping more discs now.",False
p212,0,Hint,"g2 is legal, but I’d be cautious: it’s an **X-square** next to the empty corner **h1**, so it can become dangerous if it helps White win that corner later.

Before choosing it, ask: after **g2**, does White get a strong reply that takes or sets up **h1**, or gains more mobility? In the endgame, I’d compare it with moves that keep White’s replies fewer, rather than flipping more discs now.",False
p212,0,Prompt,"g2 is legal, but I’d be cautious: it’s an **X-square** next to the empty corner **h1**, so it can become dangerous if it helps White win that corner later.

Before choosing it, ask: after **g2**, does White get a strong reply that takes or sets up **h1**, or gains more mobility? In the endgame, I’d compare it with moves that keep White’s replies fewer, rather than flipping more discs now.",False
p212,1,Provide Correct Answer,"Best move: **b7**.

Why: it plays on the lower-left edge without immediately giving White an easy corner, and it keeps Black’s endgame result best compared with the tempting moves like **g2** or **b8/c8**, which can hand White corner/edge control.",False
p212,1,Direct Instruction,"Best move: **b7**.

Why: it plays on the lower-left edge without immediately giving White an easy corner, and it keeps Black’s endgame result best compared with the tempting moves like **g2** or **b8/c8**, which can hand White corner/edge control.",False
p212,2,Direct Instruction,"Yes — White has the **a8 corner** now, so we should focus on the remaining safe endgame.

Your legal moves are **g2, b6, a7, c8**. The key question: which move leaves White with the fewest damaging replies, especially around the lower-left empties **a7/b8/c8**?

If you want the direct best move, ask and I’ll give it.",False
p212,2,Hint,"Yes — White has the **a8 corner** now, so we should focus on the remaining safe endgame.

Your legal moves are **g2, b6, a7, c8**. The key question: which move leaves White with the fewest damaging replies, especially around the lower-left empties **a7/b8/c8**?

If you want the direct best move, ask and I’ll give it.",False
p212,2,Pose Simplified Problem,"Yes — White has the **a8 corner** now, so we should focus on the remaining safe endgame.

Your legal moves are **g2, b6, a7, c8**. The key question: which move leaves White with the fewest damaging replies, especially around the lower-left empties **a7/b8/c8**?

If you want the direct best move, ask and I’ll give it.",False
p212,3,Provide Correct Answer,"Best move: **c8**.

It keeps the lower edge under better control after White already has **a8**, and it avoids giving White the cleanest finish around **a7/b8**. In this endgame, **c8** gives Black the best final count.",False
p212,3,Direct Instruction,"Best move: **c8**.

It keeps the lower edge under better control after White already has **a8**, and it avoids giving White the cleanest finish around **a7/b8**. In this endgame, **c8** gives Black the best final count.",False
p212,4,Direct Instruction,"Good catch to re-check the position. From this board, Black’s legal moves are **g2, b6, a7**.

Key endgame idea: **g2 is next to the empty h1 corner**, so ask whether it lets White take **h1** soon. Compare each move by counting White’s replies and the final empties, not by flips now.

If you want the exact best move from here, ask and I’ll give it.",False
p212,4,Hint,"Good catch to re-check the position. From this board, Black’s legal moves are **g2, b6, a7**.

Key endgame idea: **g2 is next to the empty h1 corner**, so ask whether it lets White take **h1** soon. Compare each move by counting White’s replies and the final empties, not by flips now.

If you want the exact best move from here, ask and I’ll give it.",False
p212,4,Prompt,"Good catch to re-check the position. From this board, Black’s legal moves are **g2, b6, a7**.

Key endgame idea: **g2 is next to the empty h1 corner**, so ask whether it lets White take **h1** soon. Compare each move by counting White’s replies and the final empties, not by flips now.

If you want the exact best move from here, ask and I’ll give it.",False
p212,4,Positive Feedback,"Good catch to re-check the position. From this board, Black’s legal moves are **g2, b6, a7**.

Key endgame idea: **g2 is next to the empty h1 corner**, so ask whether it lets White take **h1** soon. Compare each move by counting White’s replies and the final empties, not by flips now.

If you want the exact best move from here, ask and I’ll give it.",False
p24,0,Direct Instruction,"I’d be cautious — I don’t think **c8** is the strongest here.

It flips some discs now, but it also leaves White with useful replies around the **a8 corner** area. In the endgame, I’d compare it especially with **b7**: does that leave White fewer good moves and help control the bottom-left corner race?

Before choosing c8, ask: **what is White’s best reply, and can they gain access to a8 or force you into giving it up?**",False
p24,0,Prompt,"I’d be cautious — I don’t think **c8** is the strongest here.

It flips some discs now, but it also leaves White with useful replies around the **a8 corner** area. In the endgame, I’d compare it especially with **b7**: does that leave White fewer good moves and help control the bottom-left corner race?

Before choosing c8, ask: **what is White’s best reply, and can they gain access to a8 or force you into giving it up?**",False
p24,0,Pose Simplified Problem,"I’d be cautious — I don’t think **c8** is the strongest here.

It flips some discs now, but it also leaves White with useful replies around the **a8 corner** area. In the endgame, I’d compare it especially with **b7**: does that leave White fewer good moves and help control the bottom-left corner race?

Before choosing c8, ask: **what is White’s best reply, and can they gain access to a8 or force you into giving it up?**",False
p24,1,Direct Instruction,"Good — **b7** is a solid choice here.

The key point is that it avoids immediately opening the **a8 corner** while also limiting White’s useful replies on the bottom-left. After you play it, watch whether White can force access to **a7/a8** or whether they run short of moves.",False
p24,1,Prompt,"Good — **b7** is a solid choice here.

The key point is that it avoids immediately opening the **a8 corner** while also limiting White’s useful replies on the bottom-left. After you play it, watch whether White can force access to **a7/a8** or whether they run short of moves.",False
p24,1,Positive Feedback,"Good — **b7** is a solid choice here.

The key point is that it avoids immediately opening the **a8 corner** while also limiting White’s useful replies on the bottom-left. After you play it, watch whether White can force access to **a7/a8** or whether they run short of moves.",False
p24,2,Direct Instruction,"Pause before choosing **a7** just because it flips two.

Since **a8 is already White’s corner**, the important question is: after **a7**, does White get an easy edge move like **b8** or more mobility? Compare the final replies after **a7** with your other legal edge option **c8**—which one leaves White fewer good moves?",False
p24,2,Hint,"Pause before choosing **a7** just because it flips two.

Since **a8 is already White’s corner**, the important question is: after **a7**, does White get an easy edge move like **b8** or more mobility? Compare the final replies after **a7** with your other legal edge option **c8**—which one leaves White fewer good moves?",False
p24,2,Prompt,"Pause before choosing **a7** just because it flips two.

Since **a8 is already White’s corner**, the important question is: after **a7**, does White get an easy edge move like **b8** or more mobility? Compare the final replies after **a7** with your other legal edge option **c8**—which one leaves White fewer good moves?",False
p24,2,Pose Simplified Problem,"Pause before choosing **a7** just because it flips two.

Since **a8 is already White’s corner**, the important question is: after **a7**, does White get an easy edge move like **b8** or more mobility? Compare the final replies after **a7** with your other legal edge option **c8**—which one leaves White fewer good moves?",False
p24,3,Provide Correct Answer,"Yes — **c8** is the right idea here.

It plays on the bottom edge without giving White an immediate corner, and it keeps pressure around the remaining empties (**a7, b6, g2, b8**). More importantly, it looks better for mobility than **a7**, which can give White easier edge replies.",False
p24,3,Direct Instruction,"Yes — **c8** is the right idea here.

It plays on the bottom edge without giving White an immediate corner, and it keeps pressure around the remaining empties (**a7, b6, g2, b8**). More importantly, it looks better for mobility than **a7**, which can give White easier edge replies.",False
p24,3,Positive Feedback,"Yes — **c8** is the right idea here.

It plays on the bottom edge without giving White an immediate corner, and it keeps pressure around the remaining empties (**a7, b6, g2, b8**). More importantly, it looks better for mobility than **a7**, which can give White easier edge replies.",False
p24,4,Direct Instruction,"You’re right to call that out — my advice should be based on **exact endgame counting**, not “building an area” or flipping more now.

For this position, don’t use flip count. Compare the 3 legal moves by asking:

- **g2**: does this give White access to the empty **h1 corner**?
- **b6**: what reply does White get on the left side?
- **a7**: since **a8 is already occupied**, this may not “give away” a new corner — count White’s replies after it.

If you want, ask “what’s the best move?” and I’ll give the direct answer.",False
p24,4,Hint,"You’re right to call that out — my advice should be based on **exact endgame counting**, not “building an area” or flipping more now.

For this position, don’t use flip count. Compare the 3 legal moves by asking:

- **g2**: does this give White access to the empty **h1 corner**?
- **b6**: what reply does White get on the left side?
- **a7**: since **a8 is already occupied**, this may not “give away” a new corner — count White’s replies after it.

If you want, ask “what’s the best move?” and I’ll give the direct answer.",False
p24,4,Prompt,"You’re right to call that out — my advice should be based on **exact endgame counting**, not “building an area” or flipping more now.

For this position, don’t use flip count. Compare the 3 legal moves by asking:

- **g2**: does this give White access to the empty **h1 corner**?
- **b6**: what reply does White get on the left side?
- **a7**: since **a8 is already occupied**, this may not “give away” a new corner — count White’s replies after it.

If you want, ask “what’s the best move?” and I’ll give the direct answer.",False
p24,4,Positive Feedback,"You’re right to call that out — my advice should be based on **exact endgame counting**, not “building an area” or flipping more now.

For this position, don’t use flip count. Compare the 3 legal moves by asking:

- **g2**: does this give White access to the empty **h1 corner**?
- **b6**: what reply does White get on the left side?
- **a7**: since **a8 is already occupied**, this may not “give away” a new corner — count White’s replies after it.

If you want, ask “what’s the best move?” and I’ll give the direct answer.",False
p24,5,Provide Correct Answer,"The best move is **a7**.

Why: it’s an edge move that **doesn’t open a new corner** for White — **a8 is already White**, and **h1 isn’t involved**. The other legal moves are riskier: **g2** can affect access near the **h1 corner**, and **b6** gives White more useful left-side replies.",False
p24,5,Direct Instruction,"The best move is **a7**.

Why: it’s an edge move that **doesn’t open a new corner** for White — **a8 is already White**, and **h1 isn’t involved**. The other legal moves are riskier: **g2** can affect access near the **h1 corner**, and **b6** gives White more useful left-side replies.",False
p658,0,Direct Instruction,"Start with **corners and White’s next move**, not “how many discs do I flip.”

Ask yourself for each legal move (**g2, b6, a7, b7, b8, c8**):

1. Does this let White take a corner like **h1** or **a8** next?
2. Does it leave White with very few legal moves, maybe forcing a pass?
3. If White gets a corner, can Black still win the final count?

A good first comparison: look at the moves near the empty **a8 corner** (**a7, b7, b8, c8**) and ask which ones *actually* hand White that corner.",False
p658,0,Hint,"Start with **corners and White’s next move**, not “how many discs do I flip.”

Ask yourself for each legal move (**g2, b6, a7, b7, b8, c8**):

1. Does this let White take a corner like **h1** or **a8** next?
2. Does it leave White with very few legal moves, maybe forcing a pass?
3. If White gets a corner, can Black still win the final count?

A good first comparison: look at the moves near the empty **a8 corner** (**a7, b7, b8, c8**) and ask which ones *actually* hand White that corner.",False
p658,0,Prompt,"Start with **corners and White’s next move**, not “how many discs do I flip.”

Ask yourself for each legal move (**g2, b6, a7, b7, b8, c8**):

1. Does this let White take a corner like **h1** or **a8** next?
2. Does it leave White with very few legal moves, maybe forcing a pass?
3. If White gets a corner, can Black still win the final count?

A good first comparison: look at the moves near the empty **a8 corner** (**a7, b7, b8, c8**) and ask which ones *actually* hand White that corner.",False
p658,0,Pose Simplified Problem,"Start with **corners and White’s next move**, not “how many discs do I flip.”

Ask yourself for each legal move (**g2, b6, a7, b7, b8, c8**):

1. Does this let White take a corner like **h1** or **a8** next?
2. Does it leave White with very few legal moves, maybe forcing a pass?
3. If White gets a corner, can Black still win the final count?

A good first comparison: look at the moves near the empty **a8 corner** (**a7, b7, b8, c8**) and ask which ones *actually* hand White that corner.",False
p658,1,Provide Correct Answer,"Play **g2**.

It looks scary because it sits next to the **h1 corner**, but here the alternatives on the lower-left edge (**a7, b7, b8, c8**) give White better corner/edge chances around **a8**. **g2** is the strongest move for the final count.",False
p658,1,Direct Instruction,"Play **g2**.

It looks scary because it sits next to the **h1 corner**, but here the alternatives on the lower-left edge (**a7, b7, b8, c8**) give White better corner/edge chances around **a8**. **g2** is the strongest move for the final count.",False
p658,2,Provide Correct Answer,"Play **b7**.

Why: it keeps control around the empty **a8 corner** better than **b8** or **c8**. In endgames, avoid giving White an easy corner/edge cleanup—**b7** is the safest move for the final count here.",False
p658,2,Direct Instruction,"Play **b7**.

Why: it keeps control around the empty **a8 corner** better than **b8** or **c8**. In endgames, avoid giving White an easy corner/edge cleanup—**b7** is the safest move for the final count here.",False
p658,3,Provide Correct Answer,"Play **c8**.

Even though **a8** is a corner, this is a counting endgame: **c8** flips along the bottom/column and keeps the remaining lower-left squares more favorable. It’s the strongest of the legal choices (**a7, a8, c8**).",False
p658,3,Direct Instruction,"Play **c8**.

Even though **a8** is a corner, this is a counting endgame: **c8** flips along the bottom/column and keeps the remaining lower-left squares more favorable. It’s the strongest of the legal choices (**a7, a8, c8**).",False
p658,4,Provide Correct Answer,"Play **a8**.

It’s the corner, so once Black takes it, it can’t be flipped back. If you play **a7** instead, White gets **a8** next and also flips along the edge—so take the corner now.",False
p658,4,Direct Instruction,"Play **a8**.

It’s the corner, so once Black takes it, it can’t be flipped back. If you play **a7** instead, White gets **a8** next and also flips along the edge—so take the corner now.",False
p190,0,Direct Instruction,"Quick rundown for Black:

- **Empty corners:** a1, h1, a8 are still open. In endgames, whoever gets a corner usually keeps it forever.
- **Legal moves:** g2, b6, a7, b7, b8, c8.
- **Danger zones:**
  - **g2** is diagonal to the open **h1** corner — often risky if it gives White access to h1.
  - **a7 / b8 / b7 / c8** all interact with the open **a8** corner, so you want to think carefully about whether White can take a8 afterward.
- **Key endgame question:** after your move, how many legal replies does White have, and can White get a corner or force you to give one up?
- Don’t focus on “flips now”; focus on **corner control, forcing passes, and final disc count**.

If you want, name 1–2 candidate moves you’re considering and I’ll help compare them.",False
p190,0,Hint,"Quick rundown for Black:

- **Empty corners:** a1, h1, a8 are still open. In endgames, whoever gets a corner usually keeps it forever.
- **Legal moves:** g2, b6, a7, b7, b8, c8.
- **Danger zones:**
  - **g2** is diagonal to the open **h1** corner — often risky if it gives White access to h1.
  - **a7 / b8 / b7 / c8** all interact with the open **a8** corner, so you want to think carefully about whether White can take a8 afterward.
- **Key endgame question:** after your move, how many legal replies does White have, and can White get a corner or force you to give one up?
- Don’t focus on “flips now”; focus on **corner control, forcing passes, and final disc count**.

If you want, name 1–2 candidate moves you’re considering and I’ll help compare them.",False
p190,0,Prompt,"Quick rundown for Black:

- **Empty corners:** a1, h1, a8 are still open. In endgames, whoever gets a corner usually keeps it forever.
- **Legal moves:** g2, b6, a7, b7, b8, c8.
- **Danger zones:**
  - **g2** is diagonal to the open **h1** corner — often risky if it gives White access to h1.
  - **a7 / b8 / b7 / c8** all interact with the open **a8** corner, so you want to think carefully about whether White can take a8 afterward.
- **Key endgame question:** after your move, how many legal replies does White have, and can White get a corner or force you to give one up?
- Don’t focus on “flips now”; focus on **corner control, forcing passes, and final disc count**.

If you want, name 1–2 candidate moves you’re considering and I’ll help compare them.",False
p190,1,Provide Correct Answer,"Best candidate: **b7**.

Why it stands out:
- It plays near the **a8 corner** but doesn’t simply hand White an easy corner in the same way some edge moves can.
- It flips along row 7 and helps reduce White’s flexibility.
- In this endgame, it’s more about **controlling White’s replies** than flipping the most immediately.

Moves I’d be cautious about:
- **g2**: may affect the open **h1 corner**.
- **a7 / b8 / c8**: all can change access to **a8**, so they need careful counting.
- **b6**: less corner-forcing power than b7.

So my top shortlist is: **1) b7**, then only consider others if you’ve counted a clear corner/mobility reason.",False
p190,1,Direct Instruction,"Best candidate: **b7**.

Why it stands out:
- It plays near the **a8 corner** but doesn’t simply hand White an easy corner in the same way some edge moves can.
- It flips along row 7 and helps reduce White’s flexibility.
- In this endgame, it’s more about **controlling White’s replies** than flipping the most immediately.

Moves I’d be cautious about:
- **g2**: may affect the open **h1 corner**.
- **a7 / b8 / c8**: all can change access to **a8**, so they need careful counting.
- **b6**: less corner-forcing power than b7.

So my top shortlist is: **1) b7**, then only consider others if you’ve counted a clear corner/mobility reason.",False
p190,1,Hint,"Best candidate: **b7**.

Why it stands out:
- It plays near the **a8 corner** but doesn’t simply hand White an easy corner in the same way some edge moves can.
- It flips along row 7 and helps reduce White’s flexibility.
- In this endgame, it’s more about **controlling White’s replies** than flipping the most immediately.

Moves I’d be cautious about:
- **g2**: may affect the open **h1 corner**.
- **a7 / b8 / c8**: all can change access to **a8**, so they need careful counting.
- **b6**: less corner-forcing power than b7.

So my top shortlist is: **1) b7**, then only consider others if you’ve counted a clear corner/mobility reason.",False
p190,2,Direct Instruction,"Yes — after **Black b7**, **White can play a8**.

What happens:
- White gets the **a8 corner**.
- White flips along the diagonal **a8–b7–c6–d5**, so **b7 and c6** turn white.
- But your big flip on row 7 mostly remains: **c7–g7 stay black**.

So **a8 is the main reply to check**, but it doesn’t automatically refute **b7**. The key is: after White takes a8, Black still has moves and should focus on **mobility + final count**, not just the lost corner.",False
p190,2,Neutral Feedback,"Yes — after **Black b7**, **White can play a8**.

What happens:
- White gets the **a8 corner**.
- White flips along the diagonal **a8–b7–c6–d5**, so **b7 and c6** turn white.
- But your big flip on row 7 mostly remains: **c7–g7 stay black**.

So **a8 is the main reply to check**, but it doesn’t automatically refute **b7**. The key is: after White takes a8, Black still has moves and should focus on **mobility + final count**, not just the lost corner.",False
p190,3,Direct Instruction,"Black is behind on raw discs, so the endgame is about **forcing White into bad replies**, not max flips now.

Legal moves: **g2, b6, a7, c8**.

Key things to check:
- **g2** is dangerous: it sits diagonal to the open **h1 corner**, so ask whether White can take h1 after it.
- **a7 / c8** affect the lower-left edge near White’s **a8 corner**; count whether they restrict White or just give White easy replies.
- **b6** is more central/edge-adjacent; evaluate mainly by White’s next legal moves.

Best way to decide: for each move, count **White’s replies** and whether White gets a corner or is forced into a pass/poor move.",False
p190,3,Hint,"Black is behind on raw discs, so the endgame is about **forcing White into bad replies**, not max flips now.

Legal moves: **g2, b6, a7, c8**.

Key things to check:
- **g2** is dangerous: it sits diagonal to the open **h1 corner**, so ask whether White can take h1 after it.
- **a7 / c8** affect the lower-left edge near White’s **a8 corner**; count whether they restrict White or just give White easy replies.
- **b6** is more central/edge-adjacent; evaluate mainly by White’s next legal moves.

Best way to decide: for each move, count **White’s replies** and whether White gets a corner or is forced into a pass/poor move.",False
p190,3,Prompt,"Black is behind on raw discs, so the endgame is about **forcing White into bad replies**, not max flips now.

Legal moves: **g2, b6, a7, c8**.

Key things to check:
- **g2** is dangerous: it sits diagonal to the open **h1 corner**, so ask whether White can take h1 after it.
- **a7 / c8** affect the lower-left edge near White’s **a8 corner**; count whether they restrict White or just give White easy replies.
- **b6** is more central/edge-adjacent; evaluate mainly by White’s next legal moves.

Best way to decide: for each move, count **White’s replies** and whether White gets a corner or is forced into a pass/poor move.",False
p190,3,Pose Simplified Problem,"Black is behind on raw discs, so the endgame is about **forcing White into bad replies**, not max flips now.

Legal moves: **g2, b6, a7, c8**.

Key things to check:
- **g2** is dangerous: it sits diagonal to the open **h1 corner**, so ask whether White can take h1 after it.
- **a7 / c8** affect the lower-left edge near White’s **a8 corner**; count whether they restrict White or just give White easy replies.
- **b6** is more central/edge-adjacent; evaluate mainly by White’s next legal moves.

Best way to decide: for each move, count **White’s replies** and whether White gets a corner or is forced into a pass/poor move.",False
p460,0,Direct Instruction,"g2 is legal, but be careful: it’s the **diagonal square next to the empty h1 corner**. In endgames, that kind of move can matter more than the 4 discs it flips now.

Before playing it, ask:

- After **g2**, what legal move does White get?
- Can White use the h1 corner soon?
- Does g2 leave White with lots of choices, or restrict them?

Try to count the likely sequence rather than the immediate flips.",False
p460,0,Hint,"g2 is legal, but be careful: it’s the **diagonal square next to the empty h1 corner**. In endgames, that kind of move can matter more than the 4 discs it flips now.

Before playing it, ask:

- After **g2**, what legal move does White get?
- Can White use the h1 corner soon?
- Does g2 leave White with lots of choices, or restrict them?

Try to count the likely sequence rather than the immediate flips.",False
p460,0,Prompt,"g2 is legal, but be careful: it’s the **diagonal square next to the empty h1 corner**. In endgames, that kind of move can matter more than the 4 discs it flips now.

Before playing it, ask:

- After **g2**, what legal move does White get?
- Can White use the h1 corner soon?
- Does g2 leave White with lots of choices, or restrict them?

Try to count the likely sequence rather than the immediate flips.",False
p460,1,Direct Instruction,"c7 isn’t a legal move here — it’s already occupied by a White disc.

Your legal choices are the pale-dot squares: **b6, a7, b7, b8, c8**.  
A good way to compare them: which move leaves White with the fewest useful replies, and avoids giving up the **a8 corner**?",False
p460,1,Hint,"c7 isn’t a legal move here — it’s already occupied by a White disc.

Your legal choices are the pale-dot squares: **b6, a7, b7, b8, c8**.  
A good way to compare them: which move leaves White with the fewest useful replies, and avoids giving up the **a8 corner**?",False
p460,1,Pose Simplified Problem,"c7 isn’t a legal move here — it’s already occupied by a White disc.

Your legal choices are the pale-dot squares: **b6, a7, b7, b8, c8**.  
A good way to compare them: which move leaves White with the fewest useful replies, and avoids giving up the **a8 corner**?",False
p460,1,Negative Feedback,"c7 isn’t a legal move here — it’s already occupied by a White disc.

Your legal choices are the pale-dot squares: **b6, a7, b7, b8, c8**.  
A good way to compare them: which move leaves White with the fewest useful replies, and avoids giving up the **a8 corner**?",False
p460,2,Direct Instruction,"**b7 is legal** and it has a nice point: although it’s next to the empty **a8 corner**, it does **not** seem to give White **a8 immediately** because **b8 is still empty** and the diagonal doesn’t end in a White disc.

So the key question is: after **b7**, does White get a strong reply like **h1** or **a8**, or are they still stuck with awkward moves? That’s the right endgame test.",False
p460,2,Prompt,"**b7 is legal** and it has a nice point: although it’s next to the empty **a8 corner**, it does **not** seem to give White **a8 immediately** because **b8 is still empty** and the diagonal doesn’t end in a White disc.

So the key question is: after **b7**, does White get a strong reply like **h1** or **a8**, or are they still stuck with awkward moves? That’s the right endgame test.",False
p460,3,Direct Instruction,"Final count: **Black 23, White 41**.

So White wins by **18 discs**.",False
p460,4,Direct Instruction,"White won simply by the final disc count:

- **White: 41**
- **Black: 23**

So White wins by **18**.

The main reason is that White controls huge stable areas on the **top edge, left edge, and upper-left region**. Black has a strong bottom/right band, but not enough discs elsewhere. In the endgame, White’s final moves flipped more central discs and kept Black from catching up.",False
p460,5,Direct Instruction,"Because in Othello, a move doesn’t just place **1 new disc** — it also flips every opponent disc trapped in a line between the new disc and another of your discs.

Example: if White plays and flips 4 Black discs:

- White places 1 new disc: **+1 White**
- Those 4 Black discs become White: **+4 White, -4 Black**

So the score difference swings by **9** discs:  
White gains 5 total, Black loses 4.

That’s why one move can suddenly change the count a lot, especially in the endgame.",False
p729,0,Direct Instruction,"a7 is legal, yes. But be careful: it’s next to the a8 corner, which White already owns, so the edge discs you gain there aren’t very safe.

Before choosing it, ask: after Black a7, what strong reply does White get among the remaining empties (like b8 or c8), and does Black still win the final count?",False
p729,0,Prompt,"a7 is legal, yes. But be careful: it’s next to the a8 corner, which White already owns, so the edge discs you gain there aren’t very safe.

Before choosing it, ask: after Black a7, what strong reply does White get among the remaining empties (like b8 or c8), and does Black still win the final count?",False
p729,0,Positive Feedback,"a7 is legal, yes. But be careful: it’s next to the a8 corner, which White already owns, so the edge discs you gain there aren’t very safe.

Before choosing it, ask: after Black a7, what strong reply does White get among the remaining empties (like b8 or c8), and does Black still win the final count?",False
p729,1,Direct Instruction,"b6 is legal, and it flips a few discs now — but the key question is what it leaves White.

After b6, White may get a strong bottom-edge move at c8/b8, and those late edge flips can matter more than the 4 discs you gain immediately. Before playing b6, compare: does it limit White’s replies, or does it give them the next important edge move?",False
p729,1,Hint,"b6 is legal, and it flips a few discs now — but the key question is what it leaves White.

After b6, White may get a strong bottom-edge move at c8/b8, and those late edge flips can matter more than the 4 discs you gain immediately. Before playing b6, compare: does it limit White’s replies, or does it give them the next important edge move?",False
p729,1,Prompt,"b6 is legal, and it flips a few discs now — but the key question is what it leaves White.

After b6, White may get a strong bottom-edge move at c8/b8, and those late edge flips can matter more than the 4 discs you gain immediately. Before playing b6, compare: does it limit White’s replies, or does it give them the next important edge move?",False
p729,2,Direct Instruction,"The board is full, so there’s no move to make — the game is over.

Look just below the board for a **Finish / Continue / Next** button; if you don’t see it, try scrolling down. If the site auto-submits, you may just need to wait a moment.",False
p713,0,Provide Correct Answer,"No — **b6 is not the best long-term move**. The stronger choice is **c8**.

Why:

- **b6 flips 4 now**, but your read is right: White can answer **a7**, flipping back along the diagonal — including **b6, c5, and d4**. So your “gain” is temporary and gives White a useful edge move.
- **g2** flips even more, but it likely gives White access to the **h1 corner**, which is permanent and very dangerous.
- **c8 flips only 1**, but in endgames that can be best: it keeps White’s options more restricted and avoids handing over a corner or a strong edge reply.

So the endgame idea here is: **don’t maximize flips now; minimize White’s good replies.**  
Best move: **c8**.",False
p713,0,Direct Instruction,"No — **b6 is not the best long-term move**. The stronger choice is **c8**.

Why:

- **b6 flips 4 now**, but your read is right: White can answer **a7**, flipping back along the diagonal — including **b6, c5, and d4**. So your “gain” is temporary and gives White a useful edge move.
- **g2** flips even more, but it likely gives White access to the **h1 corner**, which is permanent and very dangerous.
- **c8 flips only 1**, but in endgames that can be best: it keeps White’s options more restricted and avoids handing over a corner or a strong edge reply.

So the endgame idea here is: **don’t maximize flips now; minimize White’s good replies.**  
Best move: **c8**.",False
p713,0,Negative Feedback,"No — **b6 is not the best long-term move**. The stronger choice is **c8**.

Why:

- **b6 flips 4 now**, but your read is right: White can answer **a7**, flipping back along the diagonal — including **b6, c5, and d4**. So your “gain” is temporary and gives White a useful edge move.
- **g2** flips even more, but it likely gives White access to the **h1 corner**, which is permanent and very dangerous.
- **c8 flips only 1**, but in endgames that can be best: it keeps White’s options more restricted and avoids handing over a corner or a strong edge reply.

So the endgame idea here is: **don’t maximize flips now; minimize White’s good replies.**  
Best move: **c8**.",False
p713,1,Provide Correct Answer,"Yes — I’m still confident **c8 is best**.

Your concern is valid: after **Black c8**, White can play **b8** and flip some discs back to White. But **b8 is not a corner**, so those discs are not permanent.

The key comparison:

- **b6** flips 4 now, but lets White play **a7**, taking back important discs and improving White’s edge.
- **g2** flips a lot, but likely gives White access to the **h1 corner**, which is permanent.
- **a7** is okay-looking, but also leaves White useful edge replies.
- **c8** flips only 1, but it avoids giving White a corner and keeps Black’s endgame position strongest.

So the lesson is: **c8 is a quiet move, not a flashy one — but it limits White’s best future gains.**  
Best move: **c8**.",False
p713,1,Direct Instruction,"Yes — I’m still confident **c8 is best**.

Your concern is valid: after **Black c8**, White can play **b8** and flip some discs back to White. But **b8 is not a corner**, so those discs are not permanent.

The key comparison:

- **b6** flips 4 now, but lets White play **a7**, taking back important discs and improving White’s edge.
- **g2** flips a lot, but likely gives White access to the **h1 corner**, which is permanent.
- **a7** is okay-looking, but also leaves White useful edge replies.
- **c8** flips only 1, but it avoids giving White a corner and keeps Black’s endgame position strongest.

So the lesson is: **c8 is a quiet move, not a flashy one — but it limits White’s best future gains.**  
Best move: **c8**.",False
p713,2,Provide Correct Answer,"Best move: **a7**.

Why it’s best long-term:

- **g2** is dangerous because it lets White take the **h1 corner**, which is permanent.
- **b6** flips 4 now, but White can answer **a7** and flip back key diagonal discs like **b6/c5/d4**.
- **a7** flips fewer discs, but it **denies White that strong a7 reply** and keeps the endgame count best for Black.

So prioritize the endgame result over immediate flips: **play a7**.",False
p713,2,Direct Instruction,"Best move: **a7**.

Why it’s best long-term:

- **g2** is dangerous because it lets White take the **h1 corner**, which is permanent.
- **b6** flips 4 now, but White can answer **a7** and flip back key diagonal discs like **b6/c5/d4**.
- **a7** flips fewer discs, but it **denies White that strong a7 reply** and keeps the endgame count best for Black.

So prioritize the endgame result over immediate flips: **play a7**.",False
p708,0,Provide Correct Answer,"Yes — **b7** looks better than **c8**.

Why to check it: **b7** takes control of row 7 and tends to leave White fewer good replies near the empty **a8** corner. With **c8**, you flip a lot now, but you may give White more access to the bottom-left corner area.

So I’d choose **b7** over c8.",False
p708,0,Direct Instruction,"Yes — **b7** looks better than **c8**.

Why to check it: **b7** takes control of row 7 and tends to leave White fewer good replies near the empty **a8** corner. With **c8**, you flip a lot now, but you may give White more access to the bottom-left corner area.

So I’d choose **b7** over c8.",False
p708,0,Positive Feedback,"Yes — **b7** looks better than **c8**.

Why to check it: **b7** takes control of row 7 and tends to leave White fewer good replies near the empty **a8** corner. With **c8**, you flip a lot now, but you may give White more access to the bottom-left corner area.

So I’d choose **b7** over c8.",False
p708,1,Provide Correct Answer,"I’d recommend **c8**.

It’s the safest endgame move here: it plays on the edge and avoids giving White easy access to the empty **h1** corner, which **g2** risks. The other left-side moves (**b6/a7**) seem to give White more useful replies.",False
p708,1,Direct Instruction,"I’d recommend **c8**.

It’s the safest endgame move here: it plays on the edge and avoids giving White easy access to the empty **h1** corner, which **g2** risks. The other left-side moves (**b6/a7**) seem to give White more useful replies.",False
p708,2,Provide Correct Answer,"Yes — **a7 is a good move here**, and I’d favor it.

It takes an edge square and flips along row 7, while avoiding the risky **g2** move next to the empty **h1** corner. The key is that it should leave White with fewer useful endgame replies.",False
p708,2,Direct Instruction,"Yes — **a7 is a good move here**, and I’d favor it.

It takes an edge square and flips along row 7, while avoiding the risky **g2** move next to the empty **h1** corner. The key is that it should leave White with fewer useful endgame replies.",False
p708,2,Positive Feedback,"Yes — **a7 is a good move here**, and I’d favor it.

It takes an edge square and flips along row 7, while avoiding the risky **g2** move next to the empty **h1** corner. The key is that it should leave White with fewer useful endgame replies.",False
p708,3,Provide Correct Answer,"Yes — **a3 is a good move now**.

It’s not just about flips: **a3** helps limit White’s remaining choices and avoids the risky **g2** square next to the empty **h1** corner. Even though **a1** is a corner, in this exact endgame **a3** looks like the stronger move.",False
p708,3,Direct Instruction,"Yes — **a3 is a good move now**.

It’s not just about flips: **a3** helps limit White’s remaining choices and avoids the risky **g2** square next to the empty **h1** corner. Even though **a1** is a corner, in this exact endgame **a3** looks like the stronger move.",False
p708,3,Positive Feedback,"Yes — **a3 is a good move now**.

It’s not just about flips: **a3** helps limit White’s remaining choices and avoids the risky **g2** square next to the empty **h1** corner. Even though **a1** is a corner, in this exact endgame **a3** looks like the stronger move.",False
p708,4,Provide Correct Answer,"Choose **a1**.

It’s a **corner**, so it can never be flipped back. **g2** is next to the empty **h1** corner and risks giving White that corner afterward.",False
p708,4,Direct Instruction,"Choose **a1**.

It’s a **corner**, so it can never be flipped back. **g2** is next to the empty **h1** corner and risks giving White that corner afterward.",False
p708,5,Provide Correct Answer,"Yes — **play h1 now**.

It’s the **corner**, so it becomes permanent. The alternative **g2** is next to that corner and would let White take **h1**, which is much worse.",False
p708,5,Direct Instruction,"Yes — **play h1 now**.

It’s the **corner**, so it becomes permanent. The alternative **g2** is next to that corner and would let White take **h1**, which is much worse.",False
p815,0,Direct Instruction,"No — **h1 isn’t a legal move right now** (no pale dot there), so Black can’t play it.

If a corner like **h1** becomes legal later, it’s usually very strong because corners can’t be flipped. For this turn, compare only the legal moves: **g2, b6, a7, c8**.",False
p815,0,Negative Feedback,"No — **h1 isn’t a legal move right now** (no pale dot there), so Black can’t play it.

If a corner like **h1** becomes legal later, it’s usually very strong because corners can’t be flipped. For this turn, compare only the legal moves: **g2, b6, a7, c8**.",False
p815,1,Provide Correct Answer,"I’d recommend **c8**.

Why: it plays on the bottom edge without immediately giving White a clean corner, and in the endgame that matters more than flipping a lot right now. The other moves look more likely to let White gain access to key empty corners like **a1/h1/b8** sequences.",False
p815,1,Direct Instruction,"I’d recommend **c8**.

Why: it plays on the bottom edge without immediately giving White a clean corner, and in the endgame that matters more than flipping a lot right now. The other moves look more likely to let White gain access to key empty corners like **a1/h1/b8** sequences.",False
p815,2,Direct Instruction,"Yeah, endgames can punish small tempo/mobility details.

For this position, don’t judge by flips now. Compare the 3 legal moves by asking:

- Does it give White a corner like **h1** or **a1**?
- Does it leave White with only bad moves or maybe no move?
- What happens to the left edge around **a3/a7/a8**?

If you want, I can give the exact move I’d play here.",False
p815,2,Hint,"Yeah, endgames can punish small tempo/mobility details.

For this position, don’t judge by flips now. Compare the 3 legal moves by asking:

- Does it give White a corner like **h1** or **a1**?
- Does it leave White with only bad moves or maybe no move?
- What happens to the left edge around **a3/a7/a8**?

If you want, I can give the exact move I’d play here.",False
p815,3,Provide Correct Answer,"Yes: I’d play **a7**.

Main reason: it **stabilizes the left edge** by flipping **a6**, and it avoids playing **g2**, which is dangerously close to the open **h1** corner. In this endgame, **a7** keeps Black’s best final result.",False
p815,3,Direct Instruction,"Yes: I’d play **a7**.

Main reason: it **stabilizes the left edge** by flipping **a6**, and it avoids playing **g2**, which is dangerously close to the open **h1** corner. In this endgame, **a7** keeps Black’s best final result.",False
p815,4,Direct Instruction,"Yes — I’d still be very cautious about **g2**.

It’s next to the open **h1 corner**, so ask: *after g2, can White get access to h1 or force a good edge finish?* In this 4-empty endgame, I’d compare the **a-side moves** instead: **a1** is a corner, while **a3** may affect White’s mobility differently.",False
p815,4,Hint,"Yes — I’d still be very cautious about **g2**.

It’s next to the open **h1 corner**, so ask: *after g2, can White get access to h1 or force a good edge finish?* In this 4-empty endgame, I’d compare the **a-side moves** instead: **a1** is a corner, while **a3** may affect White’s mobility differently.",False
p815,4,Prompt,"Yes — I’d still be very cautious about **g2**.

It’s next to the open **h1 corner**, so ask: *after g2, can White get access to h1 or force a good edge finish?* In this 4-empty endgame, I’d compare the **a-side moves** instead: **a1** is a corner, while **a3** may affect White’s mobility differently.",False
p795,0,Direct Instruction,"Yes—main downside: **b6 flips several discs, but it may give White useful replies and mobility.**

If Black plays **b6**, it flips along row 6 and diagonal, but then ask:

- What can White play next? In particular, does **a7** become a strong reply by flipping back along the diagonal?
- Does b6 reduce White’s moves, or does it leave White with several choices?
- Since only 8 empties remain, are those flipped discs **stable**, or can White flip them back immediately?

In endgames, “capture several now” is less important than: **who gets the last good moves and corners/edges, and whether you leave White with too much mobility.**",False
p795,0,Prompt,"Yes—main downside: **b6 flips several discs, but it may give White useful replies and mobility.**

If Black plays **b6**, it flips along row 6 and diagonal, but then ask:

- What can White play next? In particular, does **a7** become a strong reply by flipping back along the diagonal?
- Does b6 reduce White’s moves, or does it leave White with several choices?
- Since only 8 empties remain, are those flipped discs **stable**, or can White flip them back immediately?

In endgames, “capture several now” is less important than: **who gets the last good moves and corners/edges, and whether you leave White with too much mobility.**",False
p795,0,Neutral Feedback,"Yes—main downside: **b6 flips several discs, but it may give White useful replies and mobility.**

If Black plays **b6**, it flips along row 6 and diagonal, but then ask:

- What can White play next? In particular, does **a7** become a strong reply by flipping back along the diagonal?
- Does b6 reduce White’s moves, or does it leave White with several choices?
- Since only 8 empties remain, are those flipped discs **stable**, or can White flip them back immediately?

In endgames, “capture several now” is less important than: **who gets the last good moves and corners/edges, and whether you leave White with too much mobility.**",False
p795,1,Direct Instruction,"Not quite. **g2 is an X-square next to the empty corner h1**, so the big question is:

- After Black plays **g2**, can White reply **h1** and take the corner?
- If so, that corner is permanent, and some of the “stable-looking” discs on the g-file may not really stay yours.

So g2 may flip/stabilize some pieces short-term, but it may also **hand White a corner**, which is usually a major endgame cost.",False
p795,1,Prompt,"Not quite. **g2 is an X-square next to the empty corner h1**, so the big question is:

- After Black plays **g2**, can White reply **h1** and take the corner?
- If so, that corner is permanent, and some of the “stable-looking” discs on the g-file may not really stay yours.

So g2 may flip/stabilize some pieces short-term, but it may also **hand White a corner**, which is usually a major endgame cost.",False
p795,1,Negative Feedback,"Not quite. **g2 is an X-square next to the empty corner h1**, so the big question is:

- After Black plays **g2**, can White reply **h1** and take the corner?
- If so, that corner is permanent, and some of the “stable-looking” discs on the g-file may not really stay yours.

So g2 may flip/stabilize some pieces short-term, but it may also **hand White a corner**, which is usually a major endgame cost.",False
p795,2,Direct Instruction,"Yes: try to **make White take the risk next to the corner**, instead of you.

- **g2** is risky because it sits next to empty **h1**; White may get **h1** afterward.
- For the left side, look at whether a move can **control the bottom edge / limit White’s replies** so White is forced to give you access rather than taking a corner themselves.

A good way to compare your legal moves is: “After I move, can White immediately take **h1** or set up **a1**?” and “How many legal replies does White have?”",False
p795,2,Hint,"Yes: try to **make White take the risk next to the corner**, instead of you.

- **g2** is risky because it sits next to empty **h1**; White may get **h1** afterward.
- For the left side, look at whether a move can **control the bottom edge / limit White’s replies** so White is forced to give you access rather than taking a corner themselves.

A good way to compare your legal moves is: “After I move, can White immediately take **h1** or set up **a1**?” and “How many legal replies does White have?”",False
p795,2,Prompt,"Yes: try to **make White take the risk next to the corner**, instead of you.

- **g2** is risky because it sits next to empty **h1**; White may get **h1** afterward.
- For the left side, look at whether a move can **control the bottom edge / limit White’s replies** so White is forced to give you access rather than taking a corner themselves.

A good way to compare your legal moves is: “After I move, can White immediately take **h1** or set up **a1**?” and “How many legal replies does White have?”",False
p795,3,Direct Instruction,"That’s a good concern, but **“doesn’t give a corner immediately” isn’t enough**.

After **a7**, check White’s reply **a3**: it can flip down the **a-file**, including the discs you just made at **a6/a7**. So your gain may not stick, and White gets mobility.

Before choosing, compare: after **a7**, how many useful moves does White have, and can White flip your new edge discs back right away?",False
p795,3,Prompt,"That’s a good concern, but **“doesn’t give a corner immediately” isn’t enough**.

After **a7**, check White’s reply **a3**: it can flip down the **a-file**, including the discs you just made at **a6/a7**. So your gain may not stick, and White gets mobility.

Before choosing, compare: after **a7**, how many useful moves does White have, and can White flip your new edge discs back right away?",False
p795,3,Neutral Feedback,"That’s a good concern, but **“doesn’t give a corner immediately” isn’t enough**.

After **a7**, check White’s reply **a3**: it can flip down the **a-file**, including the discs you just made at **a6/a7**. So your gain may not stick, and White gets mobility.

Before choosing, compare: after **a7**, how many useful moves does White have, and can White flip your new edge discs back right away?",False
p795,4,Direct Instruction,"That’s a reasonable way to think about **c8**.

Its upside is that it **doesn’t play next to an empty corner** like **g2** does near **h1**, and flipping only **d8** is not necessarily bad—small flips can preserve endgame control.

Before committing, check White’s replies after **c8**: can White immediately take **a1** or **h1**? If not, you may be keeping the corner danger on White rather than yourself.",False
p795,4,Prompt,"That’s a reasonable way to think about **c8**.

Its upside is that it **doesn’t play next to an empty corner** like **g2** does near **h1**, and flipping only **d8** is not necessarily bad—small flips can preserve endgame control.

Before committing, check White’s replies after **c8**: can White immediately take **a1** or **h1**? If not, you may be keeping the corner danger on White rather than yourself.",False
p795,4,Positive Feedback,"That’s a reasonable way to think about **c8**.

Its upside is that it **doesn’t play next to an empty corner** like **g2** does near **h1**, and flipping only **d8** is not necessarily bad—small flips can preserve endgame control.

Before committing, check White’s replies after **c8**: can White immediately take **a1** or **h1**? If not, you may be keeping the corner danger on White rather than yourself.",False
p795,4,Neutral Feedback,"That’s a reasonable way to think about **c8**.

Its upside is that it **doesn’t play next to an empty corner** like **g2** does near **h1**, and flipping only **d8** is not necessarily bad—small flips can preserve endgame control.

Before committing, check White’s replies after **c8**: can White immediately take **a1** or **h1**? If not, you may be keeping the corner danger on White rather than yourself.",False
p629,0,Provide Correct Answer,"d8 isn’t a legal move here — it’s already occupied.

Since you’re asking directly: the best legal move is **b7**. It looks scary because it flips a lot, but in this endgame it helps control White’s replies better than moves like **a7/b8**, which sit next to the empty **a8 corner**.",False
p629,0,Direct Instruction,"d8 isn’t a legal move here — it’s already occupied.

Since you’re asking directly: the best legal move is **b7**. It looks scary because it flips a lot, but in this endgame it helps control White’s replies better than moves like **a7/b8**, which sit next to the empty **a8 corner**.",False
p629,0,Negative Feedback,"d8 isn’t a legal move here — it’s already occupied.

Since you’re asking directly: the best legal move is **b7**. It looks scary because it flips a lot, but in this endgame it helps control White’s replies better than moves like **a7/b8**, which sit next to the empty **a8 corner**.",False
p629,1,Provide Correct Answer,"Yes, **c8 is legal**, but it’s **not the best**.

Since you asked directly: **b7** is the best move here. It helps manage the dangerous lower-left area around the **a8 corner**, while **c8** lets White get active on the bottom edge afterward. In this endgame, the key is not “how many flip now,” but who gets the last stable discs/corners.",False
p629,1,Direct Instruction,"Yes, **c8 is legal**, but it’s **not the best**.

Since you asked directly: **b7** is the best move here. It helps manage the dangerous lower-left area around the **a8 corner**, while **c8** lets White get active on the bottom edge afterward. In this endgame, the key is not “how many flip now,” but who gets the last stable discs/corners.",False
p629,1,Positive Feedback,"Yes, **c8 is legal**, but it’s **not the best**.

Since you asked directly: **b7** is the best move here. It helps manage the dangerous lower-left area around the **a8 corner**, while **c8** lets White get active on the bottom edge afterward. In this endgame, the key is not “how many flip now,” but who gets the last stable discs/corners.",False
p629,2,Direct Instruction,"**b6 is legal, but I’d be cautious.** It flips several discs now, which can be a trap in the endgame if it gives White more useful replies.

Before playing it, compare: after **b6**, does White get more mobility around the bottom-left empties (**a7, b8, c8**)? In endgames, I’d look hardest at the move that leaves White with the fewest good replies, not the biggest immediate flip.",False
p629,2,Hint,"**b6 is legal, but I’d be cautious.** It flips several discs now, which can be a trap in the endgame if it gives White more useful replies.

Before playing it, compare: after **b6**, does White get more mobility around the bottom-left empties (**a7, b8, c8**)? In endgames, I’d look hardest at the move that leaves White with the fewest good replies, not the biggest immediate flip.",False
p629,2,Prompt,"**b6 is legal, but I’d be cautious.** It flips several discs now, which can be a trap in the endgame if it gives White more useful replies.

Before playing it, compare: after **b6**, does White get more mobility around the bottom-left empties (**a7, b8, c8**)? In endgames, I’d look hardest at the move that leaves White with the fewest good replies, not the biggest immediate flip.",False
p629,2,Pose Simplified Problem,"**b6 is legal, but I’d be cautious.** It flips several discs now, which can be a trap in the endgame if it gives White more useful replies.

Before playing it, compare: after **b6**, does White get more mobility around the bottom-left empties (**a7, b8, c8**)? In endgames, I’d look hardest at the move that leaves White with the fewest good replies, not the biggest immediate flip.",False
p629,2,Neutral Feedback,"**b6 is legal, but I’d be cautious.** It flips several discs now, which can be a trap in the endgame if it gives White more useful replies.

Before playing it, compare: after **b6**, does White get more mobility around the bottom-left empties (**a7, b8, c8**)? In endgames, I’d look hardest at the move that leaves White with the fewest good replies, not the biggest immediate flip.",False
p629,3,Provide Correct Answer,"**b8 is a strong candidate here.** It’s on the edge, and it flips up the b-file without giving away a new corner.

I’d mainly compare it with **g2**: both look good because they limit White’s useful endgame replies. I’d be less excited about **c8**, which is more “middle of the bottom edge” and easier for White to answer profitably.",False
p629,3,Direct Instruction,"**b8 is a strong candidate here.** It’s on the edge, and it flips up the b-file without giving away a new corner.

I’d mainly compare it with **g2**: both look good because they limit White’s useful endgame replies. I’d be less excited about **c8**, which is more “middle of the bottom edge” and easier for White to answer profitably.",False
p629,4,Direct Instruction,"I can’t tell from this final board alone — there are **0 empty squares** and no legal-move dots, so I can’t see what your alternatives were before your last move.

Final count is **Black 22, White 42**.  
If you send the board from **just before your last move**, I can compare the legal options and say which was better.",False
p629,4,Prompt,"I can’t tell from this final board alone — there are **0 empty squares** and no legal-move dots, so I can’t see what your alternatives were before your last move.

Final count is **Black 22, White 42**.  
If you send the board from **just before your last move**, I can compare the legal options and say which was better.",False
p843,0,Provide Correct Answer,"Play **b7**.

Why: it keeps White from getting an easy corner/edge swing and leaves Black with the best endgame result among the legal moves. Moves like **b8/c8** or **a7** can make the corner area more dangerous; **b7** is the safest control move here.",False
p843,0,Direct Instruction,"Play **b7**.

Why: it keeps White from getting an easy corner/edge swing and leaves Black with the best endgame result among the legal moves. Moves like **b8/c8** or **a7** can make the corner area more dangerous; **b7** is the safest control move here.",False
p843,1,Provide Correct Answer,"Yes — **you are Black** (the black discs). Sorry for the confusion.

Here Black’s legal moves are **g2, b6, a7, c8**.  
If you want the direct recommendation: **play c8**.

It’s an endgame move that keeps the best result for Black; the other options risk giving White stronger edge/corner control.",False
p843,1,Direct Instruction,"Yes — **you are Black** (the black discs). Sorry for the confusion.

Here Black’s legal moves are **g2, b6, a7, c8**.  
If you want the direct recommendation: **play c8**.

It’s an endgame move that keeps the best result for Black; the other options risk giving White stronger edge/corner control.",False
p843,2,Direct Instruction,"Yes. When Black plays, any White discs trapped in a straight line between your new Black disc and another Black disc flip to Black.

For **c8**, you place a Black disc on **c8**, and it flips **d8** from White to Black because **e8** is already Black. Then White moves next and may flip other discs back.",False
p843,3,Provide Correct Answer,"Play **a7**.

It flips along the **row** toward **d7** and also up the **a-file** toward **a5**, gaining edge discs without handing White an empty corner. The other legal moves (**g2**, **b6**) leave Black with a worse endgame count.",False
p843,3,Direct Instruction,"Play **a7**.

It flips along the **row** toward **d7** and also up the **a-file** toward **a5**, gaining edge discs without handing White an empty corner. The other legal moves (**g2**, **b6**) leave Black with a worse endgame count.",False
p843,4,Provide Correct Answer,"Play **a3**.

Even though **a1** is a corner, here **a3** gives Black the best endgame result: it flips key diagonal discs and controls White’s replies with only a few empty squares left.",False
p843,4,Direct Instruction,"Play **a3**.

Even though **a1** is a corner, here **a3** gives Black the best endgame result: it flips key diagonal discs and controls White’s replies with only a few empty squares left.",False
p679,0,Direct Instruction,"Yes — **b7 is a serious candidate**, and here it actually does flip a lot along row 7.

But don’t judge it only by the flip count. Ask: after **b7**, if White takes the **a8 corner**, do you have a strong reply / enough discs elsewhere? In endgames, the key is the final count, not just this move’s flips.",False
p679,0,Prompt,"Yes — **b7 is a serious candidate**, and here it actually does flip a lot along row 7.

But don’t judge it only by the flip count. Ask: after **b7**, if White takes the **a8 corner**, do you have a strong reply / enough discs elsewhere? In endgames, the key is the final count, not just this move’s flips.",False
p679,0,Positive Feedback,"Yes — **b7 is a serious candidate**, and here it actually does flip a lot along row 7.

But don’t judge it only by the flip count. Ask: after **b7**, if White takes the **a8 corner**, do you have a strong reply / enough discs elsewhere? In endgames, the key is the final count, not just this move’s flips.",False
p679,1,Provide Correct Answer,"Go **b7**.

Reason: it strengthens the bottom-left edge without immediately giving White an easy corner like **a8** or **a1**, and it keeps Black’s best endgame chances. After that, keep watching the corners and avoid handing White a permanent corner for free.",False
p679,1,Direct Instruction,"Go **b7**.

Reason: it strengthens the bottom-left edge without immediately giving White an easy corner like **a8** or **a1**, and it keeps Black’s best endgame chances. After that, keep watching the corners and avoid handing White a permanent corner for free.",False
p679,2,Direct Instruction,"You’re right to question that: **b7 is already a White disc**, so Black **cannot** play there.

On this board, Black can only play on the pale dots: **g2, b6, a7, or c8**.  
A move must be on an **empty** square, and then it flips any White discs bracketed in a line.",False
p679,2,Negative Feedback,"You’re right to question that: **b7 is already a White disc**, so Black **cannot** play there.

On this board, Black can only play on the pale dots: **g2, b6, a7, or c8**.  
A move must be on an **empty** square, and then it flips any White discs bracketed in a line.",False
p679,3,Provide Correct Answer,"Ah — if it turned **white**, that was likely **White’s reply after your move**, or the square clicked wasn’t Black’s legal move at that moment. On **Black’s own move**, the disc you place should be black, and flipped discs turn black too.

For the **current board**, Black’s legal moves are **g2, b6, a7, c8**.  
If you want the best move now: **play c8**. It keeps the endgame tighter than grabbing the tempting edge squares.",False
p679,3,Direct Instruction,"Ah — if it turned **white**, that was likely **White’s reply after your move**, or the square clicked wasn’t Black’s legal move at that moment. On **Black’s own move**, the disc you place should be black, and flipped discs turn black too.

For the **current board**, Black’s legal moves are **g2, b6, a7, c8**.  
If you want the best move now: **play c8**. It keeps the endgame tighter than grabbing the tempting edge squares.",False
p679,4,Provide Correct Answer,"Best now: **a7**.

It’s legal, takes the left edge, and flips important discs back without opening a new corner for White. The other legal moves (**g2** or **b6**) leave White with a stronger finish.",False
p679,4,Direct Instruction,"Best now: **a7**.

It’s legal, takes the left edge, and flips important discs back without opening a new corner for White. The other legal moves (**g2** or **b6**) leave White with a stronger finish.",False
p61,0,Direct Instruction,"What you need to know here:

- **Empty corners matter most:** **a1, h1, and a8** are still open. A corner disc can’t be flipped back.
- Your legal moves are: **g2, b6, a7, b7, b8, c8**.
- Be careful with moves **next to an empty corner**:
  - **g2** is near **h1**.
  - **a7, b7, b8** are near **a8**.
- Don’t just pick the move that flips the most now. Ask: **after my move, can White take a corner?**
- Also check **mobility**: if your move leaves White with very few or no legal moves, that can be stronger than flipping many discs.

If you want, tell me the move you’re considering and I’ll help you test what White can do next.",False
p61,0,Hint,"What you need to know here:

- **Empty corners matter most:** **a1, h1, and a8** are still open. A corner disc can’t be flipped back.
- Your legal moves are: **g2, b6, a7, b7, b8, c8**.
- Be careful with moves **next to an empty corner**:
  - **g2** is near **h1**.
  - **a7, b7, b8** are near **a8**.
- Don’t just pick the move that flips the most now. Ask: **after my move, can White take a corner?**
- Also check **mobility**: if your move leaves White with very few or no legal moves, that can be stronger than flipping many discs.

If you want, tell me the move you’re considering and I’ll help you test what White can do next.",False
p61,0,Prompt,"What you need to know here:

- **Empty corners matter most:** **a1, h1, and a8** are still open. A corner disc can’t be flipped back.
- Your legal moves are: **g2, b6, a7, b7, b8, c8**.
- Be careful with moves **next to an empty corner**:
  - **g2** is near **h1**.
  - **a7, b7, b8** are near **a8**.
- Don’t just pick the move that flips the most now. Ask: **after my move, can White take a corner?**
- Also check **mobility**: if your move leaves White with very few or no legal moves, that can be stronger than flipping many discs.

If you want, tell me the move you’re considering and I’ll help you test what White can do next.",False
p61,1,Direct Instruction,"**b6 is legal.** Before playing it, check the corner danger:

- After **b6**, ask: does White get access to **a8** or **h1** soon?
- It only flips a small amount, so its value depends on whether it **limits White’s legal moves**.
- Compare it with the other edge options: which move leaves White with the fewest safe replies and doesn’t give away a corner?

Look especially at the **a8 corner zone**: moves near **a7/b7/b8/c8** can decide who gets that corner.",False
p61,1,Hint,"**b6 is legal.** Before playing it, check the corner danger:

- After **b6**, ask: does White get access to **a8** or **h1** soon?
- It only flips a small amount, so its value depends on whether it **limits White’s legal moves**.
- Compare it with the other edge options: which move leaves White with the fewest safe replies and doesn’t give away a corner?

Look especially at the **a8 corner zone**: moves near **a7/b7/b8/c8** can decide who gets that corner.",False
p61,1,Prompt,"**b6 is legal.** Before playing it, check the corner danger:

- After **b6**, ask: does White get access to **a8** or **h1** soon?
- It only flips a small amount, so its value depends on whether it **limits White’s legal moves**.
- Compare it with the other edge options: which move leaves White with the fewest safe replies and doesn’t give away a corner?

Look especially at the **a8 corner zone**: moves near **a7/b7/b8/c8** can decide who gets that corner.",False
p61,1,Pose Simplified Problem,"**b6 is legal.** Before playing it, check the corner danger:

- After **b6**, ask: does White get access to **a8** or **h1** soon?
- It only flips a small amount, so its value depends on whether it **limits White’s legal moves**.
- Compare it with the other edge options: which move leaves White with the fewest safe replies and doesn’t give away a corner?

Look especially at the **a8 corner zone**: moves near **a7/b7/b8/c8** can decide who gets that corner.",False
p61,2,Direct Instruction,"The board is full: **0 empty squares**, so the game is over.

Final count:
- **Black: 23**
- **White: 41**

So **White wins by 18 discs**.

If you can’t click **Finish**, try:
1. click anywhere outside the board once, then Finish;
2. wait a few seconds;
3. refresh only if the study instructions allow it;
4. if still stuck, report that the final board is complete: **Black 23, White 41**.",False
p608,0,Direct Instruction,"I’d be cautious with **g2**: it’s the diagonal “X-square” next to the empty **h1 corner**. If White can get **h1** afterward, that corner becomes permanent and can swing the endgame.

Before playing it, ask: **after g2, what is White’s strongest reply—can they take or force h1?** If yes, look for a move that limits White’s options without giving a corner.",False
p608,0,Hint,"I’d be cautious with **g2**: it’s the diagonal “X-square” next to the empty **h1 corner**. If White can get **h1** afterward, that corner becomes permanent and can swing the endgame.

Before playing it, ask: **after g2, what is White’s strongest reply—can they take or force h1?** If yes, look for a move that limits White’s options without giving a corner.",False
p608,0,Prompt,"I’d be cautious with **g2**: it’s the diagonal “X-square” next to the empty **h1 corner**. If White can get **h1** afterward, that corner becomes permanent and can swing the endgame.

Before playing it, ask: **after g2, what is White’s strongest reply—can they take or force h1?** If yes, look for a move that limits White’s options without giving a corner.",False
p608,1,Provide Correct Answer,"**b7 looks like a strong candidate.** It stays away from the dangerous **h1 corner** issue, and compared with **b6/b8/a7**, it’s less likely to immediately give White easy edge/corner access on the lower-left.

Key check: after **b7**, what legal moves does White have, and can any of them take a corner soon? If not, it’s probably better than **g2**.",False
p608,1,Direct Instruction,"**b7 looks like a strong candidate.** It stays away from the dangerous **h1 corner** issue, and compared with **b6/b8/a7**, it’s less likely to immediately give White easy edge/corner access on the lower-left.

Key check: after **b7**, what legal moves does White have, and can any of them take a corner soon? If not, it’s probably better than **g2**.",False
p608,1,Prompt,"**b7 looks like a strong candidate.** It stays away from the dangerous **h1 corner** issue, and compared with **b6/b8/a7**, it’s less likely to immediately give White easy edge/corner access on the lower-left.

Key check: after **b7**, what legal moves does White have, and can any of them take a corner soon? If not, it’s probably better than **g2**.",False
p608,1,Neutral Feedback,"**b7 looks like a strong candidate.** It stays away from the dangerous **h1 corner** issue, and compared with **b6/b8/a7**, it’s less likely to immediately give White easy edge/corner access on the lower-left.

Key check: after **b7**, what legal moves does White have, and can any of them take a corner soon? If not, it’s probably better than **g2**.",False
p608,2,Provide Correct Answer,"**c8 is legal, but I’d be wary.** It grabs flips on the bottom/diagonal, yet it leaves White active moves like **b8/b7/b6**, so you may give them control of the lower-left endgame.

Compare that with **b7**, which seems to restrict White more. In endgames, I’d prioritize **limiting White’s replies** over flipping a lot now.",False
p608,2,Direct Instruction,"**c8 is legal, but I’d be wary.** It grabs flips on the bottom/diagonal, yet it leaves White active moves like **b8/b7/b6**, so you may give them control of the lower-left endgame.

Compare that with **b7**, which seems to restrict White more. In endgames, I’d prioritize **limiting White’s replies** over flipping a lot now.",False
p608,2,Neutral Feedback,"**c8 is legal, but I’d be wary.** It grabs flips on the bottom/diagonal, yet it leaves White active moves like **b8/b7/b6**, so you may give them control of the lower-left endgame.

Compare that with **b7**, which seems to restrict White more. In endgames, I’d prioritize **limiting White’s replies** over flipping a lot now.",False
p608,3,Direct Instruction,"Corners are important because **a disc in a corner can never be flipped**—there’s no square beyond it to outflank it. Once you own a corner like **h1** or **a8**, the edge discs connected to it often become safe too.

That’s why squares next to corners can be dangerous: playing near **h1** (like **g2**) may let White take **h1**, giving them permanent discs and edge control. In the endgame, that can matter more than the flips you get immediately.",False
p608,4,Pose Simplified Problem,"**a1 isn’t legal here** — it’s empty, but there’s no pale dot there, so Black can’t play it.

Your legal choices are: **g2, b6, a7, b7, b8, c8**.  
I’d avoid moves that hand White an easy corner; focus on which move leaves White with the fewest good replies.",False
p608,4,Negative Feedback,"**a1 isn’t legal here** — it’s empty, but there’s no pale dot there, so Black can’t play it.

Your legal choices are: **g2, b6, a7, b7, b8, c8**.  
I’d avoid moves that hand White an easy corner; focus on which move leaves White with the fewest good replies.",False
p55,0,Provide Correct Answer,"No — **b6 is probably not best**. It flips several discs now, but that can be misleading in the endgame.

I’d look at **c8** instead: it’s a safer edge move and keeps Black’s endgame result better than b6. The key question is: after your move, how many good replies does White get, and can any flips be taken back?",False
p55,0,Direct Instruction,"No — **b6 is probably not best**. It flips several discs now, but that can be misleading in the endgame.

I’d look at **c8** instead: it’s a safer edge move and keeps Black’s endgame result better than b6. The key question is: after your move, how many good replies does White get, and can any flips be taken back?",False
p55,0,Prompt,"No — **b6 is probably not best**. It flips several discs now, but that can be misleading in the endgame.

I’d look at **c8** instead: it’s a safer edge move and keeps Black’s endgame result better than b6. The key question is: after your move, how many good replies does White get, and can any flips be taken back?",False
p55,0,Negative Feedback,"No — **b6 is probably not best**. It flips several discs now, but that can be misleading in the endgame.

I’d look at **c8** instead: it’s a safer edge move and keeps Black’s endgame result better than b6. The key question is: after your move, how many good replies does White get, and can any flips be taken back?",False
p55,1,Direct Instruction,"After **Black c8**, White’s legal replies should be **a3, b6, or b8**.

I’d expect White to look at **a3** because it flips a lot and attacks along the left side — but in endgames, the important part is what that leaves you next, not the immediate flips.",False
p55,2,Direct Instruction,"This position is already **game over**: there are **0 empty squares**, so no more moves.

Final count from the board:
- **Black: 22**
- **White: 42**

For future endgames, the key strategy is:

1. **Don’t chase big flips immediately** — many can flip back.
2. **Secure corners/edges** when possible; corners are permanent.
3. **Maximize mobility**: leave White with few or bad moves.
4. **Avoid squares next to empty corners** unless you’ve calculated it.
5. With few empties left, **count the exact final sequence** rather than using general principles.",False
p55,3,Direct Instruction,"Yes, there *can* be a small first-player bias, but in Othello it’s not like chess where people often talk about a clear White advantage.

- **Black moves first**, so Black gets the first initiative.
- But Othello is very tactical, and **moving last in key endgame regions can be valuable**, so the advantage can shift.
- At beginner/intermediate level, **move quality matters far more than first-player bias**.
- The standard 8x8 game is generally treated as fairly balanced; there’s no simple “Black should win because Black starts.”

In your current shown game, the board is full, so the result is final: **White 42, Black 22**.",False
p368,0,Provide Correct Answer,"You *can* go diagonal in Othello.

A move is legal if your new black disc would trap one or more white discs in a straight line between the new disc and another black disc — **horizontal, vertical, or diagonal** all count.

The pale dots show the legal Black moves here: **g2, b6, a7, b7, b8, c8**.",False
p368,0,Direct Instruction,"You *can* go diagonal in Othello.

A move is legal if your new black disc would trap one or more white discs in a straight line between the new disc and another black disc — **horizontal, vertical, or diagonal** all count.

The pale dots show the legal Black moves here: **g2, b6, a7, b7, b8, c8**.",False
p368,1,Direct Instruction,"It *does* flip diagonally — but only if the diagonal is **unbroken white discs ending in a black disc**.

Example here: if Black plays **g2**, the diagonal down-left goes **f3–e4–d5** white, ending at **c6** black, so those would flip.

If there’s an empty square or no black disc at the far end, then that diagonal won’t flip.",False
p368,2,Prompt,"It’s *tempting* because **g2 flips diagonally**, yes — but don’t judge it just by flips.

In the endgame, ask: after **g2**, does White get a strong reply or a corner? Compare that with the lower-left options like **b7**: which move leaves White with fewer good moves?",False
p368,2,Pose Simplified Problem,"It’s *tempting* because **g2 flips diagonally**, yes — but don’t judge it just by flips.

In the endgame, ask: after **g2**, does White get a strong reply or a corner? Compare that with the lower-left options like **b7**: which move leaves White with fewer good moves?",False
p368,2,Paraphrase,"It’s *tempting* because **g2 flips diagonally**, yes — but don’t judge it just by flips.

In the endgame, ask: after **g2**, does White get a strong reply or a corner? Compare that with the lower-left options like **b7**: which move leaves White with fewer good moves?",False
p368,2,Neutral Feedback,"It’s *tempting* because **g2 flips diagonally**, yes — but don’t judge it just by flips.

In the endgame, ask: after **g2**, does White get a strong reply or a corner? Compare that with the lower-left options like **b7**: which move leaves White with fewer good moves?",False
p368,3,Direct Instruction,"Yes — good catch. After **b7**, White can take the **a8 corner** via the diagonal **a8–b7–c6–d5**.

But ask: if White spends a move on **a8**, what strong reply does Black get next? In endgames, a corner can be worth allowing if it leaves White with poor mobility or lets Black win the final count.",False
p368,3,Prompt,"Yes — good catch. After **b7**, White can take the **a8 corner** via the diagonal **a8–b7–c6–d5**.

But ask: if White spends a move on **a8**, what strong reply does Black get next? In endgames, a corner can be worth allowing if it leaves White with poor mobility or lets Black win the final count.",False
p368,3,Positive Feedback,"Yes — good catch. After **b7**, White can take the **a8 corner** via the diagonal **a8–b7–c6–d5**.

But ask: if White spends a move on **a8**, what strong reply does Black get next? In endgames, a corner can be worth allowing if it leaves White with poor mobility or lets Black win the final count.",False
p368,4,Direct Instruction,"Right — giving White **a8** looks scary.

But check the follow-up: after **b7 → White a8**, Black may be able to play near that corner safely because the corner is already gone. Ask yourself:

- Does White’s **a8** flip enough to matter?
- What Black reply restores control on the left/bottom area?
- Does White get many moves afterward, or are they cramped?

So the corner alone doesn’t decide it — the **next move and final count** do.",False
p368,4,Prompt,"Right — giving White **a8** looks scary.

But check the follow-up: after **b7 → White a8**, Black may be able to play near that corner safely because the corner is already gone. Ask yourself:

- Does White’s **a8** flip enough to matter?
- What Black reply restores control on the left/bottom area?
- Does White get many moves afterward, or are they cramped?

So the corner alone doesn’t decide it — the **next move and final count** do.",False
p393,0,Direct Instruction,"Look less at “how many do I flip now” and more at **what White gets next**.

You have four legal moves: **g2, b6, a7, c8**. Check:

- **g2**: it sits diagonally next to the empty **h1 corner** — could this give White access to h1?
- **a7 / b6**: look at the lower-left edge and the empty **b8** area — do they improve or reduce White’s options?
- **c8**: ask whether it keeps White’s replies limited and avoids handing over a corner.

Endgame habit: for each move, imagine White’s forced reply, then count who likely gets the last few empties. Mobility and corners matter more than the immediate flips.",False
p393,0,Hint,"Look less at “how many do I flip now” and more at **what White gets next**.

You have four legal moves: **g2, b6, a7, c8**. Check:

- **g2**: it sits diagonally next to the empty **h1 corner** — could this give White access to h1?
- **a7 / b6**: look at the lower-left edge and the empty **b8** area — do they improve or reduce White’s options?
- **c8**: ask whether it keeps White’s replies limited and avoids handing over a corner.

Endgame habit: for each move, imagine White’s forced reply, then count who likely gets the last few empties. Mobility and corners matter more than the immediate flips.",False
p393,0,Prompt,"Look less at “how many do I flip now” and more at **what White gets next**.

You have four legal moves: **g2, b6, a7, c8**. Check:

- **g2**: it sits diagonally next to the empty **h1 corner** — could this give White access to h1?
- **a7 / b6**: look at the lower-left edge and the empty **b8** area — do they improve or reduce White’s options?
- **c8**: ask whether it keeps White’s replies limited and avoids handing over a corner.

Endgame habit: for each move, imagine White’s forced reply, then count who likely gets the last few empties. Mobility and corners matter more than the immediate flips.",False
p393,1,Direct Instruction,"Yes, **g2 is allowed**.

You only need to trap White discs in **one straight direction**, not every direction.

If Black plays **g2**:

- Left along row 2: **f2 is White**, then **e2 is Black** → so **f2 flips**.
- Down the g-file: **g3, g4, g5, g6 are White**, then **g7 is Black** → those flip too.

The diagonal toward **a8** doesn’t matter unless it forms a valid trapped line; a move can be legal because of any one valid line.",False
p393,1,Positive Feedback,"Yes, **g2 is allowed**.

You only need to trap White discs in **one straight direction**, not every direction.

If Black plays **g2**:

- Left along row 2: **f2 is White**, then **e2 is Black** → so **f2 flips**.
- Down the g-file: **g3, g4, g5, g6 are White**, then **g7 is Black** → those flip too.

The diagonal toward **a8** doesn’t matter unless it forms a valid trapped line; a move can be legal because of any one valid line.",False
p393,2,Provide Correct Answer,"Yes — my recommendation is **c8**.

Reason: **g2 looks tempting because it flips a lot**, but it makes the **h1 corner** available to White: from **h1–g2–f3**, White would have your new black disc on g2 trapped against White at f3. Corners are permanent, so that’s a big gift.

**c8** is quieter: it flips less now, but it avoids handing White an immediate corner and keeps the endgame more controlled.",False
p393,2,Direct Instruction,"Yes — my recommendation is **c8**.

Reason: **g2 looks tempting because it flips a lot**, but it makes the **h1 corner** available to White: from **h1–g2–f3**, White would have your new black disc on g2 trapped against White at f3. Corners are permanent, so that’s a big gift.

**c8** is quieter: it flips less now, but it avoids handing White an immediate corner and keeps the endgame more controlled.",False
p393,3,Provide Correct Answer,"Play **a7**.

Why: it’s the safest endgame move here because it **doesn’t hand White the h1 corner** the way **g2** likely does, and it keeps the lower-left edge under better control. In this phase, avoiding a permanent corner giveaway matters more than flipping extra discs immediately.",False
p393,3,Direct Instruction,"Play **a7**.

Why: it’s the safest endgame move here because it **doesn’t hand White the h1 corner** the way **g2** likely does, and it keeps the lower-left edge under better control. In this phase, avoiding a permanent corner giveaway matters more than flipping extra discs immediately.",False
p284,0,Direct Instruction,"I’d pause on **g2**: it sits diagonally next to the empty corner **h1**.

If Black plays **g2**, White may be able to take **h1** next, and corners are permanent. Ask yourself: **which legal move keeps White away from a corner and limits White’s replies?**",False
p284,0,Hint,"I’d pause on **g2**: it sits diagonally next to the empty corner **h1**.

If Black plays **g2**, White may be able to take **h1** next, and corners are permanent. Ask yourself: **which legal move keeps White away from a corner and limits White’s replies?**",False
p284,0,Prompt,"I’d pause on **g2**: it sits diagonally next to the empty corner **h1**.

If Black plays **g2**, White may be able to take **h1** next, and corners are permanent. Ask yourself: **which legal move keeps White away from a corner and limits White’s replies?**",False
p284,0,Pose Simplified Problem,"I’d pause on **g2**: it sits diagonally next to the empty corner **h1**.

If Black plays **g2**, White may be able to take **h1** next, and corners are permanent. Ask yourself: **which legal move keeps White away from a corner and limits White’s replies?**",False
p284,1,Provide Correct Answer,"**b7** is better.

Why: it plays on the edge without immediately opening the dangerous **h1** corner like **g2** can, and it helps control the lower-left area while keeping White’s options tighter. In this endgame, that’s more important than flipping the most discs right now.",False
p284,1,Direct Instruction,"**b7** is better.

Why: it plays on the edge without immediately opening the dangerous **h1** corner like **g2** can, and it helps control the lower-left area while keeping White’s options tighter. In this endgame, that’s more important than flipping the most discs right now.",False
p284,2,Direct Instruction,"Use this quick endgame checklist:

1. **Corners first:** ask “Does my move give White a corner next?”  
   Here **g2** is risky because it touches the empty **h1** corner.

2. **Squares next to empty corners are dangerous:** avoid moves like **g2** unless you’ve checked White can’t take the corner.

3. **Mobility:** after your move, count White’s legal replies. A good move often leaves White with few bad choices.

4. **Edges can be stable:** edge moves like **b7/b8/a7** are often worth checking because they may become hard to flip.

5. **Don’t chase flips:** flipping many now can lose if it opens a corner or gives White the last big move.

For this board, the key question is: **which move does not open h1 and also keeps White constrained?**",False
p284,2,Pose Simplified Problem,"Use this quick endgame checklist:

1. **Corners first:** ask “Does my move give White a corner next?”  
   Here **g2** is risky because it touches the empty **h1** corner.

2. **Squares next to empty corners are dangerous:** avoid moves like **g2** unless you’ve checked White can’t take the corner.

3. **Mobility:** after your move, count White’s legal replies. A good move often leaves White with few bad choices.

4. **Edges can be stable:** edge moves like **b7/b8/a7** are often worth checking because they may become hard to flip.

5. **Don’t chase flips:** flipping many now can lose if it opens a corner or gives White the last big move.

For this board, the key question is: **which move does not open h1 and also keeps White constrained?**",False
p284,3,Provide Correct Answer,"Yes — **b7** is the best move here.

Main reason: it avoids giving White an easy corner, especially **h1**, while keeping Black’s edge options alive. Moves like **g2** are tempting but dangerous because they sit next to the empty corner **h1**.",False
p284,3,Direct Instruction,"Yes — **b7** is the best move here.

Main reason: it avoids giving White an easy corner, especially **h1**, while keeping Black’s edge options alive. Moves like **g2** are tempting but dangerous because they sit next to the empty corner **h1**.",False
p284,3,Positive Feedback,"Yes — **b7** is the best move here.

Main reason: it avoids giving White an easy corner, especially **h1**, while keeping Black’s edge options alive. Moves like **g2** are tempting but dangerous because they sit next to the empty corner **h1**.",False
p284,4,Direct Instruction,"You can take a corner **only if it is marked as a legal move**—meaning your disc there would trap at least one White line between the corner and another Black disc.

Strategically: **take a corner whenever you legally can**; corners can’t be flipped back.

On this board the corners are **a1, h1, a8, h8**, and none are legal for Black right now. So ask: “Which legal move avoids giving White one of those corners next?”",False
p284,4,Prompt,"You can take a corner **only if it is marked as a legal move**—meaning your disc there would trap at least one White line between the corner and another Black disc.

Strategically: **take a corner whenever you legally can**; corners can’t be flipped back.

On this board the corners are **a1, h1, a8, h8**, and none are legal for Black right now. So ask: “Which legal move avoids giving White one of those corners next?”",False
p284,5,Provide Correct Answer,"**g2** is good now.

Even though it’s next to the empty corner **h1**, it **does not give White h1** here, because White would need a line of White discs ending in a White disc through that corner line—and the nearby **h2/h3** are Black. So **g2** gains without handing over the corner.",False
p284,5,Direct Instruction,"**g2** is good now.

Even though it’s next to the empty corner **h1**, it **does not give White h1** here, because White would need a line of White discs ending in a White disc through that corner line—and the nearby **h2/h3** are Black. So **g2** gains without handing over the corner.",False
p284,6,Provide Correct Answer,"Play **b6**.

It’s strongest because it keeps control of the left side without giving White an easy corner, and it helps limit White’s replies. Be careful with **b8/c8** ideas because the empty **a8** corner is nearby.",False
p284,6,Direct Instruction,"Play **b6**.

It’s strongest because it keeps control of the left side without giving White an easy corner, and it helps limit White’s replies. Be careful with **b8/c8** ideas because the empty **a8** corner is nearby.",False
p284,7,Direct Instruction,"You’re right — my advice missed that danger. Sorry.

Now **a8 is White**, so the big thing is: don’t also hand over **h1**. Check the diagonal:

**h1–g2–f3–e4–d5–c6–b7–a8**

If you play **b7**, that can make **h1** available to White. So compare the other legal moves with that in mind.",False
p284,7,Hint,"You’re right — my advice missed that danger. Sorry.

Now **a8 is White**, so the big thing is: don’t also hand over **h1**. Check the diagonal:

**h1–g2–f3–e4–d5–c6–b7–a8**

If you play **b7**, that can make **h1** available to White. So compare the other legal moves with that in mind.",False
p284,7,Positive Feedback,"You’re right — my advice missed that danger. Sorry.

Now **a8 is White**, so the big thing is: don’t also hand over **h1**. Check the diagonal:

**h1–g2–f3–e4–d5–c6–b7–a8**

If you play **b7**, that can make **h1** available to White. So compare the other legal moves with that in mind.",False
p628,0,Direct Instruction,"If you mean playing **g2**: I’d be cautious.

That square is diagonally next to the empty corner **h1**. After Black plays **g2**, White may be able to take **h1**, and corners are permanent — they can’t be flipped back.

So before choosing g2, ask: *does this give White the top-right corner, and is the immediate flip worth that?* Usually in the endgame, handing over a corner is costly.",False
p628,0,Hint,"If you mean playing **g2**: I’d be cautious.

That square is diagonally next to the empty corner **h1**. After Black plays **g2**, White may be able to take **h1**, and corners are permanent — they can’t be flipped back.

So before choosing g2, ask: *does this give White the top-right corner, and is the immediate flip worth that?* Usually in the endgame, handing over a corner is costly.",False
p628,0,Prompt,"If you mean playing **g2**: I’d be cautious.

That square is diagonally next to the empty corner **h1**. After Black plays **g2**, White may be able to take **h1**, and corners are permanent — they can’t be flipped back.

So before choosing g2, ask: *does this give White the top-right corner, and is the immediate flip worth that?* Usually in the endgame, handing over a corner is costly.",False
p628,1,Provide Correct Answer,"The best move here is **b7**.

Why: it plays near the lower-left without immediately giving White an easy corner, and it keeps Black’s endgame result best. I would avoid **g2** because it risks opening the top-right corner **h1** for White.",False
p628,1,Direct Instruction,"The best move here is **b7**.

Why: it plays near the lower-left without immediately giving White an easy corner, and it keeps Black’s endgame result best. I would avoid **g2** because it risks opening the top-right corner **h1** for White.",False
p628,2,Direct Instruction,"I can’t tell for sure from the current image alone — Othello positions don’t mark the last move.

If you send the board from **before White moved**, I can compare them and identify White’s move. Right now, Black’s legal moves are **g2, b6, a7, c8**.",False
p628,2,Prompt,"I can’t tell for sure from the current image alone — Othello positions don’t mark the last move.

If you send the board from **before White moved**, I can compare them and identify White’s move. Right now, Black’s legal moves are **g2, b6, a7, c8**.",False
p628,3,Provide Correct Answer,"Still **not g2**. It sits next to the empty corner **h1**, so it can help White get that permanent corner.

I’d recommend **c8** now: it’s the best endgame move here and avoids handing White the top-right corner so easily.",False
p628,3,Direct Instruction,"Still **not g2**. It sits next to the empty corner **h1**, so it can help White get that permanent corner.

I’d recommend **c8** now: it’s the best endgame move here and avoids handing White the top-right corner so easily.",False
p628,3,Negative Feedback,"Still **not g2**. It sits next to the empty corner **h1**, so it can help White get that permanent corner.

I’d recommend **c8** now: it’s the best endgame move here and avoids handing White the top-right corner so easily.",False
p628,4,Hint,"Nice — after your move, Black has legal moves **g2, b6, a7**.

I’d still be wary of **g2** because it’s next to the empty corner **h1**. The key question now is: which move leaves White with the fewest good replies and doesn’t open a corner?",False
p628,4,Pose Simplified Problem,"Nice — after your move, Black has legal moves **g2, b6, a7**.

I’d still be wary of **g2** because it’s next to the empty corner **h1**. The key question now is: which move leaves White with the fewest good replies and doesn’t open a corner?",False
p628,4,Positive Feedback,"Nice — after your move, Black has legal moves **g2, b6, a7**.

I’d still be wary of **g2** because it’s next to the empty corner **h1**. The key question now is: which move leaves White with the fewest good replies and doesn’t open a corner?",False
p628,5,Provide Correct Answer,"**b6 is legal**, but I wouldn’t prefer it here — it flips several discs now, but may give White better replies.

I’d look at **a7** instead: it’s more controlled on the edge and seems better for the final count.",False
p628,5,Direct Instruction,"**b6 is legal**, but I wouldn’t prefer it here — it flips several discs now, but may give White better replies.

I’d look at **a7** instead: it’s more controlled on the edge and seems better for the final count.",False
p628,5,Neutral Feedback,"**b6 is legal**, but I wouldn’t prefer it here — it flips several discs now, but may give White better replies.

I’d look at **a7** instead: it’s more controlled on the edge and seems better for the final count.",False
p628,6,Provide Correct Answer,"Yes — **play a3**.

Why: **a3** controls the left edge and should leave White with very little mobility, possibly forcing a pass.  
Avoid **g2** because it gives White access to **h1**, and **a1** looks tempting as a corner but lets White use **a3** afterward.",False
p628,6,Direct Instruction,"Yes — **play a3**.

Why: **a3** controls the left edge and should leave White with very little mobility, possibly forcing a pass.  
Avoid **g2** because it gives White access to **h1**, and **a1** looks tempting as a corner but lets White use **a3** afterward.",False
p72,0,Provide Correct Answer,"Best move: **c8**.

Why: it’s the safest endgame move because it avoids giving White easy corner/edge gains, and it keeps Black’s final disc count best among the legal options. Moves like **a7** or **g2** are next to empty corners (**a8/h1**) and can be risky.",False
p72,0,Direct Instruction,"Best move: **c8**.

Why: it’s the safest endgame move because it avoids giving White easy corner/edge gains, and it keeps Black’s final disc count best among the legal options. Moves like **a7** or **g2** are next to empty corners (**a8/h1**) and can be risky.",False
p72,1,Direct Instruction,"Yes — **White can play b8 after Black c8** and flip **c8** back.

But that’s okay: **c8 was never “permanent”** — only corners are. The key is the follow-up: after White **b8**, Black can play **a7**, flipping back along the 7th row and gaining a strong edge count.

So the question isn’t “can White flip c8?” but “does that sequence leave Black with the best final count?” Here, **yes — c8 still holds up best.**",False
p72,2,Provide Correct Answer,"Yes — **in this current position, a7 is best**.

Key point: **a8 is already White**, so playing **a7** is *not* handing White an empty corner. It also flips along row 7 (**b7/c7**) and leaves White with less comfortable endgame options than **g2** or **b6**.",False
p72,2,Direct Instruction,"Yes — **in this current position, a7 is best**.

Key point: **a8 is already White**, so playing **a7** is *not* handing White an empty corner. It also flips along row 7 (**b7/c7**) and leaves White with less comfortable endgame options than **g2** or **b6**.",False
p72,2,Positive Feedback,"Yes — **in this current position, a7 is best**.

Key point: **a8 is already White**, so playing **a7** is *not* handing White an empty corner. It also flips along row 7 (**b7/c7**) and leaves White with less comfortable endgame options than **g2** or **b6**.",False
p72,3,Provide Correct Answer,"Play **a3**.

Even though **a1** is a corner, **a3** is stronger here because it leaves White with **no legal move** — White must **pass**, and then you still get to move again. This is a mobility/endgame win idea, not just “take the corner now.”",False
p72,3,Direct Instruction,"Play **a3**.

Even though **a1** is a corner, **a3** is stronger here because it leaves White with **no legal move** — White must **pass**, and then you still get to move again. This is a mobility/endgame win idea, not just “take the corner now.”",False
p72,4,Provide Correct Answer,"Yes — **play a1**.

It’s the corner, so it’s permanent, and with only **g2** left afterward you’re maximizing the final count. **g2 first** lets White take **a1**, which is too costly.",False
p72,4,Direct Instruction,"Yes — **play a1**.

It’s the corner, so it’s permanent, and with only **g2** left afterward you’re maximizing the final count. **g2 first** lets White take **a1**, which is too costly.",False
p72,5,Provide Correct Answer,"Yes — **h1**.

It’s the corner, so it can’t be flipped back. Also, if you play **g2** first, White gets **h1**; playing **h1** now should force White to have no move, then you take **g2** too.",False
p72,5,Direct Instruction,"Yes — **h1**.

It’s the corner, so it can’t be flipped back. Also, if you play **g2** first, White gets **h1**; playing **h1** now should force White to have no move, then you take **g2** too.",False
p72,5,Positive Feedback,"Yes — **h1**.

It’s the corner, so it can’t be flipped back. Also, if you play **g2** first, White gets **h1**; playing **h1** now should force White to have no move, then you take **g2** too.",False
p395,0,Direct Instruction,"G2 looks risky: it’s the “X-square” next to the empty corner h1.  

After Black plays g2, White may be able to take h1, and a corner is permanent. So before choosing g2, ask: **does it give White that corner, and do you get enough compensation afterward?**",False
p395,0,Hint,"G2 looks risky: it’s the “X-square” next to the empty corner h1.  

After Black plays g2, White may be able to take h1, and a corner is permanent. So before choosing g2, ask: **does it give White that corner, and do you get enough compensation afterward?**",False
p395,0,Prompt,"G2 looks risky: it’s the “X-square” next to the empty corner h1.  

After Black plays g2, White may be able to take h1, and a corner is permanent. So before choosing g2, ask: **does it give White that corner, and do you get enough compensation afterward?**",False
p395,1,Hint,"b6 is legal and fairly “quiet” — it only seems to flip c5.  

The key question: after b6, does White get a move that controls the bottom-left corner a8 area? Since a7/b7/b8 are all corner-adjacent, leaving that region unresolved can be costly. Compare how much mobility White has after b6 versus a move that restricts White there.",False
p395,1,Prompt,"b6 is legal and fairly “quiet” — it only seems to flip c5.  

The key question: after b6, does White get a move that controls the bottom-left corner a8 area? Since a7/b7/b8 are all corner-adjacent, leaving that region unresolved can be costly. Compare how much mobility White has after b6 versus a move that restricts White there.",False
p395,2,Direct Instruction,"Yes — the game is over because **there are 0 empty squares left**.

In Othello, the game ends when the board is full, or when neither player can move. Here the board is full, so there’s nothing left to play.

Final count: **Black 21, White 43** — White wins.",False
p395,3,Direct Instruction,"A move is legal only if the square is **empty** and placing there would trap at least one straight line of White discs between your new Black disc and an existing Black disc.

Here there are **no empty squares left** — the board is full. So Black has **no legal moves**, and White has none either. That’s why the game is over.

Final score by discs: **Black 21, White 43**.",False
p395,4,Direct Instruction,"“Trapping” means making a sandwich in a straight line.

A Black move is legal if, from the square you play, there is:

**your new Black disc → one or more White discs → an existing Black disc**

all in one straight direction: horizontal, vertical, or diagonal.

Example pattern:

`Black  White  White  [empty you play]`

If you play in the empty square, the Whites are trapped between Black discs, so they flip to Black.

But in your current board, there are **no empty squares**, so no one can place a disc anywhere. That’s why the game is over.",False
p161,0,Provide Correct Answer,"Best move for Black: **b7**.

Even though b7 is next to the empty corner **a8**, in this exact endgame it gives Black the best outcome. The key is not just the immediate flips, but that it preserves the strongest endgame sequence and limits White’s better replies compared with moves like **a7**, **b8**, or **c8**.

So if you want the optimal move here: **play b7**.",False
p161,0,Direct Instruction,"Best move for Black: **b7**.

Even though b7 is next to the empty corner **a8**, in this exact endgame it gives Black the best outcome. The key is not just the immediate flips, but that it preserves the strongest endgame sequence and limits White’s better replies compared with moves like **a7**, **b8**, or **c8**.

So if you want the optimal move here: **play b7**.",False
p161,1,Provide Correct Answer,"Yes — **b7 is the best move I’d trust here**.

This isn’t a “flip the most now” choice; it’s an endgame choice. The important points:

- **b7 flips the whole 7th row across to g7**, giving Black a strong edge structure.
- It does **not immediately give White a clean winning corner sequence** the way some other moves can.
- The alternatives like **a7, b8, c8, b6, g2** either give White better corner access or leave Black with worse mobility.

So if you want the **best possible move under endgame calculation**, play:

**b7**.",False
p161,1,Direct Instruction,"Yes — **b7 is the best move I’d trust here**.

This isn’t a “flip the most now” choice; it’s an endgame choice. The important points:

- **b7 flips the whole 7th row across to g7**, giving Black a strong edge structure.
- It does **not immediately give White a clean winning corner sequence** the way some other moves can.
- The alternatives like **a7, b8, c8, b6, g2** either give White better corner access or leave Black with worse mobility.

So if you want the **best possible move under endgame calculation**, play:

**b7**.",False
p161,1,Positive Feedback,"Yes — **b7 is the best move I’d trust here**.

This isn’t a “flip the most now” choice; it’s an endgame choice. The important points:

- **b7 flips the whole 7th row across to g7**, giving Black a strong edge structure.
- It does **not immediately give White a clean winning corner sequence** the way some other moves can.
- The alternatives like **a7, b8, c8, b6, g2** either give White better corner access or leave Black with worse mobility.

So if you want the **best possible move under endgame calculation**, play:

**b7**.",False
p161,2,Provide Correct Answer,"Play **c8**.

Why: among the legal moves (**g2, b6, a7, c8**), **c8** keeps Black’s best endgame result. It also plays on the bottom edge without opening a dangerous corner opportunity the way some edge-adjacent moves can.

We can plan the remaining Black turns, but White’s replies may change your legal moves. After you play **c8**, send the new board and I’ll give the next optimal move. If White has no legal move, White must **pass**, and Black moves again.",False
p161,2,Direct Instruction,"Play **c8**.

Why: among the legal moves (**g2, b6, a7, c8**), **c8** keeps Black’s best endgame result. It also plays on the bottom edge without opening a dangerous corner opportunity the way some edge-adjacent moves can.

We can plan the remaining Black turns, but White’s replies may change your legal moves. After you play **c8**, send the new board and I’ll give the next optimal move. If White has no legal move, White must **pass**, and Black moves again.",False
p161,2,Prompt,"Play **c8**.

Why: among the legal moves (**g2, b6, a7, c8**), **c8** keeps Black’s best endgame result. It also plays on the bottom edge without opening a dangerous corner opportunity the way some edge-adjacent moves can.

We can plan the remaining Black turns, but White’s replies may change your legal moves. After you play **c8**, send the new board and I’ll give the next optimal move. If White has no legal move, White must **pass**, and Black moves again.",False
p161,3,Provide Correct Answer,"Yes — **c8 is the move that best preserves Black’s result, assuming White replies optimally**, not just “probably.”

Why **c8** stands out:

- It takes a bottom-edge square and flips **d8**, strengthening Black’s bottom edge.
- It avoids immediately handing White a clean corner/edge swing.
- The other legal moves (**g2, b6, a7**) give White better chances to control the remaining empty squares.

So for maximum success here: **play c8**.",False
p161,3,Direct Instruction,"Yes — **c8 is the move that best preserves Black’s result, assuming White replies optimally**, not just “probably.”

Why **c8** stands out:

- It takes a bottom-edge square and flips **d8**, strengthening Black’s bottom edge.
- It avoids immediately handing White a clean corner/edge swing.
- The other legal moves (**g2, b6, a7**) give White better chances to control the remaining empty squares.

So for maximum success here: **play c8**.",False
p161,4,Provide Correct Answer,"Yes — this is still playing out well for Black. The key now is to avoid giving White an easy swing in the remaining empties.

Best move now: **a7**.

Why: **a7** flips along row 7 and takes a stable edge square next to White’s already-owned **a8** corner, so it doesn’t “give away” a new corner. The other options, **g2** and **b6**, leave White with more useful replies.",False
p161,4,Direct Instruction,"Yes — this is still playing out well for Black. The key now is to avoid giving White an easy swing in the remaining empties.

Best move now: **a7**.

Why: **a7** flips along row 7 and takes a stable edge square next to White’s already-owned **a8** corner, so it doesn’t “give away” a new corner. The other options, **g2** and **b6**, leave White with more useful replies.",False
p161,5,Direct Instruction,"You are **Black**, so yes: the goal is to finish with **more black discs than white discs** when the board is full.

Empty squares don’t count; if a player has no legal move, they **pass**. In this 4-empty endgame, the right move is the one that gives Black the best **final disc count**, not necessarily the one that flips the most immediately.",False
p161,6,Direct Instruction,"Yes — **White is currently ahead on the board count**: about **40 white vs 20 black**, with 4 empties.

But in Othello endgames, the current count can swing a lot because one move can flip long lines. So the plan isn’t judged until the final 4 squares are resolved.

Right now Black still has legal moves at **a1, g2, a3**. This position is about choosing the move that gives the best final count, not the biggest immediate flip.",False
p161,6,Hint,"Yes — **White is currently ahead on the board count**: about **40 white vs 20 black**, with 4 empties.

But in Othello endgames, the current count can swing a lot because one move can flip long lines. So the plan isn’t judged until the final 4 squares are resolved.

Right now Black still has legal moves at **a1, g2, a3**. This position is about choosing the move that gives the best final count, not the biggest immediate flip.",False
p161,7,Provide Correct Answer,"The optimal move here is **a3**.

Why it’s best:
- **a1 is a corner**, but playing it now gives White strong replies into the remaining shape.
- **g2** is too isolated and doesn’t improve your final count enough.
- **a3** flips along the left side and gives Black the strongest finish from this position.

So play: **a3**.",False
p161,7,Direct Instruction,"The optimal move here is **a3**.

Why it’s best:
- **a1 is a corner**, but playing it now gives White strong replies into the remaining shape.
- **g2** is too isolated and doesn’t improve your final count enough.
- **a3** flips along the left side and gives Black the strongest finish from this position.

So play: **a3**.",False
p161,8,Provide Correct Answer,"Play **a1**.

It’s the corner, so it becomes **permanent/stable**, and it’s the move that keeps Black’s best final result here. **g2** is legal, but it gives up the chance to secure that corner.

So final play: **a1**.",False
p161,8,Direct Instruction,"Play **a1**.

It’s the corner, so it becomes **permanent/stable**, and it’s the move that keeps Black’s best final result here. **g2** is legal, but it gives up the chance to secure that corner.

So final play: **a1**.",False
p161,9,Provide Correct Answer,"Play **h1**.

It’s the corner, and it flips the whole top row from **g1 through b1** back to Black. After that, if White has no legal move, they pass and you should then take **g2** as the last square.",False
p161,9,Direct Instruction,"Play **h1**.

It’s the corner, and it flips the whole top row from **g1 through b1** back to Black. After that, if White has no legal move, they pass and you should then take **g2** as the last square.",False
p463,0,Direct Instruction,"Game over — there are 0 empty squares.

Final count: **Black 17, White 47**.  
So **White wins by 30 discs**.",False
p463,1,Direct Instruction,"Game over — no empty squares and no moves.

Final count: **Black 17, White 47**.  
**White wins by 30.**",False
p463,2,Direct Instruction,"Game over — there are **0 empty squares**.

Final count: **Black 17, White 47**.  
So **White wins by 30 discs**.",False
p463,3,Direct Instruction,"Game over — no empty squares and no legal moves.

Final count: **Black 17, White 47**.  
**White wins by 30.**",False
p463,4,Direct Instruction,"Game over — no empty squares.

Final count: **Black 17, White 47**.  
**White wins by 30.**",False
p463,5,Direct Instruction,"Game over — there are no empty squares and Black has no move.

Final count: **Black 17, White 47**.  
**White wins by 30.**",False
p240,0,Direct Instruction,"The board is full, so there’s no move to choose and the game is over.

If you want, we can count the final discs together to see the result.",False
p240,0,Prompt,"The board is full, so there’s no move to choose and the game is over.

If you want, we can count the final discs together to see the result.",False
p240,1,Direct Instruction,"There are **0 empty squares**, so the game is finished. Black has no move.

You don’t need to do anything except **count discs**:

- **Black:** 22
- **White:** 42

So **White wins by 20 discs**.",False
p240,2,Direct Instruction,"There are **no legal moves** and **0 empty squares**, so the game is over.

If the study system says “engage for 3 more turns,” you likely just need to **send a few messages**. You can say things like:

1. “No legal moves—game over.”  
2. “I would pass if the game allowed it.”  
3. “Final board is full; count discs to decide winner.”

There is **no square for Black to play** here.",False
p240,3,Direct Instruction,"Exactly — **no legal moves, board full, game over**.

If you need one more engagement message:  
**“I can’t play a square because Black has no legal moves and there are no empty squares.”**",False
p240,3,Positive Feedback,"Exactly — **no legal moves, board full, game over**.

If you need one more engagement message:  
**“I can’t play a square because Black has no legal moves and there are no empty squares.”**",False
p240,4,Direct Instruction,"Yes — this position is **finished**.

- **0 empty squares**
- **Black may play: none**
- So Black has no legal move, and the board is full.

Final count from the board:
- **Black: 22**
- **White: 42**

**White wins by 20.**",False
p823,0,Provide Correct Answer,"I’d play **b6**.

Why: it’s a solid endgame move that doesn’t immediately step onto the risky squares right beside the **a8 corner** like **a7** or **b8**. The other move I’d seriously consider is **b7**, but if you want one: **b6**.",False
p823,0,Direct Instruction,"I’d play **b6**.

Why: it’s a solid endgame move that doesn’t immediately step onto the risky squares right beside the **a8 corner** like **a7** or **b8**. The other move I’d seriously consider is **b7**, but if you want one: **b6**.",False
p823,1,Provide Correct Answer,"Now I’d choose **a8**.

It’s the **corner**, so once Black takes it, that disc can never be flipped back. The other legal moves (**a7** or **b8**) are next to that corner and are usually risky because they can let White take **a8** instead.",False
p823,1,Direct Instruction,"Now I’d choose **a8**.

It’s the **corner**, so once Black takes it, that disc can never be flipped back. The other legal moves (**a7** or **b8**) are next to that corner and are usually risky because they can let White take **a8** instead.",False
p823,2,Direct Instruction,"Sorry — that’s frustrating.

Final count from the board: **Black 20, White 44**, so White won by **24**.

The key lesson from this ending: even taking **a8** didn’t help because White already controlled so much of the board and Black had too few stable discs/mobility earlier. In endgames, the “best” move is often the one that gives the opponent the fewest good replies, not just the corner or the biggest flip.

If you want, send the position from **before b6/a8**, and we can count out the better line.",False
p823,2,Pose Simplified Problem,"Sorry — that’s frustrating.

Final count from the board: **Black 20, White 44**, so White won by **24**.

The key lesson from this ending: even taking **a8** didn’t help because White already controlled so much of the board and Black had too few stable discs/mobility earlier. In endgames, the “best” move is often the one that gives the opponent the fewest good replies, not just the corner or the biggest flip.

If you want, send the position from **before b6/a8**, and we can count out the better line.",False
p823,2,Neutral Feedback,"Sorry — that’s frustrating.

Final count from the board: **Black 20, White 44**, so White won by **24**.

The key lesson from this ending: even taking **a8** didn’t help because White already controlled so much of the board and Black had too few stable discs/mobility earlier. In endgames, the “best” move is often the one that gives the opponent the fewest good replies, not just the corner or the biggest flip.

If you want, send the position from **before b6/a8**, and we can count out the better line.",False
p823,3,Direct Instruction,"Game is over — no empty squares.

From this board I count: **Black 21, White 43**, so White wins by **22**.

Main takeaway: Black got squeezed into low-mobility moves late, and White ended with lots of stable edge/corner control. If you send the position a few moves earlier, we can look for the turning point.",False
p823,3,Prompt,"Game is over — no empty squares.

From this board I count: **Black 21, White 43**, so White wins by **22**.

Main takeaway: Black got squeezed into low-mobility moves late, and White ended with lots of stable edge/corner control. If you send the position a few moves earlier, we can look for the turning point.",False
p823,4,Direct Instruction,"Tips for the next one:

- **Don’t chase big flips early.** Big flips often give White more moves and easy targets.
- **Corners are gold**: **a1, h1, a8, h8** can never be flipped.
- **Avoid “corner-adjacent” squares** unless the corner is already safe:  
  - X-squares: **b2, g2, b7, g7**  
  - C-squares: **a2, b1, g1, h2, a7, b8, g8, h7**
- **Think mobility**: ask, “After my move, how many good moves does White have?”
- **Edges can be good**, but only if they don’t hand over a corner.
- **In the endgame, count or preview**: sometimes the best move flips fewer now but wins more discs after the final replies.

Simple rule of thumb: **corners > mobility > safe edges > big flips**.",False
p823,4,Hint,"Tips for the next one:

- **Don’t chase big flips early.** Big flips often give White more moves and easy targets.
- **Corners are gold**: **a1, h1, a8, h8** can never be flipped.
- **Avoid “corner-adjacent” squares** unless the corner is already safe:  
  - X-squares: **b2, g2, b7, g7**  
  - C-squares: **a2, b1, g1, h2, a7, b8, g8, h7**
- **Think mobility**: ask, “After my move, how many good moves does White have?”
- **Edges can be good**, but only if they don’t hand over a corner.
- **In the endgame, count or preview**: sometimes the best move flips fewer now but wins more discs after the final replies.

Simple rule of thumb: **corners > mobility > safe edges > big flips**.",False
p823,4,Prompt,"Tips for the next one:

- **Don’t chase big flips early.** Big flips often give White more moves and easy targets.
- **Corners are gold**: **a1, h1, a8, h8** can never be flipped.
- **Avoid “corner-adjacent” squares** unless the corner is already safe:  
  - X-squares: **b2, g2, b7, g7**  
  - C-squares: **a2, b1, g1, h2, a7, b8, g8, h7**
- **Think mobility**: ask, “After my move, how many good moves does White have?”
- **Edges can be good**, but only if they don’t hand over a corner.
- **In the endgame, count or preview**: sometimes the best move flips fewer now but wins more discs after the final replies.

Simple rule of thumb: **corners > mobility > safe edges > big flips**.",False
ovieCommemorationRandomPackTCG,0,Provide Correct Answer,"I’d suggest **c8**.

Why: it’s an endgame “quiet” edge move — it flips only a little now, but it **doesn’t give White an easy corner** like **h1** or **a1**, and it keeps Black’s position solid for the final few moves.  

I’d be especially cautious about **g2**, because it sits next to the empty **h1 corner**; those “next-to-corner” moves often let White take a permanent corner later.",False
ovieCommemorationRandomPackTCG,0,Direct Instruction,"I’d suggest **c8**.

Why: it’s an endgame “quiet” edge move — it flips only a little now, but it **doesn’t give White an easy corner** like **h1** or **a1**, and it keeps Black’s position solid for the final few moves.  

I’d be especially cautious about **g2**, because it sits next to the empty **h1 corner**; those “next-to-corner” moves often let White take a permanent corner later.",False
ovieCommemorationRandomPackTCG,1,Provide Correct Answer,"Play **a7**.

Why:
- It flips along the **left edge / row 7** without giving White the empty **h1 corner**.
- Avoid **g2**: it’s next to the empty **h1 corner**, and those squares often let White take a permanent corner.
- The many white discs happened because in the endgame a single move can flip long lines — don’t panic; the key is the **final count**, not who has more right now.",False
ovieCommemorationRandomPackTCG,1,Direct Instruction,"Play **a7**.

Why:
- It flips along the **left edge / row 7** without giving White the empty **h1 corner**.
- Avoid **g2**: it’s next to the empty **h1 corner**, and those squares often let White take a permanent corner.
- The many white discs happened because in the endgame a single move can flip long lines — don’t panic; the key is the **final count**, not who has more right now.",False
ovieCommemorationRandomPackTCG,2,Provide Correct Answer,"White appears to have taken **a8**, the bottom-left corner.

Counter: play **a3**.

Why: **a3** flips back a diagonal line and keeps you away from the dangerous **g2** square next to the empty **h1 corner**. Avoid **g2** unless forced, because it can hand White that corner.",False
ovieCommemorationRandomPackTCG,2,Direct Instruction,"White appears to have taken **a8**, the bottom-left corner.

Counter: play **a3**.

Why: **a3** flips back a diagonal line and keeps you away from the dangerous **g2** square next to the empty **h1 corner**. Avoid **g2** unless forced, because it can hand White that corner.",False
ovieCommemorationRandomPackTCG,3,Provide Correct Answer,"Play **a1**.

Why: **a1 is a corner**, so once you take it, it can’t be flipped back. **g2** is not a corner and is next to the empty **h1 corner**, so it’s much less safe in the endgame.",False
ovieCommemorationRandomPackTCG,3,Direct Instruction,"Play **a1**.

Why: **a1 is a corner**, so once you take it, it can’t be flipped back. **g2** is not a corner and is next to the empty **h1 corner**, so it’s much less safe in the endgame.",False
ovieCommemorationRandomPackTCG,4,Provide Correct Answer,"Yes — play **h1**.

It’s a **corner**, so it can’t be flipped back. If you play **g2** instead, you leave White the chance to take **h1**, which is permanent and likely worse for the final count.",False
ovieCommemorationRandomPackTCG,4,Direct Instruction,"Yes — play **h1**.

It’s a **corner**, so it can’t be flipped back. If you play **g2** instead, you leave White the chance to take **h1**, which is permanent and likely worse for the final count.",False
ovieCommemorationRandomPackTCG,4,Positive Feedback,"Yes — play **h1**.

It’s a **corner**, so it can’t be flipped back. If you play **g2** instead, you leave White the chance to take **h1**, which is permanent and likely worse for the final count.",False
