pid,utt_ind,act_type,text,needs_review,outcome
p542,0,Hint,"Your column 2 idea is legal: it would land at **row 3, column 2** and make a **vertical three** for Red in column 2.

Two quick questions to check it:

- After you play there, is **row 4, column 2** playable next turn for a win, or can Yellow simply block it?
- Does Yellow have a stronger diagonal/central threat that your move doesn’t address?

I’d compare it with a move that either creates a threat Yellow *must* answer or improves your central/diagonal connections.",False,lost
p542,0,Prompt,"Your column 2 idea is legal: it would land at **row 3, column 2** and make a **vertical three** for Red in column 2.

Two quick questions to check it:

- After you play there, is **row 4, column 2** playable next turn for a win, or can Yellow simply block it?
- Does Yellow have a stronger diagonal/central threat that your move doesn’t address?

I’d compare it with a move that either creates a threat Yellow *must* answer or improves your central/diagonal connections.",False,lost
p542,0,Paraphrase,"Your column 2 idea is legal: it would land at **row 3, column 2** and make a **vertical three** for Red in column 2.

Two quick questions to check it:

- After you play there, is **row 4, column 2** playable next turn for a win, or can Yellow simply block it?
- Does Yellow have a stronger diagonal/central threat that your move doesn’t address?

I’d compare it with a move that either creates a threat Yellow *must* answer or improves your central/diagonal connections.",False,lost
p542,1,Provide Correct Answer,"Yes — I’d recommend **column 4** instead.

Why: playing **C4** lands at **row 4, column 4**, building on your central Red piece at **C4 row 3** and creating stronger future threats. Your **C2** move makes a vertical three, but it’s fairly easy for Yellow to see and block on the next turn.",False,lost
p542,1,Direct Instruction,"Yes — I’d recommend **column 4** instead.

Why: playing **C4** lands at **row 4, column 4**, building on your central Red piece at **C4 row 3** and creating stronger future threats. Your **C2** move makes a vertical three, but it’s fairly easy for Yellow to see and block on the next turn.",False,lost
p542,1,Paraphrase,"Yes — I’d recommend **column 4** instead.

Why: playing **C4** lands at **row 4, column 4**, building on your central Red piece at **C4 row 3** and creating stronger future threats. Your **C2** move makes a vertical three, but it’s fairly easy for Yellow to see and block on the next turn.",False,lost
p542,1,Negative Feedback,"Yes — I’d recommend **column 4** instead.

Why: playing **C4** lands at **row 4, column 4**, building on your central Red piece at **C4 row 3** and creating stronger future threats. Your **C2** move makes a vertical three, but it’s fairly easy for Yellow to see and block on the next turn.",False,lost
p542,2,Provide Correct Answer,"Yes — you spotted it. Yellow is threatening the diagonal **C7R1–C6R2–C5R3–C4R4**, so if Red doesn’t play **column 4** now, Yellow can win by dropping into **C4R4**.

So your priority is to **block at column 4**.",False,lost
p542,2,Direct Instruction,"Yes — you spotted it. Yellow is threatening the diagonal **C7R1–C6R2–C5R3–C4R4**, so if Red doesn’t play **column 4** now, Yellow can win by dropping into **C4R4**.

So your priority is to **block at column 4**.",False,lost
p542,2,Positive Feedback,"Yes — you spotted it. Yellow is threatening the diagonal **C7R1–C6R2–C5R3–C4R4**, so if Red doesn’t play **column 4** now, Yellow can win by dropping into **C4R4**.

So your priority is to **block at column 4**.",False,lost
p542,3,Direct Instruction,"Column 3 is a useful-looking move, but double-check the “block” part:

- If you play **C3**, it lands at **row 3**, giving you Red on **C2R2–C3R3–C4R4** diagonally.
- But ask: is Yellow’s diagonal actually still live if **C4R4 is already Red**?
- Also, does C3 create a threat Yellow *must* answer next move, or can Yellow ignore it and make their own threat?

I’d look for the move that creates the most forcing threat, not just a nice-looking three.",False,lost
p542,3,Prompt,"Column 3 is a useful-looking move, but double-check the “block” part:

- If you play **C3**, it lands at **row 3**, giving you Red on **C2R2–C3R3–C4R4** diagonally.
- But ask: is Yellow’s diagonal actually still live if **C4R4 is already Red**?
- Also, does C3 create a threat Yellow *must* answer next move, or can Yellow ignore it and make their own threat?

I’d look for the move that creates the most forcing threat, not just a nice-looking three.",False,lost
p542,4,Hint,"Good instinct to avoid a move that lets Yellow answer your main threat for free.

For your next candidate, ask: **what move lands on row 4 and connects with your Red pieces at C4R3/C4R4 and C6R3?** That kind of move may create a more forcing threat than simply extending a visible three.",False,lost
p542,4,Prompt,"Good instinct to avoid a move that lets Yellow answer your main threat for free.

For your next candidate, ask: **what move lands on row 4 and connects with your Red pieces at C4R3/C4R4 and C6R3?** That kind of move may create a more forcing threat than simply extending a visible three.",False,lost
p542,4,Positive Feedback,"Good instinct to avoid a move that lets Yellow answer your main threat for free.

For your next candidate, ask: **what move lands on row 4 and connects with your Red pieces at C4R3/C4R4 and C6R3?** That kind of move may create a more forcing threat than simply extending a visible three.",False,lost
p542,5,Provide Correct Answer,"Yes — **column 5 looks strong**.

It lands at **C5R4**, which:
- connects with your Red at **C4R4** for a growing horizontal threat,
- gives you diagonal/central control,
- and importantly doesn’t hand Yellow an immediate block-and-win tempo.

I’d choose **column 5** here.",False,lost
p542,5,Direct Instruction,"Yes — **column 5 looks strong**.

It lands at **C5R4**, which:
- connects with your Red at **C4R4** for a growing horizontal threat,
- gives you diagonal/central control,
- and importantly doesn’t hand Yellow an immediate block-and-win tempo.

I’d choose **column 5** here.",False,lost
p542,5,Positive Feedback,"Yes — **column 5 looks strong**.

It lands at **C5R4**, which:
- connects with your Red at **C4R4** for a growing horizontal threat,
- gives you diagonal/central control,
- and importantly doesn’t hand Yellow an immediate block-and-win tempo.

I’d choose **column 5** here.",False,lost
p201,0,Hint,"Column 3 would indeed land at **3-3**.

Before choosing it, ask yourself:

- What **Red threat** does 3-3 create? Is Yellow forced to respond?
- Does it help stop Yellow’s strongest central shape around **columns 3–6 / rows 1–2**?
- With only **3 moves left**, you probably want a move that creates a clear threat or sets up a double threat—not just adds a disc.

What line are you hoping 3-3 will build?",False,won
p201,0,Prompt,"Column 3 would indeed land at **3-3**.

Before choosing it, ask yourself:

- What **Red threat** does 3-3 create? Is Yellow forced to respond?
- Does it help stop Yellow’s strongest central shape around **columns 3–6 / rows 1–2**?
- With only **3 moves left**, you probably want a move that creates a clear threat or sets up a double threat—not just adds a disc.

What line are you hoping 3-3 will build?",False,won
p201,0,Paraphrase,"Column 3 would indeed land at **3-3**.

Before choosing it, ask yourself:

- What **Red threat** does 3-3 create? Is Yellow forced to respond?
- Does it help stop Yellow’s strongest central shape around **columns 3–6 / rows 1–2**?
- With only **3 moves left**, you probably want a move that creates a clear threat or sets up a double threat—not just adds a disc.

What line are you hoping 3-3 will build?",False,won
p201,1,Direct Instruction,"Yes — your idea makes sense.

Putting Red in **column 3** lands at **3-3** and does two useful things:

- It **blocks Yellow’s diagonal idea** involving **4-2, 5-3**.
- It gives Red a stronger central stack/connection around **3-1, 3-3, 5-2, 6-3** to build from.

Since you only have **2 moves left**, look for moves that either **stop an immediate Yellow threat** or create a threat Yellow must answer. Column **3** looks like it fits that plan well.",False,won
p201,1,Hint,"Yes — your idea makes sense.

Putting Red in **column 3** lands at **3-3** and does two useful things:

- It **blocks Yellow’s diagonal idea** involving **4-2, 5-3**.
- It gives Red a stronger central stack/connection around **3-1, 3-3, 5-2, 6-3** to build from.

Since you only have **2 moves left**, look for moves that either **stop an immediate Yellow threat** or create a threat Yellow must answer. Column **3** looks like it fits that plan well.",False,won
p201,1,Paraphrase,"Yes — your idea makes sense.

Putting Red in **column 3** lands at **3-3** and does two useful things:

- It **blocks Yellow’s diagonal idea** involving **4-2, 5-3**.
- It gives Red a stronger central stack/connection around **3-1, 3-3, 5-2, 6-3** to build from.

Since you only have **2 moves left**, look for moves that either **stop an immediate Yellow threat** or create a threat Yellow must answer. Column **3** looks like it fits that plan well.",False,won
p201,1,Positive Feedback,"Yes — your idea makes sense.

Putting Red in **column 3** lands at **3-3** and does two useful things:

- It **blocks Yellow’s diagonal idea** involving **4-2, 5-3**.
- It gives Red a stronger central stack/connection around **3-1, 3-3, 5-2, 6-3** to build from.

Since you only have **2 moves left**, look for moves that either **stop an immediate Yellow threat** or create a threat Yellow must answer. Column **3** looks like it fits that plan well.",False,won
p201,2,Provide Correct Answer,"Best next move: **column 3**.

It lands at **3-4** and creates a clear Red threat: next turn Red could play **column 4** to land at **4-3**, completing the diagonal:

**3-4 → 4-3 → 5-2 → 6-1**

So Yellow will likely have to answer that.",False,won
p201,2,Direct Instruction,"Best next move: **column 3**.

It lands at **3-4** and creates a clear Red threat: next turn Red could play **column 4** to land at **4-3**, completing the diagonal:

**3-4 → 4-3 → 5-2 → 6-1**

So Yellow will likely have to answer that.",False,won
p226,0,Provide Correct Answer,"Play **column 4**.

That drops Red into **row 3, column 4**, the key central square. It’s the only move here that keeps Red’s forced win alive; other moves let Yellow defend or create counter-threats.",False,won
p226,0,Direct Instruction,"Play **column 4**.

That drops Red into **row 3, column 4**, the key central square. It’s the only move here that keeps Red’s forced win alive; other moves let Yellow defend or create counter-threats.",False,won
p226,1,Direct Instruction,"After **Red plays 4**, the key idea is a **diagonal threat that uses column 3**:

- Red at **c4 r3** would line up with **c5 r2** and **c6 r1**.
- So Red wants to win by later playing **c3 r4**.

The forcing pattern is:

1. **R: 4**
2. Then Red aims to play **5**, making a horizontal threat on row 3: **c4–c5–c6**, needing **c3 r3**.
3. If Yellow blocks at **c3 r3**, then Red plays **c3 r4** and wins on the diagonal:  
   **c3 r4 – c4 r3 – c5 r2 – c6 r1**.

So column **4** sets up a threat where Yellow’s block can become the support for Red’s winning diagonal.",False,won
p226,2,Provide Correct Answer,"Play **column 5**.

That puts Red at **c5 r4**, which creates the immediate diagonal threat:

- **c2 r1 – c3 r2 – c4 r3 – c5 r4**

So Red wins right away by completing that diagonal.",False,won
p226,2,Direct Instruction,"Play **column 5**.

That puts Red at **c5 r4**, which creates the immediate diagonal threat:

- **c2 r1 – c3 r2 – c4 r3 – c5 r4**

So Red wins right away by completing that diagonal.",False,won
p310,0,Direct Instruction,"Column 3 would land at **c3, row 3**.

Threats I see:

- **Red:** You already have two stacked in **column 2** (rows 1–2), so column 2 could become a vertical threat later.
- **Red if c3:** it makes a diagonal shape with **c2-r2 → c3-r3**, but it’s only a 2-in-a-row, not an immediate threat.
- **Yellow:** has a dangerous diagonal idea from **c7-r1 → c6-r2 → c5-r3 → c4-r4** if they can build it.
- **Yellow:** also has stacked yellows in **column 4** at rows 1–2, so watch that column.

So: **column 3 doesn’t immediately win or create a must-block threat.** I’d ask: after you play c3, what move would Yellow make to stop your longer-term plan or create theirs?",False,won
p310,0,Prompt,"Column 3 would land at **c3, row 3**.

Threats I see:

- **Red:** You already have two stacked in **column 2** (rows 1–2), so column 2 could become a vertical threat later.
- **Red if c3:** it makes a diagonal shape with **c2-r2 → c3-r3**, but it’s only a 2-in-a-row, not an immediate threat.
- **Yellow:** has a dangerous diagonal idea from **c7-r1 → c6-r2 → c5-r3 → c4-r4** if they can build it.
- **Yellow:** also has stacked yellows in **column 4** at rows 1–2, so watch that column.

So: **column 3 doesn’t immediately win or create a must-block threat.** I’d ask: after you play c3, what move would Yellow make to stop your longer-term plan or create theirs?",False,won
p310,1,Provide Correct Answer,"I’d suggest **column 4**.

Why: playing in column 4 lands at **c4-r3**, giving Red a strong diagonal line:

- **c4-r3 → c5-r2 → c6-r1**

That creates a clear threat to extend on the other side later at **c3-r4**. It also helps control the center, which is usually valuable.

So yes: **I’d play column 4 rather than column 3.**",False,won
p310,1,Direct Instruction,"I’d suggest **column 4**.

Why: playing in column 4 lands at **c4-r3**, giving Red a strong diagonal line:

- **c4-r3 → c5-r2 → c6-r1**

That creates a clear threat to extend on the other side later at **c3-r4**. It also helps control the center, which is usually valuable.

So yes: **I’d play column 4 rather than column 3.**",False,won
p310,2,Provide Correct Answer,"Yes — **play column 4 now**.

It lands at **column 4, row 4**, stacking above your red at **4-r3** and, importantly, it keeps Yellow from getting useful counterplay in the center. With only **2 moves left**, this is the move that preserves Red’s forced win chances.",False,won
p310,2,Direct Instruction,"Yes — **play column 4 now**.

It lands at **column 4, row 4**, stacking above your red at **4-r3** and, importantly, it keeps Yellow from getting useful counterplay in the center. With only **2 moves left**, this is the move that preserves Red’s forced win chances.",False,won
p310,3,Provide Correct Answer,"Since you have **1 move left**, look for the move that creates or completes the most forcing threat.

Key thing to notice: Red already has a diagonal setup involving **c6-r3, c5-r2, c4-r1/4 area**, and Yellow has center pressure. Ask yourself: which column lets Red make an immediate 4 or unavoidable threat rather than just blocking?

If you want the direct move: **column 5**.",False,won
p310,3,Direct Instruction,"Since you have **1 move left**, look for the move that creates or completes the most forcing threat.

Key thing to notice: Red already has a diagonal setup involving **c6-r3, c5-r2, c4-r1/4 area**, and Yellow has center pressure. Ask yourself: which column lets Red make an immediate 4 or unavoidable threat rather than just blocking?

If you want the direct move: **column 5**.",False,won
p310,3,Hint,"Since you have **1 move left**, look for the move that creates or completes the most forcing threat.

Key thing to notice: Red already has a diagonal setup involving **c6-r3, c5-r2, c4-r1/4 area**, and Yellow has center pressure. Ask yourself: which column lets Red make an immediate 4 or unavoidable threat rather than just blocking?

If you want the direct move: **column 5**.",False,won
p310,3,Prompt,"Since you have **1 move left**, look for the move that creates or completes the most forcing threat.

Key thing to notice: Red already has a diagonal setup involving **c6-r3, c5-r2, c4-r1/4 area**, and Yellow has center pressure. Ask yourself: which column lets Red make an immediate 4 or unavoidable threat rather than just blocking?

If you want the direct move: **column 5**.",False,won
p310,4,Provide Correct Answer,"Column 5 looks safe here.

- It lands at **c5-r4**.
- Yellow does **not** get an immediate 4-in-a-row reply from it.
- It also strengthens Red’s diagonal/horizontal pressure around **c4-r4, c5-r4, c6-r3**.

Main risk would be playing somewhere else and letting Yellow stabilize/block; **column 5 is the move that keeps your winning chances.**",False,won
p310,4,Direct Instruction,"Column 5 looks safe here.

- It lands at **c5-r4**.
- Yellow does **not** get an immediate 4-in-a-row reply from it.
- It also strengthens Red’s diagonal/horizontal pressure around **c4-r4, c5-r4, c6-r3**.

Main risk would be playing somewhere else and letting Yellow stabilize/block; **column 5 is the move that keeps your winning chances.**",False,won
p847,0,Hint,"Yes — from this position, your last move seems to have kept Red’s winning chances alive.

Now the key question: **can you make a move that creates more than one threat at once**, so Yellow can’t block everything? Focus on the center columns and check what happens if Red builds upward/diagonally there.",False,won
p847,0,Prompt,"Yes — from this position, your last move seems to have kept Red’s winning chances alive.

Now the key question: **can you make a move that creates more than one threat at once**, so Yellow can’t block everything? Focus on the center columns and check what happens if Red builds upward/diagonally there.",False,won
p773,0,Direct Instruction,"I don’t see any **immediate 1-move win threats** for either side right now.

Developing threats to notice:
- **Yellow** has two stacked in **column 4** at rows 1–2, so column 4 could become a vertical danger later.
- **Yellow** also has diagonal ideas like **c7r1–c6r2–c5r3–c4r4** if those squares get filled correctly.
- **Red** has two stacked in **column 2** and a bottom-row pair at **c2–c3**, but not yet a direct winning threat.

So the key is: no urgent block, but watch how your move may create or allow a future threat.",False,lost
p773,0,Hint,"I don’t see any **immediate 1-move win threats** for either side right now.

Developing threats to notice:
- **Yellow** has two stacked in **column 4** at rows 1–2, so column 4 could become a vertical danger later.
- **Yellow** also has diagonal ideas like **c7r1–c6r2–c5r3–c4r4** if those squares get filled correctly.
- **Red** has two stacked in **column 2** and a bottom-row pair at **c2–c3**, but not yet a direct winning threat.

So the key is: no urgent block, but watch how your move may create or allow a future threat.",False,lost
p773,1,Provide Correct Answer,"Yes — the best move **now** is **column 4**.

Why: Yellow has a vertical build in **c4 r1–r2**, so playing **c4** both blocks that and creates Red’s strongest continuation.

For the “next 3 moves,” use this plan:
1. **Red: 4**
2. Then watch Yellow’s reply.
3. Look for chances to build the diagonal involving **c6r1–c5r2–c4r3**, especially by preparing **c3r4**.",False,lost
p773,1,Direct Instruction,"Yes — the best move **now** is **column 4**.

Why: Yellow has a vertical build in **c4 r1–r2**, so playing **c4** both blocks that and creates Red’s strongest continuation.

For the “next 3 moves,” use this plan:
1. **Red: 4**
2. Then watch Yellow’s reply.
3. Look for chances to build the diagonal involving **c6r1–c5r2–c4r3**, especially by preparing **c3r4**.",False,lost
p773,1,Hint,"Yes — the best move **now** is **column 4**.

Why: Yellow has a vertical build in **c4 r1–r2**, so playing **c4** both blocks that and creates Red’s strongest continuation.

For the “next 3 moves,” use this plan:
1. **Red: 4**
2. Then watch Yellow’s reply.
3. Look for chances to build the diagonal involving **c6r1–c5r2–c4r3**, especially by preparing **c3r4**.",False,lost
p773,2,Direct Instruction,"Yes — **Yellow has an immediate winning threat**:

- Yellow has a diagonal **c7r1–c6r2–c5r3**, and the open winning square is **c4r4**.
- Since column 4 is stacked up to row 3, **c4r4 is playable right now**.

So Red needs to deal with that threat immediately.",False,lost
p773,3,Provide Correct Answer,"Your best move is **column 5**.

Why: playing **5** puts Red at **c5r4**, creating/maintaining the strongest attacking line while also avoiding Yellow’s dangerous diagonal ideas. It keeps Red’s forced win alive.",False,lost
p773,3,Direct Instruction,"Your best move is **column 5**.

Why: playing **5** puts Red at **c5r4**, creating/maintaining the strongest attacking line while also avoiding Yellow’s dangerous diagonal ideas. It keeps Red’s forced win alive.",False,lost
p664,0,Direct Instruction,"Column 2 would give you a **vertical 3** in column 2 (rows 1–3), which is a real threat — but it’s a **single, obvious threat** Yellow can likely block by playing column 2 next.

Before choosing it, ask: **does Yellow have a stronger threat developing in the center, especially around column 4?** Since column 4 already has two Yellow discs stacked, letting Yellow build there may be dangerous.",False,won
p664,0,Prompt,"Column 2 would give you a **vertical 3** in column 2 (rows 1–3), which is a real threat — but it’s a **single, obvious threat** Yellow can likely block by playing column 2 next.

Before choosing it, ask: **does Yellow have a stronger threat developing in the center, especially around column 4?** Since column 4 already has two Yellow discs stacked, letting Yellow build there may be dangerous.",False,won
p664,0,Paraphrase,"Column 2 would give you a **vertical 3** in column 2 (rows 1–3), which is a real threat — but it’s a **single, obvious threat** Yellow can likely block by playing column 2 next.

Before choosing it, ask: **does Yellow have a stronger threat developing in the center, especially around column 4?** Since column 4 already has two Yellow discs stacked, letting Yellow build there may be dangerous.",False,won
p664,0,Neutral Feedback,"Column 2 would give you a **vertical 3** in column 2 (rows 1–3), which is a real threat — but it’s a **single, obvious threat** Yellow can likely block by playing column 2 next.

Before choosing it, ask: **does Yellow have a stronger threat developing in the center, especially around column 4?** Since column 4 already has two Yellow discs stacked, letting Yellow build there may be dangerous.",False,won
p62,0,Direct Instruction,"You may not be lost — the key is not “make 4 immediately,” but **set up a threat Yellow can’t fully stop**.

Look for a Red move that lands on **row 3** and creates future possibilities in more than one direction:

- a **diagonal** using your Reds around columns 2–6,
- or a **horizontal/diagonal threat** that Yellow must block next.

Ask yourself: *If I drop in a central column, what 3-in-a-row or “almost 4” does it create for my next move?*",False,lost
p62,0,Hint,"You may not be lost — the key is not “make 4 immediately,” but **set up a threat Yellow can’t fully stop**.

Look for a Red move that lands on **row 3** and creates future possibilities in more than one direction:

- a **diagonal** using your Reds around columns 2–6,
- or a **horizontal/diagonal threat** that Yellow must block next.

Ask yourself: *If I drop in a central column, what 3-in-a-row or “almost 4” does it create for my next move?*",False,lost
p62,0,Prompt,"You may not be lost — the key is not “make 4 immediately,” but **set up a threat Yellow can’t fully stop**.

Look for a Red move that lands on **row 3** and creates future possibilities in more than one direction:

- a **diagonal** using your Reds around columns 2–6,
- or a **horizontal/diagonal threat** that Yellow must block next.

Ask yourself: *If I drop in a central column, what 3-in-a-row or “almost 4” does it create for my next move?*",False,lost
p648,0,Provide Correct Answer,"No — column 3 would land at row 3, but it’s **not best** here.

The key move is **column 4**: it lands in **row 3, column 4**, taking the central square and keeping Red’s forced win alive. Column 3 is playable, but it gives Yellow more defensive chances.",False,won
p648,0,Direct Instruction,"No — column 3 would land at row 3, but it’s **not best** here.

The key move is **column 4**: it lands in **row 3, column 4**, taking the central square and keeping Red’s forced win alive. Column 3 is playable, but it gives Yellow more defensive chances.",False,won
p648,0,Negative Feedback,"No — column 3 would land at row 3, but it’s **not best** here.

The key move is **column 4**: it lands in **row 3, column 4**, taking the central square and keeping Red’s forced win alive. Column 3 is playable, but it gives Yellow more defensive chances.",False,won
p648,0,Neutral Feedback,"No — column 3 would land at row 3, but it’s **not best** here.

The key move is **column 4**: it lands in **row 3, column 4**, taking the central square and keeping Red’s forced win alive. Column 3 is playable, but it gives Yellow more defensive chances.",False,won
p648,1,Direct Instruction,"Column 4 is a strong candidate — before you drop it, ask: **what immediate threat does it create, and what must Yellow do next?**

If Red plays **column 4**, it lands at **row 4, column 4**, stacking in the center and building vertical/diagonal pressure. Check whether Yellow has any immediate 4-in-a-row threat you must block first; if not, your plan makes sense.",False,won
p648,1,Hint,"Column 4 is a strong candidate — before you drop it, ask: **what immediate threat does it create, and what must Yellow do next?**

If Red plays **column 4**, it lands at **row 4, column 4**, stacking in the center and building vertical/diagonal pressure. Check whether Yellow has any immediate 4-in-a-row threat you must block first; if not, your plan makes sense.",False,won
p648,1,Prompt,"Column 4 is a strong candidate — before you drop it, ask: **what immediate threat does it create, and what must Yellow do next?**

If Red plays **column 4**, it lands at **row 4, column 4**, stacking in the center and building vertical/diagonal pressure. Check whether Yellow has any immediate 4-in-a-row threat you must block first; if not, your plan makes sense.",False,won
p648,2,Provide Correct Answer,"Yes — exactly.

Yellow already has a diagonal: **c7r1–c6r2–c5r3**, so if Yellow gets **c4r4**, that makes four in a row. Since column 4 is playable now, Red needs to take **column 4** to block that winning square.",False,won
p648,2,Direct Instruction,"Yes — exactly.

Yellow already has a diagonal: **c7r1–c6r2–c5r3**, so if Yellow gets **c4r4**, that makes four in a row. Since column 4 is playable now, Red needs to take **column 4** to block that winning square.",False,won
p648,2,Positive Feedback,"Yes — exactly.

Yellow already has a diagonal: **c7r1–c6r2–c5r3**, so if Yellow gets **c4r4**, that makes four in a row. Since column 4 is playable now, Red needs to take **column 4** to block that winning square.",False,won
p648,3,Provide Correct Answer,"Best move: **Column 5**.

It lands at **c5r4**, directly above Yellow’s c5r3, and it creates/keeps Red’s strongest threats while preventing Yellow from taking over the center diagonals.",False,won
p648,3,Direct Instruction,"Best move: **Column 5**.

It lands at **c5r4**, directly above Yellow’s c5r3, and it creates/keeps Red’s strongest threats while preventing Yellow from taking over the center diagonals.",False,won
p601,0,Direct Instruction,"Right now, lean **defensive first** — Yellow has central threats building, and with only 3 Red moves left you can’t afford to ignore them.

But look for a **defensive move that also creates pressure**: the best move should not just “block,” it should also improve Red’s chances of making a threat on the next turn. Focus especially on Yellow’s central stack/cluster around columns 3–5.",False,won
p601,0,Hint,"Right now, lean **defensive first** — Yellow has central threats building, and with only 3 Red moves left you can’t afford to ignore them.

But look for a **defensive move that also creates pressure**: the best move should not just “block,” it should also improve Red’s chances of making a threat on the next turn. Focus especially on Yellow’s central stack/cluster around columns 3–5.",False,won
p601,1,Provide Correct Answer,"The best move is **column 4**.

Reason: Yellow is threatening to grow strong central lines, so Red needs a move that **blocks/interrupts the center** while also creating future attacking chances. Dropping in **column 4** lands at **row 3**, right above Yellow’s stack, and it helps Red control the key diagonal/central area instead of just reacting on the edge.",False,won
p601,1,Direct Instruction,"The best move is **column 4**.

Reason: Yellow is threatening to grow strong central lines, so Red needs a move that **blocks/interrupts the center** while also creating future attacking chances. Dropping in **column 4** lands at **row 3**, right above Yellow’s stack, and it helps Red control the key diagonal/central area instead of just reacting on the edge.",False,won
p601,2,Provide Correct Answer,"Column 3 doesn’t actually stop the key danger. Yellow’s immediate-looking diagonal is along **c3-r2, c4-r3, c5-r4, c6-r5** — but **c5-r4 isn’t playable yet**.

The stronger move is still **column 4**: it builds Red’s center and creates the most pressure while not allowing Yellow an immediate win.",False,won
p601,2,Direct Instruction,"Column 3 doesn’t actually stop the key danger. Yellow’s immediate-looking diagonal is along **c3-r2, c4-r3, c5-r4, c6-r5** — but **c5-r4 isn’t playable yet**.

The stronger move is still **column 4**: it builds Red’s center and creates the most pressure while not allowing Yellow an immediate win.",False,won
p601,2,Negative Feedback,"Column 3 doesn’t actually stop the key danger. Yellow’s immediate-looking diagonal is along **c3-r2, c4-r3, c5-r4, c6-r5** — but **c5-r4 isn’t playable yet**.

The stronger move is still **column 4**: it builds Red’s center and creates the most pressure while not allowing Yellow an immediate win.",False,won
p601,3,Direct Instruction,"Good — after Yellow’s reply, the key is still the **center**.

Ask yourself: what move creates Red’s strongest immediate threat while also stopping Yellow from taking over the central diagonal/vertical space? In particular, look at **column 4**: stacking there would put Red at **c4-r4**, building a strong vertical/diagonal threat that Yellow must respect.",False,won
p601,3,Hint,"Good — after Yellow’s reply, the key is still the **center**.

Ask yourself: what move creates Red’s strongest immediate threat while also stopping Yellow from taking over the central diagonal/vertical space? In particular, look at **column 4**: stacking there would put Red at **c4-r4**, building a strong vertical/diagonal threat that Yellow must respect.",False,won
p601,3,Prompt,"Good — after Yellow’s reply, the key is still the **center**.

Ask yourself: what move creates Red’s strongest immediate threat while also stopping Yellow from taking over the central diagonal/vertical space? In particular, look at **column 4**: stacking there would put Red at **c4-r4**, building a strong vertical/diagonal threat that Yellow must respect.",False,won
p601,4,Provide Correct Answer,"Play **column 5**.

That drops Red at **c5–r4**, which is the key square: it keeps your strongest winning chances alive and also prevents Yellow from taking over that central diagonal space.",False,won
p601,4,Direct Instruction,"Play **column 5**.

That drops Red at **c5–r4**, which is the key square: it keeps your strongest winning chances alive and also prevents Yellow from taking over that central diagonal space.",False,won
p752,0,Hint,"Column 2 does make a vertical **3** for Red at c2 rows 1–3, so it’s definitely a tempting threat.

Before choosing it, ask: **what immediate threat does Yellow have after your move?**  
Look especially at Yellow’s cluster around columns **3–6** on rows 1–2: is there a spot Yellow could drop next that creates or completes a 4?

A good check is: “If I play column 2, does Yellow have a winning reply I must have blocked instead?”",False,won
p752,0,Prompt,"Column 2 does make a vertical **3** for Red at c2 rows 1–3, so it’s definitely a tempting threat.

Before choosing it, ask: **what immediate threat does Yellow have after your move?**  
Look especially at Yellow’s cluster around columns **3–6** on rows 1–2: is there a spot Yellow could drop next that creates or completes a 4?

A good check is: “If I play column 2, does Yellow have a winning reply I must have blocked instead?”",False,won
p752,0,Paraphrase,"Column 2 does make a vertical **3** for Red at c2 rows 1–3, so it’s definitely a tempting threat.

Before choosing it, ask: **what immediate threat does Yellow have after your move?**  
Look especially at Yellow’s cluster around columns **3–6** on rows 1–2: is there a spot Yellow could drop next that creates or completes a 4?

A good check is: “If I play column 2, does Yellow have a winning reply I must have blocked instead?”",False,won
p752,0,Neutral Feedback,"Column 2 does make a vertical **3** for Red at c2 rows 1–3, so it’s definitely a tempting threat.

Before choosing it, ask: **what immediate threat does Yellow have after your move?**  
Look especially at Yellow’s cluster around columns **3–6** on rows 1–2: is there a spot Yellow could drop next that creates or completes a 4?

A good check is: “If I play column 2, does Yellow have a winning reply I must have blocked instead?”",False,won
p752,1,Direct Instruction,"Your c2 idea creates a Red vertical 3, yes — but ask: **is it an immediate win next turn, or just a threat Yellow can answer?**

The key danger I’d re-check is **Yellow in column 4**: Yellow already has c4-r1 and c4-r2. If you play c2, what happens if Yellow drops in **c4** instead of c3? That would make a vertical 3 and may force you to spend your next move blocking.

So compare: does c2 create a threat stronger than Yellow’s c4 threat, or should Red address/control c4 first?",False,won
p752,1,Hint,"Your c2 idea creates a Red vertical 3, yes — but ask: **is it an immediate win next turn, or just a threat Yellow can answer?**

The key danger I’d re-check is **Yellow in column 4**: Yellow already has c4-r1 and c4-r2. If you play c2, what happens if Yellow drops in **c4** instead of c3? That would make a vertical 3 and may force you to spend your next move blocking.

So compare: does c2 create a threat stronger than Yellow’s c4 threat, or should Red address/control c4 first?",False,won
p752,1,Prompt,"Your c2 idea creates a Red vertical 3, yes — but ask: **is it an immediate win next turn, or just a threat Yellow can answer?**

The key danger I’d re-check is **Yellow in column 4**: Yellow already has c4-r1 and c4-r2. If you play c2, what happens if Yellow drops in **c4** instead of c3? That would make a vertical 3 and may force you to spend your next move blocking.

So compare: does c2 create a threat stronger than Yellow’s c4 threat, or should Red address/control c4 first?",False,won
p752,1,Paraphrase,"Your c2 idea creates a Red vertical 3, yes — but ask: **is it an immediate win next turn, or just a threat Yellow can answer?**

The key danger I’d re-check is **Yellow in column 4**: Yellow already has c4-r1 and c4-r2. If you play c2, what happens if Yellow drops in **c4** instead of c3? That would make a vertical 3 and may force you to spend your next move blocking.

So compare: does c2 create a threat stronger than Yellow’s c4 threat, or should Red address/control c4 first?",False,won
p752,2,Direct Instruction,"You’re right that after Red plays **c2**, Yellow would likely need to block by playing **c2** on their turn.

The question is: after that exchange, has Red gained enough, or did Red spend a move making a **single blockable threat**?

Also check the center: **column 4** is important because Yellow already has **c4-r1 and c4-r2**, so Yellow’s vertical threat there can become urgent. Before committing to c2, compare it with a move that affects the center and Yellow’s threats.",False,won
p752,2,Hint,"You’re right that after Red plays **c2**, Yellow would likely need to block by playing **c2** on their turn.

The question is: after that exchange, has Red gained enough, or did Red spend a move making a **single blockable threat**?

Also check the center: **column 4** is important because Yellow already has **c4-r1 and c4-r2**, so Yellow’s vertical threat there can become urgent. Before committing to c2, compare it with a move that affects the center and Yellow’s threats.",False,won
p752,2,Paraphrase,"You’re right that after Red plays **c2**, Yellow would likely need to block by playing **c2** on their turn.

The question is: after that exchange, has Red gained enough, or did Red spend a move making a **single blockable threat**?

Also check the center: **column 4** is important because Yellow already has **c4-r1 and c4-r2**, so Yellow’s vertical threat there can become urgent. Before committing to c2, compare it with a move that affects the center and Yellow’s threats.",False,won
p752,2,Positive Feedback,"You’re right that after Red plays **c2**, Yellow would likely need to block by playing **c2** on their turn.

The question is: after that exchange, has Red gained enough, or did Red spend a move making a **single blockable threat**?

Also check the center: **column 4** is important because Yellow already has **c4-r1 and c4-r2**, so Yellow’s vertical threat there can become urgent. Before committing to c2, compare it with a move that affects the center and Yellow’s threats.",False,won
p752,3,Provide Correct Answer,"Yes — **c4 looks better** than c2 here.

Why: Yellow already has **Y at c4-r1 and c4-r2**, so if you don’t play c4, Yellow can play **c4-r3** and make a dangerous vertical 3. By dropping Red in **c4**, you **block that** while also creating Red pressure on the diagonal **c4-r3, c5-r2, c6-r1**.

So c4 is doing two jobs: **defense + threat-building**.",False,won
p752,3,Direct Instruction,"Yes — **c4 looks better** than c2 here.

Why: Yellow already has **Y at c4-r1 and c4-r2**, so if you don’t play c4, Yellow can play **c4-r3** and make a dangerous vertical 3. By dropping Red in **c4**, you **block that** while also creating Red pressure on the diagonal **c4-r3, c5-r2, c6-r1**.

So c4 is doing two jobs: **defense + threat-building**.",False,won
p752,3,Positive Feedback,"Yes — **c4 looks better** than c2 here.

Why: Yellow already has **Y at c4-r1 and c4-r2**, so if you don’t play c4, Yellow can play **c4-r3** and make a dangerous vertical 3. By dropping Red in **c4**, you **block that** while also creating Red pressure on the diagonal **c4-r3, c5-r2, c6-r1**.

So c4 is doing two jobs: **defense + threat-building**.",False,won
p752,4,Provide Correct Answer,"Yes — **c4 is the best move** here.

It lands at **c4-r3**, which:
- **blocks Yellow’s vertical threat** in column 4, and
- keeps Red active in the center.

Yellow’s likely response is to **reduce your threats**, probably by playing around **c2** or the center. After Yellow moves, re-check for:  
1. any immediate Yellow 3-in-a-row that needs blocking, and  
2. whether Red can create a stronger threat than just a single blockable 3.",False,won
p752,4,Direct Instruction,"Yes — **c4 is the best move** here.

It lands at **c4-r3**, which:
- **blocks Yellow’s vertical threat** in column 4, and
- keeps Red active in the center.

Yellow’s likely response is to **reduce your threats**, probably by playing around **c2** or the center. After Yellow moves, re-check for:  
1. any immediate Yellow 3-in-a-row that needs blocking, and  
2. whether Red can create a stronger threat than just a single blockable 3.",False,won
p752,4,Prompt,"Yes — **c4 is the best move** here.

It lands at **c4-r3**, which:
- **blocks Yellow’s vertical threat** in column 4, and
- keeps Red active in the center.

Yellow’s likely response is to **reduce your threats**, probably by playing around **c2** or the center. After Yellow moves, re-check for:  
1. any immediate Yellow 3-in-a-row that needs blocking, and  
2. whether Red can create a stronger threat than just a single blockable 3.",False,won
p752,5,Provide Correct Answer,"Yes — **c4 is the best possible move**.

It drops at **c4-r3**, directly blocking Yellow’s vertical stack at **c4-r1/c4-r2**, which would otherwise become very dangerous. It also keeps Red central and preserves your attacking chances better than c2, which is only a single blockable vertical threat.",False,won
p752,5,Direct Instruction,"Yes — **c4 is the best possible move**.

It drops at **c4-r3**, directly blocking Yellow’s vertical stack at **c4-r1/c4-r2**, which would otherwise become very dangerous. It also keeps Red central and preserves your attacking chances better than c2, which is only a single blockable vertical threat.",False,won
p752,6,Provide Correct Answer,"I’d be cautious with **c3** — it doesn’t seem to create the strongest threat.

Look closely at **c5**: dropping there lands at **c5-r4**, connecting with your Red at **c4-r4** and **c6-r3**, creating more active pressure than c3. It also occupies a key square above Yellow’s stack in column 5.

So if you’re asking for the move that puts Red in the best position, I’d favor **column 5** over c3.",False,won
p752,6,Direct Instruction,"I’d be cautious with **c3** — it doesn’t seem to create the strongest threat.

Look closely at **c5**: dropping there lands at **c5-r4**, connecting with your Red at **c4-r4** and **c6-r3**, creating more active pressure than c3. It also occupies a key square above Yellow’s stack in column 5.

So if you’re asking for the move that puts Red in the best position, I’d favor **column 5** over c3.",False,won
p752,6,Hint,"I’d be cautious with **c3** — it doesn’t seem to create the strongest threat.

Look closely at **c5**: dropping there lands at **c5-r4**, connecting with your Red at **c4-r4** and **c6-r3**, creating more active pressure than c3. It also occupies a key square above Yellow’s stack in column 5.

So if you’re asking for the move that puts Red in the best position, I’d favor **column 5** over c3.",False,won
p752,6,Negative Feedback,"I’d be cautious with **c3** — it doesn’t seem to create the strongest threat.

Look closely at **c5**: dropping there lands at **c5-r4**, connecting with your Red at **c4-r4** and **c6-r3**, creating more active pressure than c3. It also occupies a key square above Yellow’s stack in column 5.

So if you’re asking for the move that puts Red in the best position, I’d favor **column 5** over c3.",False,won
p830,0,Direct Instruction,"Key threats I see:

- **Red latent diagonal threat:** Red has **c4r3–c5r2–c6r1**. If Red could get a red at **c3r4**, that would complete a diagonal — but **c3r4 isn’t playable yet** because c3r3 is empty.
- **Red vertical potential in column 4:** Red has **c4r3 and c4r4**, but only 2 in a row, not an immediate win.
- **No obvious immediate Yellow 3-in-a-row threat** that must be blocked right now.

So the main thing is to look for a move that either creates a stronger threat now or sets up that diagonal without letting Yellow take control.",False,won
p830,0,Hint,"Key threats I see:

- **Red latent diagonal threat:** Red has **c4r3–c5r2–c6r1**. If Red could get a red at **c3r4**, that would complete a diagonal — but **c3r4 isn’t playable yet** because c3r3 is empty.
- **Red vertical potential in column 4:** Red has **c4r3 and c4r4**, but only 2 in a row, not an immediate win.
- **No obvious immediate Yellow 3-in-a-row threat** that must be blocked right now.

So the main thing is to look for a move that either creates a stronger threat now or sets up that diagonal without letting Yellow take control.",False,won
p439,0,Provide Correct Answer,"Yes — column 4 is the key move here.

One small correction: it’s not just a simple “they make four next turn” block. Dropping in **column 4** lands at **4/4**, and it also builds your own central threat structure while preventing Yellow from taking that important square. So your instinct to play **4** is right.",False,lost
p439,0,Direct Instruction,"Yes — column 4 is the key move here.

One small correction: it’s not just a simple “they make four next turn” block. Dropping in **column 4** lands at **4/4**, and it also builds your own central threat structure while preventing Yellow from taking that important square. So your instinct to play **4** is right.",False,lost
p439,0,Positive Feedback,"Yes — column 4 is the key move here.

One small correction: it’s not just a simple “they make four next turn” block. Dropping in **column 4** lands at **4/4**, and it also builds your own central threat structure while preventing Yellow from taking that important square. So your instinct to play **4** is right.",False,lost
p439,1,Provide Correct Answer,"I’d still recommend **column 4** here.

Why: dropping in **4** puts Red at **4/4**, which both strengthens your center and prevents Yellow from controlling that key square. After Yellow’s reply, first check: **Do I have an immediate 4? If not, does Yellow have one I must block?**",False,lost
p439,1,Direct Instruction,"I’d still recommend **column 4** here.

Why: dropping in **4** puts Red at **4/4**, which both strengthens your center and prevents Yellow from controlling that key square. After Yellow’s reply, first check: **Do I have an immediate 4? If not, does Yellow have one I must block?**",False,lost
p439,1,Prompt,"I’d still recommend **column 4** here.

Why: dropping in **4** puts Red at **4/4**, which both strengthens your center and prevents Yellow from controlling that key square. After Yellow’s reply, first check: **Do I have an immediate 4? If not, does Yellow have one I must block?**",False,lost
p424,0,Direct Instruction,"I’d be cautious with column 3 — it doesn’t address Yellow’s strongest central threat.

Ask yourself: Yellow already has two stacked in column 4 at rows 1–2. If Red doesn’t contest that column, what can Yellow build there next?

So column 3 may add a Red piece, but it doesn’t seem to solve the urgent problem. I’d compare it directly with playing in column 4.",False,won
p424,0,Hint,"I’d be cautious with column 3 — it doesn’t address Yellow’s strongest central threat.

Ask yourself: Yellow already has two stacked in column 4 at rows 1–2. If Red doesn’t contest that column, what can Yellow build there next?

So column 3 may add a Red piece, but it doesn’t seem to solve the urgent problem. I’d compare it directly with playing in column 4.",False,won
p424,0,Prompt,"I’d be cautious with column 3 — it doesn’t address Yellow’s strongest central threat.

Ask yourself: Yellow already has two stacked in column 4 at rows 1–2. If Red doesn’t contest that column, what can Yellow build there next?

So column 3 may add a Red piece, but it doesn’t seem to solve the urgent problem. I’d compare it directly with playing in column 4.",False,won
p424,0,Neutral Feedback,"I’d be cautious with column 3 — it doesn’t address Yellow’s strongest central threat.

Ask yourself: Yellow already has two stacked in column 4 at rows 1–2. If Red doesn’t contest that column, what can Yellow build there next?

So column 3 may add a Red piece, but it doesn’t seem to solve the urgent problem. I’d compare it directly with playing in column 4.",False,won
p424,1,Provide Correct Answer,"Yes — column 4 first is the key move.

It blocks Yellow from building a dangerous vertical stack in column 4, and it also keeps Red active in the center instead of drifting to the side. After Red plays column 4, watch for Yellow’s reply and look for any immediate blocks or chances to make a double threat.",False,won
p424,1,Direct Instruction,"Yes — column 4 first is the key move.

It blocks Yellow from building a dangerous vertical stack in column 4, and it also keeps Red active in the center instead of drifting to the side. After Red plays column 4, watch for Yellow’s reply and look for any immediate blocks or chances to make a double threat.",False,won
p424,1,Hint,"Yes — column 4 first is the key move.

It blocks Yellow from building a dangerous vertical stack in column 4, and it also keeps Red active in the center instead of drifting to the side. After Red plays column 4, watch for Yellow’s reply and look for any immediate blocks or chances to make a double threat.",False,won
p424,1,Positive Feedback,"Yes — column 4 first is the key move.

It blocks Yellow from building a dangerous vertical stack in column 4, and it also keeps Red active in the center instead of drifting to the side. After Red plays column 4, watch for Yellow’s reply and look for any immediate blocks or chances to make a double threat.",False,won
p424,2,Direct Instruction,"Rule of thumb:

- **If Yellow has an immediate win next move, block.**
- If not, prefer **building your own threat**, especially a move that creates **two possible wins** later.
- Best moves often do **both**: stop Yellow’s idea while improving Red’s shape.

For this board, don’t just “block automatically” — look for a move that connects with your central reds and creates a new threat.",False,won
p424,2,Hint,"Rule of thumb:

- **If Yellow has an immediate win next move, block.**
- If not, prefer **building your own threat**, especially a move that creates **two possible wins** later.
- Best moves often do **both**: stop Yellow’s idea while improving Red’s shape.

For this board, don’t just “block automatically” — look for a move that connects with your central reds and creates a new threat.",False,won
p649,0,Direct Instruction,"Column 3 is worth checking, but I’d be cautious.

If you drop in column 3, it lands at **c3 row 3**. Ask yourself: **what immediate threat does that create?**  
- Horizontally on row 3, you’d have Red at **c3–c4**, but Yellow already blocks at **c5**.  
- Vertically/diagonally, it doesn’t seem to make a clear “must-block” threat.

So it may be a “quiet” move — and with only **2 moves left**, you likely need a move that creates a forcing threat. What line are you hoping column 3 sets up?",False,lost
p649,0,Prompt,"Column 3 is worth checking, but I’d be cautious.

If you drop in column 3, it lands at **c3 row 3**. Ask yourself: **what immediate threat does that create?**  
- Horizontally on row 3, you’d have Red at **c3–c4**, but Yellow already blocks at **c5**.  
- Vertically/diagonally, it doesn’t seem to make a clear “must-block” threat.

So it may be a “quiet” move — and with only **2 moves left**, you likely need a move that creates a forcing threat. What line are you hoping column 3 sets up?",False,lost
p649,0,Neutral Feedback,"Column 3 is worth checking, but I’d be cautious.

If you drop in column 3, it lands at **c3 row 3**. Ask yourself: **what immediate threat does that create?**  
- Horizontally on row 3, you’d have Red at **c3–c4**, but Yellow already blocks at **c5**.  
- Vertically/diagonally, it doesn’t seem to make a clear “must-block” threat.

So it may be a “quiet” move — and with only **2 moves left**, you likely need a move that creates a forcing threat. What line are you hoping column 3 sets up?",False,lost
p649,1,Provide Correct Answer,"Best move: **column 4**.

It drops to **c4 row 4**, directly above your Red at **c4 row 3**. This is the move that keeps your winning chances alive; the other moves don’t create enough pressure and let Yellow stabilize.

So I’d play **4**.",False,lost
p649,1,Direct Instruction,"Best move: **column 4**.

It drops to **c4 row 4**, directly above your Red at **c4 row 3**. This is the move that keeps your winning chances alive; the other moves don’t create enough pressure and let Yellow stabilize.

So I’d play **4**.",False,lost
p649,2,Provide Correct Answer,"Yes — **column 3 works well here**.

Dropping in **column 3** lands at **c3 row 4**, giving you a strong vertical stack in column 3: Red at **r1, r3, r4** with pressure around that column. It also helps contest Yellow’s central influence from columns **4–5**.

With only 1 move left, this is one of the strongest practical moves.",False,lost
p649,2,Direct Instruction,"Yes — **column 3 works well here**.

Dropping in **column 3** lands at **c3 row 4**, giving you a strong vertical stack in column 3: Red at **r1, r3, r4** with pressure around that column. It also helps contest Yellow’s central influence from columns **4–5**.

With only 1 move left, this is one of the strongest practical moves.",False,lost
p476,0,Direct Instruction,"Initial recommendation: **prioritize defense against Yellow’s immediate/near-immediate threats before trying to build your own.**

Key things to check:

- **Yellow has strong central presence** in columns 4–6, so look for diagonals and horizontals involving those columns.
- Ask: “If I play somewhere, does Yellow get a winning move next turn?”
- Since you only have **2 moves left**, a good move should ideally do **two jobs**: block Yellow while creating or preserving a Red threat.

I’d start by examining the **center columns, especially column 4**, because central moves affect the most possible lines.",False,lost
p476,0,Hint,"Initial recommendation: **prioritize defense against Yellow’s immediate/near-immediate threats before trying to build your own.**

Key things to check:

- **Yellow has strong central presence** in columns 4–6, so look for diagonals and horizontals involving those columns.
- Ask: “If I play somewhere, does Yellow get a winning move next turn?”
- Since you only have **2 moves left**, a good move should ideally do **two jobs**: block Yellow while creating or preserving a Red threat.

I’d start by examining the **center columns, especially column 4**, because central moves affect the most possible lines.",False,lost
p476,0,Prompt,"Initial recommendation: **prioritize defense against Yellow’s immediate/near-immediate threats before trying to build your own.**

Key things to check:

- **Yellow has strong central presence** in columns 4–6, so look for diagonals and horizontals involving those columns.
- Ask: “If I play somewhere, does Yellow get a winning move next turn?”
- Since you only have **2 moves left**, a good move should ideally do **two jobs**: block Yellow while creating or preserving a Red threat.

I’d start by examining the **center columns, especially column 4**, because central moves affect the most possible lines.",False,lost
p571,0,Direct Instruction,"Column 2 would land at **c2 row3**, making a **vertical 3-in-a-row** for Red in column 2, with a threat to win next at **c2 row4**.

Key question: after you play column 2, can Yellow simply **block column 2** on their turn? If yes, then it’s only a single threat, not a forcing double threat.

Also check: does playing column 2 ignore any Yellow threat you needed to handle?",False,lost
p571,0,Prompt,"Column 2 would land at **c2 row3**, making a **vertical 3-in-a-row** for Red in column 2, with a threat to win next at **c2 row4**.

Key question: after you play column 2, can Yellow simply **block column 2** on their turn? If yes, then it’s only a single threat, not a forcing double threat.

Also check: does playing column 2 ignore any Yellow threat you needed to handle?",False,lost
p571,0,Paraphrase,"Column 2 would land at **c2 row3**, making a **vertical 3-in-a-row** for Red in column 2, with a threat to win next at **c2 row4**.

Key question: after you play column 2, can Yellow simply **block column 2** on their turn? If yes, then it’s only a single threat, not a forcing double threat.

Also check: does playing column 2 ignore any Yellow threat you needed to handle?",False,lost
p571,1,Direct Instruction,"Actually, after Red plays **column 2**, the disc lands at **c2 row3**. Then **Yellow can play column 2**, landing at **c2 row4**, which blocks your vertical win.

So column 2 creates a threat, but it looks like a **blockable single threat**.  
Can you spot a move that creates a threat Yellow *can’t* answer with just one block—or that addresses Yellow’s counterplay at the same time?",False,lost
p571,1,Prompt,"Actually, after Red plays **column 2**, the disc lands at **c2 row3**. Then **Yellow can play column 2**, landing at **c2 row4**, which blocks your vertical win.

So column 2 creates a threat, but it looks like a **blockable single threat**.  
Can you spot a move that creates a threat Yellow *can’t* answer with just one block—or that addresses Yellow’s counterplay at the same time?",False,lost
p571,2,Direct Instruction,"Column 4 would land at **c4 row3**.

That’s a strong candidate because it **occupies the key central square above Yellow’s stack** in column 4, so Yellow can’t use that column to build upward. After that, ask: what is Yellow’s most forcing reply, and can Red then create a threat around **row 3** with the reds at **c4/c5/c6**?",False,lost
p571,2,Prompt,"Column 4 would land at **c4 row3**.

That’s a strong candidate because it **occupies the key central square above Yellow’s stack** in column 4, so Yellow can’t use that column to build upward. After that, ask: what is Yellow’s most forcing reply, and can Red then create a threat around **row 3** with the reds at **c4/c5/c6**?",False,lost
p571,3,Direct Instruction,"Column 3 lands at **c3 row3**. It starts a diagonal idea with **c2r2–c3r3–c4r4**, but **c4r4 is immediately playable**, so Yellow may be able to take/block that key square.

Before choosing it, compare: who benefits most from controlling **c4 row4** right now?",False,lost
p571,3,Prompt,"Column 3 lands at **c3 row3**. It starts a diagonal idea with **c2r2–c3r3–c4r4**, but **c4r4 is immediately playable**, so Yellow may be able to take/block that key square.

Before choosing it, compare: who benefits most from controlling **c4 row4** right now?",False,lost
p571,4,Direct Instruction,"Yes—Yellow is threatening at **column 4, row 4**: they already have **Y at c4r1, c4r2, c4r3**, so if you don’t take c4 now, Yellow wins vertically next move.

So your move needs to deal with that immediate threat.",False,lost
p571,5,Direct Instruction,"Column 3 would land at **c3r3**, giving Red a diagonal shape **c2r2–c3r3–c4r4**, but the finishing square would be **c5r5**, which is not playable yet.

Before choosing it, ask: what can Yellow do with the immediately playable square **c5r4**? That square looks important because it sits right under your diagonal’s future winning spot.",False,lost
p571,5,Hint,"Column 3 would land at **c3r3**, giving Red a diagonal shape **c2r2–c3r3–c4r4**, but the finishing square would be **c5r5**, which is not playable yet.

Before choosing it, ask: what can Yellow do with the immediately playable square **c5r4**? That square looks important because it sits right under your diagonal’s future winning spot.",False,lost
p571,5,Prompt,"Column 3 would land at **c3r3**, giving Red a diagonal shape **c2r2–c3r3–c4r4**, but the finishing square would be **c5r5**, which is not playable yet.

Before choosing it, ask: what can Yellow do with the immediately playable square **c5r4**? That square looks important because it sits right under your diagonal’s future winning spot.",False,lost
p571,6,Provide Correct Answer,"Yes — **column 5 is the key square to secure now**.

If Red plays **c5r4**, you take control of the important diagonal/central area and stop Yellow from using that square as support. It also pairs well with your Red at **c4r4**, giving you more threat potential on row 4.",False,lost
p571,6,Direct Instruction,"Yes — **column 5 is the key square to secure now**.

If Red plays **c5r4**, you take control of the important diagonal/central area and stop Yellow from using that square as support. It also pairs well with your Red at **c4r4**, giving you more threat potential on row 4.",False,lost
p803,0,Direct Instruction,"Not really. Column 2 is tempting because it gives you a vertical 3 in column 2, but it doesn’t deal with the more urgent fight in column 4.

Ask yourself: if you play column 2, what does Yellow get to play next in column 4? That gives Yellow a strong vertical threat you may be forced to answer. So column 2 is likely too slow here.",False,won
p803,0,Prompt,"Not really. Column 2 is tempting because it gives you a vertical 3 in column 2, but it doesn’t deal with the more urgent fight in column 4.

Ask yourself: if you play column 2, what does Yellow get to play next in column 4? That gives Yellow a strong vertical threat you may be forced to answer. So column 2 is likely too slow here.",False,won
p803,0,Neutral Feedback,"Not really. Column 2 is tempting because it gives you a vertical 3 in column 2, but it doesn’t deal with the more urgent fight in column 4.

Ask yourself: if you play column 2, what does Yellow get to play next in column 4? That gives Yellow a strong vertical threat you may be forced to answer. So column 2 is likely too slow here.",False,won
p274,0,Direct Instruction,"It looks **reasonable**, especially because Red has some pressure around columns **3 and 6**.

Quick check to make sure it’s “good”: ask yourself, after your disc, does Yellow have any immediate 4-in-a-row threat you must block next? The main thing to watch is Yellow’s diagonal/stack threats around **columns 4–5–6–7**. If Yellow can make a playable winning square, you’ll need to block it.

For your next move, look for a move that either:
- creates your own immediate threat, or  
- blocks Yellow’s most dangerous setup.",False,won
p274,0,Hint,"It looks **reasonable**, especially because Red has some pressure around columns **3 and 6**.

Quick check to make sure it’s “good”: ask yourself, after your disc, does Yellow have any immediate 4-in-a-row threat you must block next? The main thing to watch is Yellow’s diagonal/stack threats around **columns 4–5–6–7**. If Yellow can make a playable winning square, you’ll need to block it.

For your next move, look for a move that either:
- creates your own immediate threat, or  
- blocks Yellow’s most dangerous setup.",False,won
p274,0,Prompt,"It looks **reasonable**, especially because Red has some pressure around columns **3 and 6**.

Quick check to make sure it’s “good”: ask yourself, after your disc, does Yellow have any immediate 4-in-a-row threat you must block next? The main thing to watch is Yellow’s diagonal/stack threats around **columns 4–5–6–7**. If Yellow can make a playable winning square, you’ll need to block it.

For your next move, look for a move that either:
- creates your own immediate threat, or  
- blocks Yellow’s most dangerous setup.",False,won
p274,0,Positive Feedback,"It looks **reasonable**, especially because Red has some pressure around columns **3 and 6**.

Quick check to make sure it’s “good”: ask yourself, after your disc, does Yellow have any immediate 4-in-a-row threat you must block next? The main thing to watch is Yellow’s diagonal/stack threats around **columns 4–5–6–7**. If Yellow can make a playable winning square, you’ll need to block it.

For your next move, look for a move that either:
- creates your own immediate threat, or  
- blocks Yellow’s most dangerous setup.",False,won
p274,1,Direct Instruction,"Blocking was important there — good instinct. Even if you don’t win immediately, sometimes the goal is to **stop Yellow’s forced threat** and keep pressure.

From this board, ask: **where can Red create the next threat while also staying safe?**  
Pay special attention to **column 6**: Red already has discs at **c6 r1** and **c6 r3**, and the playable space is **c6 r4** after support is there/if column fills. That column is part of several possible lines.

Also check Yellow’s threats around **columns 4–5–6** so you don’t give them an easy diagonal.",False,won
p274,1,Hint,"Blocking was important there — good instinct. Even if you don’t win immediately, sometimes the goal is to **stop Yellow’s forced threat** and keep pressure.

From this board, ask: **where can Red create the next threat while also staying safe?**  
Pay special attention to **column 6**: Red already has discs at **c6 r1** and **c6 r3**, and the playable space is **c6 r4** after support is there/if column fills. That column is part of several possible lines.

Also check Yellow’s threats around **columns 4–5–6** so you don’t give them an easy diagonal.",False,won
p274,1,Prompt,"Blocking was important there — good instinct. Even if you don’t win immediately, sometimes the goal is to **stop Yellow’s forced threat** and keep pressure.

From this board, ask: **where can Red create the next threat while also staying safe?**  
Pay special attention to **column 6**: Red already has discs at **c6 r1** and **c6 r3**, and the playable space is **c6 r4** after support is there/if column fills. That column is part of several possible lines.

Also check Yellow’s threats around **columns 4–5–6** so you don’t give them an easy diagonal.",False,won
p274,1,Positive Feedback,"Blocking was important there — good instinct. Even if you don’t win immediately, sometimes the goal is to **stop Yellow’s forced threat** and keep pressure.

From this board, ask: **where can Red create the next threat while also staying safe?**  
Pay special attention to **column 6**: Red already has discs at **c6 r1** and **c6 r3**, and the playable space is **c6 r4** after support is there/if column fills. That column is part of several possible lines.

Also check Yellow’s threats around **columns 4–5–6** so you don’t give them an easy diagonal.",False,won
p635,0,Direct Instruction,"Column 2 would land at **row 3**, on top of your two Reds.

It gives you **three vertically** in column 2, but **not four**, and I don’t see it completing a horizontal/diagonal four either. So if by “work” you mean **win now**, no.

Quick check: after placing there, what would be your next threat—and can Yellow block or win before then?",False,won
p635,0,Prompt,"Column 2 would land at **row 3**, on top of your two Reds.

It gives you **three vertically** in column 2, but **not four**, and I don’t see it completing a horizontal/diagonal four either. So if by “work” you mean **win now**, no.

Quick check: after placing there, what would be your next threat—and can Yellow block or win before then?",False,won
p635,0,Paraphrase,"Column 2 would land at **row 3**, on top of your two Reds.

It gives you **three vertically** in column 2, but **not four**, and I don’t see it completing a horizontal/diagonal four either. So if by “work” you mean **win now**, no.

Quick check: after placing there, what would be your next threat—and can Yellow block or win before then?",False,won
p635,0,Negative Feedback,"Column 2 would land at **row 3**, on top of your two Reds.

It gives you **three vertically** in column 2, but **not four**, and I don’t see it completing a horizontal/diagonal four either. So if by “work” you mean **win now**, no.

Quick check: after placing there, what would be your next threat—and can Yellow block or win before then?",False,won
p635,1,Provide Correct Answer,"I’d suggest **column 4**.

It lands on **row 4**, above your Red at **4,3**, and it keeps your strongest forcing chances alive. Before playing it, ask: *what Yellow threats do I need to stop immediately, and does this move create a threat Yellow must answer?*",False,won
p635,1,Direct Instruction,"I’d suggest **column 4**.

It lands on **row 4**, above your Red at **4,3**, and it keeps your strongest forcing chances alive. Before playing it, ask: *what Yellow threats do I need to stop immediately, and does this move create a threat Yellow must answer?*",False,won
p635,1,Prompt,"I’d suggest **column 4**.

It lands on **row 4**, above your Red at **4,3**, and it keeps your strongest forcing chances alive. Before playing it, ask: *what Yellow threats do I need to stop immediately, and does this move create a threat Yellow must answer?*",False,won
p635,2,Provide Correct Answer,"Play **column 5**.

That lands at **5,4** and keeps your forcing chances alive while preventing Yellow from taking over the key diagonal/center threats. After that, watch especially for diagonals involving **4,3 → 5,4 → 6,5** and Yellow’s replies around columns **3–6**.",False,won
p635,2,Direct Instruction,"Play **column 5**.

That lands at **5,4** and keeps your forcing chances alive while preventing Yellow from taking over the key diagonal/center threats. After that, watch especially for diagonals involving **4,3 → 5,4 → 6,5** and Yellow’s replies around columns **3–6**.",False,won
p635,2,Hint,"Play **column 5**.

That lands at **5,4** and keeps your forcing chances alive while preventing Yellow from taking over the key diagonal/center threats. After that, watch especially for diagonals involving **4,3 → 5,4 → 6,5** and Yellow’s replies around columns **3–6**.",False,won
p363,0,Direct Instruction,"Column 2 is tempting because it gives you a vertical build in col 2 — but ask: **does it create an immediate threat Yellow must answer, or is it “slow”?**

After Red plays 2, Yellow may have time to make/extend a more urgent central threat. I’d compare it with a move that uses the **center columns** and either blocks Yellow’s growth or creates a threat with tempo.",False,lost
p363,0,Hint,"Column 2 is tempting because it gives you a vertical build in col 2 — but ask: **does it create an immediate threat Yellow must answer, or is it “slow”?**

After Red plays 2, Yellow may have time to make/extend a more urgent central threat. I’d compare it with a move that uses the **center columns** and either blocks Yellow’s growth or creates a threat with tempo.",False,lost
p363,0,Prompt,"Column 2 is tempting because it gives you a vertical build in col 2 — but ask: **does it create an immediate threat Yellow must answer, or is it “slow”?**

After Red plays 2, Yellow may have time to make/extend a more urgent central threat. I’d compare it with a move that uses the **center columns** and either blocks Yellow’s growth or creates a threat with tempo.",False,lost
p363,0,Neutral Feedback,"Column 2 is tempting because it gives you a vertical build in col 2 — but ask: **does it create an immediate threat Yellow must answer, or is it “slow”?**

After Red plays 2, Yellow may have time to make/extend a more urgent central threat. I’d compare it with a move that uses the **center columns** and either blocks Yellow’s growth or creates a threat with tempo.",False,lost
p363,1,Direct Instruction,"Yes — if you play **2**, you make **R at col2 rows 1-3**, so Yellow would need to block at **col2 row4** or you win vertically.

The key question: after Yellow spends that block, does your “next turn could be to do that” create an **unblockable/forced** win, or just another single threat Yellow can answer? Also check the center: Yellow already has strength in **col4**, so tempo matters. What would happen if Red plays in **col4** instead?",False,lost
p363,1,Hint,"Yes — if you play **2**, you make **R at col2 rows 1-3**, so Yellow would need to block at **col2 row4** or you win vertically.

The key question: after Yellow spends that block, does your “next turn could be to do that” create an **unblockable/forced** win, or just another single threat Yellow can answer? Also check the center: Yellow already has strength in **col4**, so tempo matters. What would happen if Red plays in **col4** instead?",False,lost
p363,1,Prompt,"Yes — if you play **2**, you make **R at col2 rows 1-3**, so Yellow would need to block at **col2 row4** or you win vertically.

The key question: after Yellow spends that block, does your “next turn could be to do that” create an **unblockable/forced** win, or just another single threat Yellow can answer? Also check the center: Yellow already has strength in **col4**, so tempo matters. What would happen if Red plays in **col4** instead?",False,lost
p293,0,Provide Correct Answer,"Choose **column 4** — your Red disc will land in **row 3**.

That’s the best move because it creates/keeps the strongest winning threats for Red while avoiding giving Yellow an immediate advantage.",False,lost
p293,0,Direct Instruction,"Choose **column 4** — your Red disc will land in **row 3**.

That’s the best move because it creates/keeps the strongest winning threats for Red while avoiding giving Yellow an immediate advantage.",False,lost
p293,1,Direct Instruction,"Now, look first for **Yellow’s immediate threats** and whether Red can make a stronger threat.

Key thing: Yellow has a lot of pieces around the center, so don’t just extend Red randomly. Ask: **which move creates a Red threat that Yellow must answer next?**

If you want the direct best column, I can tell you.",False,lost
p293,1,Hint,"Now, look first for **Yellow’s immediate threats** and whether Red can make a stronger threat.

Key thing: Yellow has a lot of pieces around the center, so don’t just extend Red randomly. Ask: **which move creates a Red threat that Yellow must answer next?**

If you want the direct best column, I can tell you.",False,lost
p293,1,Prompt,"Now, look first for **Yellow’s immediate threats** and whether Red can make a stronger threat.

Key thing: Yellow has a lot of pieces around the center, so don’t just extend Red randomly. Ask: **which move creates a Red threat that Yellow must answer next?**

If you want the direct best column, I can tell you.",False,lost
p293,2,Provide Correct Answer,"Play **column 5**.

It lands at **c5 row 3**, and it’s important because Red must block/interrupt Yellow’s diagonal threat while keeping Red’s own winning chances alive.",False,lost
p293,2,Direct Instruction,"Play **column 5**.

It lands at **c5 row 3**, and it’s important because Red must block/interrupt Yellow’s diagonal threat while keeping Red’s own winning chances alive.",False,lost
p449,0,Provide Correct Answer,"Best move: **Column 5**.

That drops Red into **c5 row 4**, next to your Red at **c4 row 4** and also connecting diagonally with **c6 row 3**. It’s the move that keeps your winning chances alive by building threats instead of just reacting.

A good way to see it: ask, “After I play here, do I create multiple future ways to make four?” Column 5 does that best here.",False,lost
p449,0,Direct Instruction,"Best move: **Column 5**.

That drops Red into **c5 row 4**, next to your Red at **c4 row 4** and also connecting diagonally with **c6 row 3**. It’s the move that keeps your winning chances alive by building threats instead of just reacting.

A good way to see it: ask, “After I play here, do I create multiple future ways to make four?” Column 5 does that best here.",False,lost
p449,0,Prompt,"Best move: **Column 5**.

That drops Red into **c5 row 4**, next to your Red at **c4 row 4** and also connecting diagonally with **c6 row 3**. It’s the move that keeps your winning chances alive by building threats instead of just reacting.

A good way to see it: ask, “After I play here, do I create multiple future ways to make four?” Column 5 does that best here.",False,lost
p548,0,Direct Instruction,"Good instinct: you’re looking for a **fork/double threat**—a move that creates two winning spots so Yellow can only block one.

Before choosing, check two things:

1. **Are the “winning spots” actually playable next turn?**  
   Because of gravity, a threat only matters if the empty square has support underneath.

2. **Does Yellow have an immediate threat you must answer first?**  
   Look especially at Yellow’s connected groups around columns 4–6.

Try naming the two Red winning lines you think your last move created: which columns would Red be threatening to finish in?",False,lost
p548,0,Hint,"Good instinct: you’re looking for a **fork/double threat**—a move that creates two winning spots so Yellow can only block one.

Before choosing, check two things:

1. **Are the “winning spots” actually playable next turn?**  
   Because of gravity, a threat only matters if the empty square has support underneath.

2. **Does Yellow have an immediate threat you must answer first?**  
   Look especially at Yellow’s connected groups around columns 4–6.

Try naming the two Red winning lines you think your last move created: which columns would Red be threatening to finish in?",False,lost
p548,0,Prompt,"Good instinct: you’re looking for a **fork/double threat**—a move that creates two winning spots so Yellow can only block one.

Before choosing, check two things:

1. **Are the “winning spots” actually playable next turn?**  
   Because of gravity, a threat only matters if the empty square has support underneath.

2. **Does Yellow have an immediate threat you must answer first?**  
   Look especially at Yellow’s connected groups around columns 4–6.

Try naming the two Red winning lines you think your last move created: which columns would Red be threatening to finish in?",False,lost
p548,0,Positive Feedback,"Good instinct: you’re looking for a **fork/double threat**—a move that creates two winning spots so Yellow can only block one.

Before choosing, check two things:

1. **Are the “winning spots” actually playable next turn?**  
   Because of gravity, a threat only matters if the empty square has support underneath.

2. **Does Yellow have an immediate threat you must answer first?**  
   Look especially at Yellow’s connected groups around columns 4–6.

Try naming the two Red winning lines you think your last move created: which columns would Red be threatening to finish in?",False,lost
p548,1,Prompt,"Yes — it’s Red’s turn now.

Before moving, quickly check: does Yellow have any immediate 3-in-a-row threat you must block, or can you make your own forcing threat?",False,lost
p548,2,Direct Instruction,"Nice — yes, I see Red has a diagonal 4: **column 2 row 1 → column 3 row 2 → column 4 row 3 → column 5 row 4**. That’s the connection you were setting up.

Well spotted: your earlier move created a threat Yellow couldn’t fully cover.",False,lost
p548,2,Paraphrase,"Nice — yes, I see Red has a diagonal 4: **column 2 row 1 → column 3 row 2 → column 4 row 3 → column 5 row 4**. That’s the connection you were setting up.

Well spotted: your earlier move created a threat Yellow couldn’t fully cover.",False,lost
p548,2,Positive Feedback,"Nice — yes, I see Red has a diagonal 4: **column 2 row 1 → column 3 row 2 → column 4 row 3 → column 5 row 4**. That’s the connection you were setting up.

Well spotted: your earlier move created a threat Yellow couldn’t fully cover.",False,lost
p813,0,Provide Correct Answer,"Not quite — **column 3 doesn’t address the key issue**.

Look at Yellow’s horizontal threat on row 2: **Y at columns 3 and 4**, with space toward **5/6** involved. More importantly, Red has a stronger move available: **column 4** creates/maintains the winning forcing line for Red.

So I’d re-check **column 4** before playing 3 or 2.",False,won
p813,0,Direct Instruction,"Not quite — **column 3 doesn’t address the key issue**.

Look at Yellow’s horizontal threat on row 2: **Y at columns 3 and 4**, with space toward **5/6** involved. More importantly, Red has a stronger move available: **column 4** creates/maintains the winning forcing line for Red.

So I’d re-check **column 4** before playing 3 or 2.",False,won
p813,0,Hint,"Not quite — **column 3 doesn’t address the key issue**.

Look at Yellow’s horizontal threat on row 2: **Y at columns 3 and 4**, with space toward **5/6** involved. More importantly, Red has a stronger move available: **column 4** creates/maintains the winning forcing line for Red.

So I’d re-check **column 4** before playing 3 or 2.",False,won
p813,0,Negative Feedback,"Not quite — **column 3 doesn’t address the key issue**.

Look at Yellow’s horizontal threat on row 2: **Y at columns 3 and 4**, with space toward **5/6** involved. More importantly, Red has a stronger move available: **column 4** creates/maintains the winning forcing line for Red.

So I’d re-check **column 4** before playing 3 or 2.",False,won
p813,1,Provide Correct Answer,"Yes — **column 4** helps you because it lands at **(4,3)** and builds a vertical stack plus connects into your center control.

Before choosing, ask: *what immediate Yellow threat am I stopping or allowing?* Column 4 is the move that keeps your forcing chances alive.",False,won
p813,1,Direct Instruction,"Yes — **column 4** helps you because it lands at **(4,3)** and builds a vertical stack plus connects into your center control.

Before choosing, ask: *what immediate Yellow threat am I stopping or allowing?* Column 4 is the move that keeps your forcing chances alive.",False,won
p813,1,Prompt,"Yes — **column 4** helps you because it lands at **(4,3)** and builds a vertical stack plus connects into your center control.

Before choosing, ask: *what immediate Yellow threat am I stopping or allowing?* Column 4 is the move that keeps your forcing chances alive.",False,won
p813,2,Direct Instruction,"Exactly — if you play **column 3**, Yellow can drop on top in **3** and may take away the useful square you were trying to build around.

So compare the purpose:

- **3**: helps you, but also gives Yellow an easy reply there.
- **4**: makes Yellow respond to *your* threat structure instead of letting them choose comfortably.

Good instinct to think about what Yellow does immediately after.",False,won
p813,2,Positive Feedback,"Exactly — if you play **column 3**, Yellow can drop on top in **3** and may take away the useful square you were trying to build around.

So compare the purpose:

- **3**: helps you, but also gives Yellow an easy reply there.
- **4**: makes Yellow respond to *your* threat structure instead of letting them choose comfortably.

Good instinct to think about what Yellow does immediately after.",False,won
p813,3,Direct Instruction,"Since you’ve only got **one move left**, focus on whether your move creates an **immediate must-answer threat**.

Ask yourself: which column lets Red form a threat involving your red discs at **4,3 / 4,4** and **5,2 / 6,3** patterns?  

I’d look especially at the move that lands on **row 3** and connects into that diagonal/horizontal pressure.",False,won
p813,3,Hint,"Since you’ve only got **one move left**, focus on whether your move creates an **immediate must-answer threat**.

Ask yourself: which column lets Red form a threat involving your red discs at **4,3 / 4,4** and **5,2 / 6,3** patterns?  

I’d look especially at the move that lands on **row 3** and connects into that diagonal/horizontal pressure.",False,won
p813,3,Prompt,"Since you’ve only got **one move left**, focus on whether your move creates an **immediate must-answer threat**.

Ask yourself: which column lets Red form a threat involving your red discs at **4,3 / 4,4** and **5,2 / 6,3** patterns?  

I’d look especially at the move that lands on **row 3** and connects into that diagonal/horizontal pressure.",False,won
p813,4,Provide Correct Answer,"Yes — from the **current position**, Red still has a forcing chance: **column 5**.

Dropping in **5** lands at **(5,4)**, next to your Red at **(4,4)** and sets up strong pressure on row 4 — especially because **(6,4)** is playable next. So you didn’t necessarily “miss it”; the key is that **5 keeps the threat alive**, while moves like 3 or 2 don’t force Yellow as much.",False,won
p813,4,Direct Instruction,"Yes — from the **current position**, Red still has a forcing chance: **column 5**.

Dropping in **5** lands at **(5,4)**, next to your Red at **(4,4)** and sets up strong pressure on row 4 — especially because **(6,4)** is playable next. So you didn’t necessarily “miss it”; the key is that **5 keeps the threat alive**, while moves like 3 or 2 don’t force Yellow as much.",False,won
p813,4,Neutral Feedback,"Yes — from the **current position**, Red still has a forcing chance: **column 5**.

Dropping in **5** lands at **(5,4)**, next to your Red at **(4,4)** and sets up strong pressure on row 4 — especially because **(6,4)** is playable next. So you didn’t necessarily “miss it”; the key is that **5 keeps the threat alive**, while moves like 3 or 2 don’t force Yellow as much.",False,won
p267,0,Provide Correct Answer,"I’d choose **column 4**, not column 3 or growing column 2.

Quick reason: column 3/2 are more “building” moves, but **column 4 is the key central move that keeps Red’s forced win alive**. It also prevents Yellow from taking over the middle while improving your own structure.",False,lost
p267,0,Direct Instruction,"I’d choose **column 4**, not column 3 or growing column 2.

Quick reason: column 3/2 are more “building” moves, but **column 4 is the key central move that keeps Red’s forced win alive**. It also prevents Yellow from taking over the middle while improving your own structure.",False,lost
p267,1,Direct Instruction,"You’re right to question “win in 2.” **Column 4 doesn’t win immediately**, but with only 2 Red moves left it’s still the best because it creates/keeps the strongest threat structure.

If you play **column 3**, Yellow can usually just answer the key follow-up and your column-3 stack doesn’t make a 4.  
If you play **column 2**, it’s slower and doesn’t create an urgent threat.

So think of **column 4** as: “What move makes Yellow respond to me, instead of letting Yellow build?”",False,lost
p267,1,Hint,"You’re right to question “win in 2.” **Column 4 doesn’t win immediately**, but with only 2 Red moves left it’s still the best because it creates/keeps the strongest threat structure.

If you play **column 3**, Yellow can usually just answer the key follow-up and your column-3 stack doesn’t make a 4.  
If you play **column 2**, it’s slower and doesn’t create an urgent threat.

So think of **column 4** as: “What move makes Yellow respond to me, instead of letting Yellow build?”",False,lost
p267,1,Positive Feedback,"You’re right to question “win in 2.” **Column 4 doesn’t win immediately**, but with only 2 Red moves left it’s still the best because it creates/keeps the strongest threat structure.

If you play **column 3**, Yellow can usually just answer the key follow-up and your column-3 stack doesn’t make a 4.  
If you play **column 2**, it’s slower and doesn’t create an urgent threat.

So think of **column 4** as: “What move makes Yellow respond to me, instead of letting Yellow build?”",False,lost
p142,0,Direct Instruction,"No—once a disc is dropped, it stays in that column/row. On your turn you can only drop a new Red disc into one of the columns that isn’t full, and it falls to the lowest open spot.",False,lost
p142,1,Direct Instruction,"To win, look for a move that creates a threat Yellow can’t stop next turn.

Quick scan here:

- Your vertical in column 2 is blocked by Yellow at row 4, so that won’t win.
- Check for “3 in a row with an open playable spot” for Red.
- Also make sure Yellow doesn’t have an immediate 3-in-a-row you must block.

A good way to think: “If I drop here, what winning move do I threaten next?” Try one column mentally and see what Red line it creates.",False,lost
p142,1,Hint,"To win, look for a move that creates a threat Yellow can’t stop next turn.

Quick scan here:

- Your vertical in column 2 is blocked by Yellow at row 4, so that won’t win.
- Check for “3 in a row with an open playable spot” for Red.
- Also make sure Yellow doesn’t have an immediate 3-in-a-row you must block.

A good way to think: “If I drop here, what winning move do I threaten next?” Try one column mentally and see what Red line it creates.",False,lost
p142,1,Prompt,"To win, look for a move that creates a threat Yellow can’t stop next turn.

Quick scan here:

- Your vertical in column 2 is blocked by Yellow at row 4, so that won’t win.
- Check for “3 in a row with an open playable spot” for Red.
- Also make sure Yellow doesn’t have an immediate 3-in-a-row you must block.

A good way to think: “If I drop here, what winning move do I threaten next?” Try one column mentally and see what Red line it creates.",False,lost
p142,1,Negative Feedback,"To win, look for a move that creates a threat Yellow can’t stop next turn.

Quick scan here:

- Your vertical in column 2 is blocked by Yellow at row 4, so that won’t win.
- Check for “3 in a row with an open playable spot” for Red.
- Also make sure Yellow doesn’t have an immediate 3-in-a-row you must block.

A good way to think: “If I drop here, what winning move do I threaten next?” Try one column mentally and see what Red line it creates.",False,lost
p149,0,Provide Correct Answer,"Best move: **Column 4**.

Why:
- Column 4 is a key central square, and playing there lands your Red disc at **row 3**.
- It also stops Yellow from taking that important column and building a dangerous vertical/central threat.
- After Red plays column 4, you create a useful diagonal shape with **c4-r3, c5-r2, c6-r1**, giving you future attacking chances.

Starting-position hint:
- In Connect Four, the best opening is usually **column 4**, the center.
- Center discs participate in the most possible 4-in-a-rows: horizontal, vertical, and both diagonals.
- After that, try to build near the center in columns **3, 4, and 5**, while watching for opponent threats you must block.",False,lost
p149,0,Direct Instruction,"Best move: **Column 4**.

Why:
- Column 4 is a key central square, and playing there lands your Red disc at **row 3**.
- It also stops Yellow from taking that important column and building a dangerous vertical/central threat.
- After Red plays column 4, you create a useful diagonal shape with **c4-r3, c5-r2, c6-r1**, giving you future attacking chances.

Starting-position hint:
- In Connect Four, the best opening is usually **column 4**, the center.
- Center discs participate in the most possible 4-in-a-rows: horizontal, vertical, and both diagonals.
- After that, try to build near the center in columns **3, 4, and 5**, while watching for opponent threats you must block.",False,lost
p149,0,Hint,"Best move: **Column 4**.

Why:
- Column 4 is a key central square, and playing there lands your Red disc at **row 3**.
- It also stops Yellow from taking that important column and building a dangerous vertical/central threat.
- After Red plays column 4, you create a useful diagonal shape with **c4-r3, c5-r2, c6-r1**, giving you future attacking chances.

Starting-position hint:
- In Connect Four, the best opening is usually **column 4**, the center.
- Center discs participate in the most possible 4-in-a-rows: horizontal, vertical, and both diagonals.
- After that, try to build near the center in columns **3, 4, and 5**, while watching for opponent threats you must block.",False,lost
p149,1,Provide Correct Answer,"Play **column 4**.

Why:
- It lands at **c4–r4**, directly above your Red at **c4–r3**, strengthening the center.
- More importantly, it keeps your attack alive; **column 3 looks tempting**, but it lets Yellow take the key central height in column 4 and may turn the initiative back to them.
- Center control matters here because many diagonals/horizontals run through **column 4**.

Starting-position reminder: best openings usually begin in **column 4**, then build around **3–5** while checking for immediate Yellow threats.",False,lost
p149,1,Direct Instruction,"Play **column 4**.

Why:
- It lands at **c4–r4**, directly above your Red at **c4–r3**, strengthening the center.
- More importantly, it keeps your attack alive; **column 3 looks tempting**, but it lets Yellow take the key central height in column 4 and may turn the initiative back to them.
- Center control matters here because many diagonals/horizontals run through **column 4**.

Starting-position reminder: best openings usually begin in **column 4**, then build around **3–5** while checking for immediate Yellow threats.",False,lost
p149,2,Provide Correct Answer,"Yes—**in standard Connect Four, Red plays first**. If your opponent goes first and takes **column 4**, a good reply is usually **column 3 or 5** to contest the center.

For the **current board**, your move should be **column 4**.

Why: it stacks at **c4-r4**, building on your Red at **c4-r3**, and it keeps your strongest central/diagonal chances alive while preventing Yellow from taking that key square.",False,lost
p149,2,Direct Instruction,"Yes—**in standard Connect Four, Red plays first**. If your opponent goes first and takes **column 4**, a good reply is usually **column 3 or 5** to contest the center.

For the **current board**, your move should be **column 4**.

Why: it stacks at **c4-r4**, building on your Red at **c4-r3**, and it keeps your strongest central/diagonal chances alive while preventing Yellow from taking that key square.",False,lost
p149,3,Provide Correct Answer,"Play **column 5**.

Why: your disc lands at **c5-r4**, joining your Red at **c4-r4** and keeping your central row-4 attack alive. It’s also the move that avoids letting Yellow seize the key tempo/trap in the center.",False,lost
p149,3,Direct Instruction,"Play **column 5**.

Why: your disc lands at **c5-r4**, joining your Red at **c4-r4** and keeping your central row-4 attack alive. It’s also the move that avoids letting Yellow seize the key tempo/trap in the center.",False,lost
p791,0,Provide Correct Answer,"Yes — play **column 5**.

It doesn’t make an immediate four right away, but it’s the move that keeps Red’s winning chances/forced win alive. It also helps build pressure around the center and avoids letting Yellow take control next.",False,won
p791,0,Direct Instruction,"Yes — play **column 5**.

It doesn’t make an immediate four right away, but it’s the move that keeps Red’s winning chances/forced win alive. It also helps build pressure around the center and avoids letting Yellow take control next.",False,won
p168,0,Hint,"Look first for **immediate threats**:

- Yellow has pieces around the center: check whether Yellow is threatening a 4 next turn, especially involving **column 5** and diagonals.
- Then ask: can Red make a move that both **blocks Yellow’s danger** and **creates a new Red threat**?

Try examining what happens if a Red disc lands in **column 5**: what lines would it affect horizontally/diagonally?",False,won
p168,0,Prompt,"Look first for **immediate threats**:

- Yellow has pieces around the center: check whether Yellow is threatening a 4 next turn, especially involving **column 5** and diagonals.
- Then ask: can Red make a move that both **blocks Yellow’s danger** and **creates a new Red threat**?

Try examining what happens if a Red disc lands in **column 5**: what lines would it affect horizontally/diagonally?",False,won
p163,0,Direct Instruction,"Yellow’s biggest threat is in **column 4**: they already have Yellow at **c4-r1 and c4-r2**.  

If Yellow is allowed to drop in **column 4**, they’ll make **three stacked vertically**, creating a strong immediate threat to win on the next Yellow move at **c4-r4**.

Also watch the diagonal from **c7-r1 → c6-r2 → c5-r3**, but the column 4 vertical is the most urgent.",False,won
p163,0,Hint,"Yellow’s biggest threat is in **column 4**: they already have Yellow at **c4-r1 and c4-r2**.  

If Yellow is allowed to drop in **column 4**, they’ll make **three stacked vertically**, creating a strong immediate threat to win on the next Yellow move at **c4-r4**.

Also watch the diagonal from **c7-r1 → c6-r2 → c5-r3**, but the column 4 vertical is the most urgent.",False,won
p163,1,Direct Instruction,"Good idea to consider “capping” Yellow in **column 4** — but check the timing:

- If Yellow gets **C4 row 3**, then Red playing **C4 row 4** only blocks that vertical.
- Your **C1/C3 plan** still has to become an actual four-in-a-row, and Yellow may get a move to stop it or create another threat.

Key question: after Yellow plays **C4**, does your next Red move create an **immediate win**, or just a future threat? If it’s only future, Yellow may not let you finish it.",False,won
p163,1,Prompt,"Good idea to consider “capping” Yellow in **column 4** — but check the timing:

- If Yellow gets **C4 row 3**, then Red playing **C4 row 4** only blocks that vertical.
- Your **C1/C3 plan** still has to become an actual four-in-a-row, and Yellow may get a move to stop it or create another threat.

Key question: after Yellow plays **C4**, does your next Red move create an **immediate win**, or just a future threat? If it’s only future, Yellow may not let you finish it.",False,won
p163,1,Paraphrase,"Good idea to consider “capping” Yellow in **column 4** — but check the timing:

- If Yellow gets **C4 row 3**, then Red playing **C4 row 4** only blocks that vertical.
- Your **C1/C3 plan** still has to become an actual four-in-a-row, and Yellow may get a move to stop it or create another threat.

Key question: after Yellow plays **C4**, does your next Red move create an **immediate win**, or just a future threat? If it’s only future, Yellow may not let you finish it.",False,won
p163,1,Positive Feedback,"Good idea to consider “capping” Yellow in **column 4** — but check the timing:

- If Yellow gets **C4 row 3**, then Red playing **C4 row 4** only blocks that vertical.
- Your **C1/C3 plan** still has to become an actual four-in-a-row, and Yellow may get a move to stop it or create another threat.

Key question: after Yellow plays **C4**, does your next Red move create an **immediate win**, or just a future threat? If it’s only future, Yellow may not let you finish it.",False,won
p163,1,Neutral Feedback,"Good idea to consider “capping” Yellow in **column 4** — but check the timing:

- If Yellow gets **C4 row 3**, then Red playing **C4 row 4** only blocks that vertical.
- Your **C1/C3 plan** still has to become an actual four-in-a-row, and Yellow may get a move to stop it or create another threat.

Key question: after Yellow plays **C4**, does your next Red move create an **immediate win**, or just a future threat? If it’s only future, Yellow may not let you finish it.",False,won
p806,0,Provide Correct Answer,"Drop in **column 4**.

Why: it blocks Yellow’s immediate vertical threat in column 4 and keeps your winning chances alive.",False,won
p806,0,Direct Instruction,"Drop in **column 4**.

Why: it blocks Yellow’s immediate vertical threat in column 4 and keeps your winning chances alive.",False,won
p279,0,Provide Correct Answer,"Best move: **column 4**.

It drops at **c4 row 4**, building upward on your existing red in column 4 and helping preserve your forced-win chances. Other moves let Yellow escape the pressure more easily.",False,won
p279,0,Direct Instruction,"Best move: **column 4**.

It drops at **c4 row 4**, building upward on your existing red in column 4 and helping preserve your forced-win chances. Other moves let Yellow escape the pressure more easily.",False,won
p279,1,Direct Instruction,"Yellow had a couple of scary lines, but now Red needs to keep the initiative.

Look especially at **column 5**: if Red plays there, it lands on **row 3**, creating/maintaining pressure in the center and connecting with your reds around **c4 and c6**. Before moving, ask: *does this move also stop Yellow’s next immediate threat, or force Yellow to respond to mine?*",False,won
p279,1,Hint,"Yellow had a couple of scary lines, but now Red needs to keep the initiative.

Look especially at **column 5**: if Red plays there, it lands on **row 3**, creating/maintaining pressure in the center and connecting with your reds around **c4 and c6**. Before moving, ask: *does this move also stop Yellow’s next immediate threat, or force Yellow to respond to mine?*",False,won
p279,1,Prompt,"Yellow had a couple of scary lines, but now Red needs to keep the initiative.

Look especially at **column 5**: if Red plays there, it lands on **row 3**, creating/maintaining pressure in the center and connecting with your reds around **c4 and c6**. Before moving, ask: *does this move also stop Yellow’s next immediate threat, or force Yellow to respond to mine?*",False,won
p279,2,Direct Instruction,"Column **3** is tempting: it would land at **c3 row 3** and make a nice diagonal idea with **c2r2–c3r3–c4r4**.

But it’s a bit slow: it doesn’t put enough pressure on Yellow’s most urgent defensive problem. Compare it with **column 5**, which is more forcing from this position.",False,won
p279,2,Paraphrase,"Column **3** is tempting: it would land at **c3 row 3** and make a nice diagonal idea with **c2r2–c3r3–c4r4**.

But it’s a bit slow: it doesn’t put enough pressure on Yellow’s most urgent defensive problem. Compare it with **column 5**, which is more forcing from this position.",False,won
p279,2,Neutral Feedback,"Column **3** is tempting: it would land at **c3 row 3** and make a nice diagonal idea with **c2r2–c3r3–c4r4**.

But it’s a bit slow: it doesn’t put enough pressure on Yellow’s most urgent defensive problem. Compare it with **column 5**, which is more forcing from this position.",False,won
p706,0,Provide Correct Answer,"Best move: **column 4**.

It drops Red into **c4 row 3**, which is important because Yellow already has a stack at **c4 rows 1–2**. Playing there stops Yellow from taking that key central square and keeps Red’s winning chances alive.",False,lost
p706,0,Direct Instruction,"Best move: **column 4**.

It drops Red into **c4 row 3**, which is important because Yellow already has a stack at **c4 rows 1–2**. Playing there stops Yellow from taking that key central square and keeps Red’s winning chances alive.",False,lost
p706,1,Direct Instruction,"Column 2 is tempting because it builds your left side, but ask yourself: **does it stop Yellow’s immediate central threat?**

Yellow has two stacked in **column 4** at rows 1–2, and the next open spot is **c4 row 3**. If Red doesn’t take that square now, Yellow may gain a very dangerous center connection next.",False,lost
p706,1,Prompt,"Column 2 is tempting because it builds your left side, but ask yourself: **does it stop Yellow’s immediate central threat?**

Yellow has two stacked in **column 4** at rows 1–2, and the next open spot is **c4 row 3**. If Red doesn’t take that square now, Yellow may gain a very dangerous center connection next.",False,lost
p706,1,Neutral Feedback,"Column 2 is tempting because it builds your left side, but ask yourself: **does it stop Yellow’s immediate central threat?**

Yellow has two stacked in **column 4** at rows 1–2, and the next open spot is **c4 row 3**. If Red doesn’t take that square now, Yellow may gain a very dangerous center connection next.",False,lost
p706,2,Direct Instruction,"Nice — after the last move, the key thing is still the **center**.

Before choosing, look at **column 4**: Yellow has discs at **c4 r1 and c4 r2**, and the next open square is **c4 r3**. If Yellow gets that, it can connect into several directions, so ask: **which Red move prevents Yellow from owning that key central square while also creating your own pressure?**",False,lost
p706,2,Hint,"Nice — after the last move, the key thing is still the **center**.

Before choosing, look at **column 4**: Yellow has discs at **c4 r1 and c4 r2**, and the next open square is **c4 r3**. If Yellow gets that, it can connect into several directions, so ask: **which Red move prevents Yellow from owning that key central square while also creating your own pressure?**",False,lost
p706,2,Prompt,"Nice — after the last move, the key thing is still the **center**.

Before choosing, look at **column 4**: Yellow has discs at **c4 r1 and c4 r2**, and the next open square is **c4 r3**. If Yellow gets that, it can connect into several directions, so ask: **which Red move prevents Yellow from owning that key central square while also creating your own pressure?**",False,lost
p706,2,Positive Feedback,"Nice — after the last move, the key thing is still the **center**.

Before choosing, look at **column 4**: Yellow has discs at **c4 r1 and c4 r2**, and the next open square is **c4 r3**. If Yellow gets that, it can connect into several directions, so ask: **which Red move prevents Yellow from owning that key central square while also creating your own pressure?**",False,lost
p706,3,Provide Correct Answer,"Play **column 4** again.

That puts Red at **c4 row 4**, stacking above your **c4 row 3** and taking control of the center. It also prevents Yellow from using that column to build a strong diagonal/central threat.",False,lost
p706,3,Direct Instruction,"Play **column 4** again.

That puts Red at **c4 row 4**, stacking above your **c4 row 3** and taking control of the center. It also prevents Yellow from using that column to build a strong diagonal/central threat.",False,lost
p706,4,Provide Correct Answer,"I **wouldn’t go column 2** now.

I’d look at **column 5**: dropping there gives Red a strong central connection at **c5 row 4**, linking with your Red at **c4 row 4** and setting up better threats. Column 2 builds a stack, but it’s slower and doesn’t pressure Yellow as much.",False,lost
p706,4,Direct Instruction,"I **wouldn’t go column 2** now.

I’d look at **column 5**: dropping there gives Red a strong central connection at **c5 row 4**, linking with your Red at **c4 row 4** and setting up better threats. Column 2 builds a stack, but it’s slower and doesn’t pressure Yellow as much.",False,lost
p706,4,Negative Feedback,"I **wouldn’t go column 2** now.

I’d look at **column 5**: dropping there gives Red a strong central connection at **c5 row 4**, linking with your Red at **c4 row 4** and setting up better threats. Column 2 builds a stack, but it’s slower and doesn’t pressure Yellow as much.",False,lost
p706,5,Provide Correct Answer,"Yes — **column 5 is the move I’d stick with here**.

It drops Red on **c5 r4**, next to your Red at **c4 r4**, and it also helps control Yellow’s central threats around **c4/c5**. Column 2 would be slower and doesn’t create the same immediate pressure.",False,lost
p706,5,Direct Instruction,"Yes — **column 5 is the move I’d stick with here**.

It drops Red on **c5 r4**, next to your Red at **c4 r4**, and it also helps control Yellow’s central threats around **c4/c5**. Column 2 would be slower and doesn’t create the same immediate pressure.",False,lost
p538,0,Direct Instruction,"Maybe—but the key question is: **did your move leave Yellow an immediate win, or did it still preserve a forcing threat for Red?**

From this position, Red still has a way to keep the win. Try checking:

- Does Yellow have any **3-in-a-row with an open landing spot** you must block now?
- Can Red make a move that creates a threat Yellow can’t fully answer?
- Pay close attention to the **central columns**, since moves there often affect multiple diagonals/verticals at once.

What move were you worried about making?",False,lost
p538,0,Hint,"Maybe—but the key question is: **did your move leave Yellow an immediate win, or did it still preserve a forcing threat for Red?**

From this position, Red still has a way to keep the win. Try checking:

- Does Yellow have any **3-in-a-row with an open landing spot** you must block now?
- Can Red make a move that creates a threat Yellow can’t fully answer?
- Pay close attention to the **central columns**, since moves there often affect multiple diagonals/verticals at once.

What move were you worried about making?",False,lost
p538,0,Prompt,"Maybe—but the key question is: **did your move leave Yellow an immediate win, or did it still preserve a forcing threat for Red?**

From this position, Red still has a way to keep the win. Try checking:

- Does Yellow have any **3-in-a-row with an open landing spot** you must block now?
- Can Red make a move that creates a threat Yellow can’t fully answer?
- Pay close attention to the **central columns**, since moves there often affect multiple diagonals/verticals at once.

What move were you worried about making?",False,lost
p538,1,Direct Instruction,"I don’t think it’s hopeless for Red here. Your block may have been necessary, but now look for a move that does **more than block**—one that creates a Red threat Yellow can’t answer comfortably.

Try asking yourself:

- Which columns can Red legally land in **right now**?
- Is there a move that makes a new Red line involving the existing Red discs at **column 4 rows 3–4** and **column 6 row 3**?
- If Red plays there, what would Yellow be forced to deal with next?

So don’t give up yet—there is still a strong move to find.",False,lost
p538,1,Hint,"I don’t think it’s hopeless for Red here. Your block may have been necessary, but now look for a move that does **more than block**—one that creates a Red threat Yellow can’t answer comfortably.

Try asking yourself:

- Which columns can Red legally land in **right now**?
- Is there a move that makes a new Red line involving the existing Red discs at **column 4 rows 3–4** and **column 6 row 3**?
- If Red plays there, what would Yellow be forced to deal with next?

So don’t give up yet—there is still a strong move to find.",False,lost
p538,1,Prompt,"I don’t think it’s hopeless for Red here. Your block may have been necessary, but now look for a move that does **more than block**—one that creates a Red threat Yellow can’t answer comfortably.

Try asking yourself:

- Which columns can Red legally land in **right now**?
- Is there a move that makes a new Red line involving the existing Red discs at **column 4 rows 3–4** and **column 6 row 3**?
- If Red plays there, what would Yellow be forced to deal with next?

So don’t give up yet—there is still a strong move to find.",False,lost
p538,1,Neutral Feedback,"I don’t think it’s hopeless for Red here. Your block may have been necessary, but now look for a move that does **more than block**—one that creates a Red threat Yellow can’t answer comfortably.

Try asking yourself:

- Which columns can Red legally land in **right now**?
- Is there a move that makes a new Red line involving the existing Red discs at **column 4 rows 3–4** and **column 6 row 3**?
- If Red plays there, what would Yellow be forced to deal with next?

So don’t give up yet—there is still a strong move to find.",False,lost
p538,2,Direct Instruction,"Yes — **blocking Yellow was a sensible move**, because you don’t want to allow an immediate 4.

From the current board, Red should now look for a move that creates pressure in the center. The key area is:

- **Column 4**: Red already has discs at **c4 r3 and c4 r4**, so adding there builds a vertical threat.
- **Column 5**: also contests the center and helps limit Yellow’s options.

So your block kept you in the game; now the goal is to make Yellow respond to **your** threat.",False,lost
p538,2,Hint,"Yes — **blocking Yellow was a sensible move**, because you don’t want to allow an immediate 4.

From the current board, Red should now look for a move that creates pressure in the center. The key area is:

- **Column 4**: Red already has discs at **c4 r3 and c4 r4**, so adding there builds a vertical threat.
- **Column 5**: also contests the center and helps limit Yellow’s options.

So your block kept you in the game; now the goal is to make Yellow respond to **your** threat.",False,lost
p538,2,Positive Feedback,"Yes — **blocking Yellow was a sensible move**, because you don’t want to allow an immediate 4.

From the current board, Red should now look for a move that creates pressure in the center. The key area is:

- **Column 4**: Red already has discs at **c4 r3 and c4 r4**, so adding there builds a vertical threat.
- **Column 5**: also contests the center and helps limit Yellow’s options.

So your block kept you in the game; now the goal is to make Yellow respond to **your** threat.",False,lost
p538,3,Direct Instruction,"You make Yellow respond by creating an **immediate threat**: a move that would give Red 4-in-a-row next turn unless Yellow blocks it.

Here, look at the center:

- Red has **c4 r3 + c4 r4** stacked.
- If Red can add in **column 4**, that builds a strong vertical threat in the middle.
- Also check **column 5**, because it affects Yellow’s central diagonal/horizontal ideas.

So ask: “If I play in this column, what exact square must Yellow block next?”  
A good threat is one where Yellow’s reply is forced, not optional.",False,lost
p538,3,Hint,"You make Yellow respond by creating an **immediate threat**: a move that would give Red 4-in-a-row next turn unless Yellow blocks it.

Here, look at the center:

- Red has **c4 r3 + c4 r4** stacked.
- If Red can add in **column 4**, that builds a strong vertical threat in the middle.
- Also check **column 5**, because it affects Yellow’s central diagonal/horizontal ideas.

So ask: “If I play in this column, what exact square must Yellow block next?”  
A good threat is one where Yellow’s reply is forced, not optional.",False,lost
p538,3,Prompt,"You make Yellow respond by creating an **immediate threat**: a move that would give Red 4-in-a-row next turn unless Yellow blocks it.

Here, look at the center:

- Red has **c4 r3 + c4 r4** stacked.
- If Red can add in **column 4**, that builds a strong vertical threat in the middle.
- Also check **column 5**, because it affects Yellow’s central diagonal/horizontal ideas.

So ask: “If I play in this column, what exact square must Yellow block next?”  
A good threat is one where Yellow’s reply is forced, not optional.",False,lost
p538,4,Direct Instruction,"Yes — exactly. You try to create **forcing moves**: moves where Yellow *must* respond to your threat, otherwise you win next turn.

On this board, Red should look at the **center**, especially **columns 4 and 5**:

- In **column 4**, Red has a vertical stack at **r3–r4**, so playing there can build a serious vertical threat.
- In **column 5**, Red can also affect the central diagonals/horizontals and limit Yellow’s counterplay.

A good question before moving is:  
**“If I play here, what 4-in-a-row am I threatening next turn, and can Yellow ignore it?”**",False,lost
p538,4,Hint,"Yes — exactly. You try to create **forcing moves**: moves where Yellow *must* respond to your threat, otherwise you win next turn.

On this board, Red should look at the **center**, especially **columns 4 and 5**:

- In **column 4**, Red has a vertical stack at **r3–r4**, so playing there can build a serious vertical threat.
- In **column 5**, Red can also affect the central diagonals/horizontals and limit Yellow’s counterplay.

A good question before moving is:  
**“If I play here, what 4-in-a-row am I threatening next turn, and can Yellow ignore it?”**",False,lost
p538,4,Prompt,"Yes — exactly. You try to create **forcing moves**: moves where Yellow *must* respond to your threat, otherwise you win next turn.

On this board, Red should look at the **center**, especially **columns 4 and 5**:

- In **column 4**, Red has a vertical stack at **r3–r4**, so playing there can build a serious vertical threat.
- In **column 5**, Red can also affect the central diagonals/horizontals and limit Yellow’s counterplay.

A good question before moving is:  
**“If I play here, what 4-in-a-row am I threatening next turn, and can Yellow ignore it?”**",False,lost
p538,4,Positive Feedback,"Yes — exactly. You try to create **forcing moves**: moves where Yellow *must* respond to your threat, otherwise you win next turn.

On this board, Red should look at the **center**, especially **columns 4 and 5**:

- In **column 4**, Red has a vertical stack at **r3–r4**, so playing there can build a serious vertical threat.
- In **column 5**, Red can also affect the central diagonals/horizontals and limit Yellow’s counterplay.

A good question before moving is:  
**“If I play here, what 4-in-a-row am I threatening next turn, and can Yellow ignore it?”**",False,lost
p213,0,Provide Correct Answer,"Best move: **column 4**.

Why: Yellow already has two stacked in column 4 (rows 1–2), so if you don’t play there, Yellow can drop into **column 4 row 3** and create a strong/possibly winning threat. Playing **4** blocks that while keeping Red’s chances alive.",False,lost
p213,0,Direct Instruction,"Best move: **column 4**.

Why: Yellow already has two stacked in column 4 (rows 1–2), so if you don’t play there, Yellow can drop into **column 4 row 3** and create a strong/possibly winning threat. Playing **4** blocks that while keeping Red’s chances alive.",False,lost
p213,1,Provide Correct Answer,"Since you’re asking for the best move directly: **play column 4**.

It stacks a Red at **c4 row4**, giving Red a strong vertical threat in column 4 and keeping control of the center. It also avoids letting Yellow take over that key column.",False,lost
p213,1,Direct Instruction,"Since you’re asking for the best move directly: **play column 4**.

It stacks a Red at **c4 row4**, giving Red a strong vertical threat in column 4 and keeping control of the center. It also avoids letting Yellow take over that key column.",False,lost
p213,2,Provide Correct Answer,"Play **column 5**.

It drops Red at **c5 row3**, making a strong horizontal threat on row 3: **c4–c5–c6**, so Red threatens to complete it at **c3** next.",False,lost
p213,2,Direct Instruction,"Play **column 5**.

It drops Red at **c5 row3**, making a strong horizontal threat on row 3: **c4–c5–c6**, so Red threatens to complete it at **c3** next.",False,lost
p559,0,Direct Instruction,"No — the “third from the right” is **column 5**, and dropping there doesn’t keep your winning path.

Look instead at **column 4**: ask yourself what Red would threaten from that new disc, especially along the diagonals and vertical stack.",False,won
p559,0,Hint,"No — the “third from the right” is **column 5**, and dropping there doesn’t keep your winning path.

Look instead at **column 4**: ask yourself what Red would threaten from that new disc, especially along the diagonals and vertical stack.",False,won
p559,0,Prompt,"No — the “third from the right” is **column 5**, and dropping there doesn’t keep your winning path.

Look instead at **column 4**: ask yourself what Red would threaten from that new disc, especially along the diagonals and vertical stack.",False,won
p559,0,Negative Feedback,"No — the “third from the right” is **column 5**, and dropping there doesn’t keep your winning path.

Look instead at **column 4**: ask yourself what Red would threaten from that new disc, especially along the diagonals and vertical stack.",False,won
p559,1,Provide Correct Answer,"Your next best move is **column 4**.

Why: dropping in **column 4** lands at **row 4**, stacking above your Red at **c4,r3** and creating stronger connected threats than column 5. It also avoids giving Yellow time to stabilize the center.",False,won
p559,1,Direct Instruction,"Your next best move is **column 4**.

Why: dropping in **column 4** lands at **row 4**, stacking above your Red at **c4,r3** and creating stronger connected threats than column 5. It also avoids giving Yellow time to stabilize the center.",False,won
p559,2,Provide Correct Answer,"Yes — if you drop another Red in **column 4**, it will land on **row 4**, directly above your Red at **column 4, row 3**.

That’s the move I mean: **column 4 again**.",False,won
p559,2,Direct Instruction,"Yes — if you drop another Red in **column 4**, it will land on **row 4**, directly above your Red at **column 4, row 3**.

That’s the move I mean: **column 4 again**.",False,won
p559,3,Provide Correct Answer,"Drop in **column 5**.

It will land at **column 5, row 3**, making a strong Red line on row 3: **c4–c5–c6**, so you threaten **c7** next. It also keeps pressure in the center instead of letting Yellow take control.",False,won
p559,3,Direct Instruction,"Drop in **column 5**.

It will land at **column 5, row 3**, making a strong Red line on row 3: **c4–c5–c6**, so you threaten **c7** next. It also keeps pressure in the center instead of letting Yellow take control.",False,won
p559,4,Direct Instruction,"Yes — **column 3 would have been a good move**, but it would **not immediately make Connect 4**.

If Red drops in **column 3**, it lands at **c3,r3**. That helps the diagonal **c2,r2 → c3,r3 → c4,r4**, but you’d still need **c5,r5** later to complete it.

So column 3, 4, or 5 all keep strong Red pressure here; column 3 creates that diagonal threat.",False,won
p559,4,Positive Feedback,"Yes — **column 3 would have been a good move**, but it would **not immediately make Connect 4**.

If Red drops in **column 3**, it lands at **c3,r3**. That helps the diagonal **c2,r2 → c3,r3 → c4,r4**, but you’d still need **c5,r5** later to complete it.

So column 3, 4, or 5 all keep strong Red pressure here; column 3 creates that diagonal threat.",False,won
p559,4,Neutral Feedback,"Yes — **column 3 would have been a good move**, but it would **not immediately make Connect 4**.

If Red drops in **column 3**, it lands at **c3,r3**. That helps the diagonal **c2,r2 → c3,r3 → c4,r4**, but you’d still need **c5,r5** later to complete it.

So column 3, 4, or 5 all keep strong Red pressure here; column 3 creates that diagonal threat.",False,won
p559,5,Provide Correct Answer,"Yes — **column 3 is a good next move**.

It lands at **c3,r3** and builds the diagonal **c3,r3 → c4,r4 → c5,r5**, while also adding central pressure. Columns **3, 4, or 5** all keep your winning chances, but **3** is perfectly fine here.",False,won
p559,5,Direct Instruction,"Yes — **column 3 is a good next move**.

It lands at **c3,r3** and builds the diagonal **c3,r3 → c4,r4 → c5,r5**, while also adding central pressure. Columns **3, 4, or 5** all keep your winning chances, but **3** is perfectly fine here.",False,won
p559,5,Positive Feedback,"Yes — **column 3 is a good next move**.

It lands at **c3,r3** and builds the diagonal **c3,r3 → c4,r4 → c5,r5**, while also adding central pressure. Columns **3, 4, or 5** all keep your winning chances, but **3** is perfectly fine here.",False,won
p559,6,Direct Instruction,"Got it — no moves left for you, so now it’s just about reading the final position.

Red has strong central control, but **no completed Connect 4 yet**. The key Red threats were around **columns 3, 4, and 5**, especially diagonals involving **c3/r3, c4/r4, c5/r5** if they could be built.",False,won
p559,7,Direct Instruction,"Right — with **0 Red moves left**, you’re just evaluating the position now.

From this board, Red has **no Connect 4 yet**:
- Row 4 has Red at **c4–c5** only.
- Row 3 has Red at **c4 and c6**, split by Yellow at **c5**.
- Diagonal chances are close, but not completed.",False,won
p654,0,Direct Instruction,"3/3 means dropping in column 3, landing at row 3 — yes.

Ask yourself: **what new threat does that make?**  
From 3/3, Red doesn’t get an immediate 3-in-a-row with an open winning square, and it doesn’t block Yellow’s key central build-up.

The main danger to compare against is **Yellow’s vertical potential in column 4** and central control. So 3/3 looks like a “nice-looking” move, but probably not the most forcing one.",False,lost
p654,0,Hint,"3/3 means dropping in column 3, landing at row 3 — yes.

Ask yourself: **what new threat does that make?**  
From 3/3, Red doesn’t get an immediate 3-in-a-row with an open winning square, and it doesn’t block Yellow’s key central build-up.

The main danger to compare against is **Yellow’s vertical potential in column 4** and central control. So 3/3 looks like a “nice-looking” move, but probably not the most forcing one.",False,lost
p654,0,Prompt,"3/3 means dropping in column 3, landing at row 3 — yes.

Ask yourself: **what new threat does that make?**  
From 3/3, Red doesn’t get an immediate 3-in-a-row with an open winning square, and it doesn’t block Yellow’s key central build-up.

The main danger to compare against is **Yellow’s vertical potential in column 4** and central control. So 3/3 looks like a “nice-looking” move, but probably not the most forcing one.",False,lost
p654,0,Paraphrase,"3/3 means dropping in column 3, landing at row 3 — yes.

Ask yourself: **what new threat does that make?**  
From 3/3, Red doesn’t get an immediate 3-in-a-row with an open winning square, and it doesn’t block Yellow’s key central build-up.

The main danger to compare against is **Yellow’s vertical potential in column 4** and central control. So 3/3 looks like a “nice-looking” move, but probably not the most forcing one.",False,lost
p654,0,Neutral Feedback,"3/3 means dropping in column 3, landing at row 3 — yes.

Ask yourself: **what new threat does that make?**  
From 3/3, Red doesn’t get an immediate 3-in-a-row with an open winning square, and it doesn’t block Yellow’s key central build-up.

The main danger to compare against is **Yellow’s vertical potential in column 4** and central control. So 3/3 looks like a “nice-looking” move, but probably not the most forcing one.",False,lost
p654,1,Direct Instruction,"If you mean **column 3 landing on row 4**, that move **isn’t playable yet** — column 3 would land at **3/3** first.

If you mean **column 4**: that’s the move I’d look at more seriously. Ask: after Red plays in column 4, what immediate Yellow threats get cut off, and what Red line through the center starts to form?",False,lost
p654,1,Prompt,"If you mean **column 3 landing on row 4**, that move **isn’t playable yet** — column 3 would land at **3/3** first.

If you mean **column 4**: that’s the move I’d look at more seriously. Ask: after Red plays in column 4, what immediate Yellow threats get cut off, and what Red line through the center starts to form?",False,lost
p654,1,Negative Feedback,"If you mean **column 3 landing on row 4**, that move **isn’t playable yet** — column 3 would land at **3/3** first.

If you mean **column 4**: that’s the move I’d look at more seriously. Ask: after Red plays in column 4, what immediate Yellow threats get cut off, and what Red line through the center starts to form?",False,lost
p654,2,Provide Correct Answer,"5/3 is playable, but I don’t think it’s best.

It gives Red a nice-looking horizontal idea on row 3 with the disc at 6/3, but it doesn’t create the strongest forcing threat. The move to compare it against is **column 4**: playing there builds through the center and keeps Red’s forced winning chances alive.",False,lost
p654,2,Direct Instruction,"5/3 is playable, but I don’t think it’s best.

It gives Red a nice-looking horizontal idea on row 3 with the disc at 6/3, but it doesn’t create the strongest forcing threat. The move to compare it against is **column 4**: playing there builds through the center and keeps Red’s forced winning chances alive.",False,lost
p654,2,Neutral Feedback,"5/3 is playable, but I don’t think it’s best.

It gives Red a nice-looking horizontal idea on row 3 with the disc at 6/3, but it doesn’t create the strongest forcing threat. The move to compare it against is **column 4**: playing there builds through the center and keeps Red’s forced winning chances alive.",False,lost
p654,3,Provide Correct Answer,"Yes — **play column 4**.

It lands at **4/3**, which is important because it sits in the center and creates stronger diagonal/horizontal pressure than 5/3 or 3/3. With only a few moves left, you want the move that keeps Red’s forcing threats alive, and **column 4 does that**.",False,lost
p654,3,Direct Instruction,"Yes — **play column 4**.

It lands at **4/3**, which is important because it sits in the center and creates stronger diagonal/horizontal pressure than 5/3 or 3/3. With only a few moves left, you want the move that keeps Red’s forcing threats alive, and **column 4 does that**.",False,lost
p659,0,Provide Correct Answer,"Best first move: **Column 4**.

That drops Red on **4th row of column 4**, building a strong central threat and keeping your winning chances alive.

For your **second move**, it depends on Yellow’s reply. After you play **4**, check whether Yellow creates an immediate 3-in-a-row threat you must block, or whether you can make a direct winning threat yourself.",False,lost
p659,0,Direct Instruction,"Best first move: **Column 4**.

That drops Red on **4th row of column 4**, building a strong central threat and keeping your winning chances alive.

For your **second move**, it depends on Yellow’s reply. After you play **4**, check whether Yellow creates an immediate 3-in-a-row threat you must block, or whether you can make a direct winning threat yourself.",False,lost
p659,0,Prompt,"Best first move: **Column 4**.

That drops Red on **4th row of column 4**, building a strong central threat and keeping your winning chances alive.

For your **second move**, it depends on Yellow’s reply. After you play **4**, check whether Yellow creates an immediate 3-in-a-row threat you must block, or whether you can make a direct winning threat yourself.",False,lost
p659,1,Provide Correct Answer,"Play **Column 5**.

That puts Red at **c5, row 3**, creating a strong threat: Red would then have a horizontal line on **row 3** across **columns 4-6** with an open end to extend. It also helps control the center and sets up pressure without giving Yellow an immediate win.",False,lost
p659,1,Direct Instruction,"Play **Column 5**.

That puts Red at **c5, row 3**, creating a strong threat: Red would then have a horizontal line on **row 3** across **columns 4-6** with an open end to extend. It also helps control the center and sets up pressure without giving Yellow an immediate win.",False,lost
p581,0,Hint,"Look for a move that **creates an immediate threat Yellow cannot ignore next turn**.

Hint: focus on the **middle column area**, especially how a Red disc could sit **above your Red at column 4, row 3** and connect with diagonals/horizontal threats. Ask yourself:

- If I play in a column, where does the disc land?
- Does that create a “must-block” threat for Yellow?
- After Yellow blocks, do I still have the final winning move?",False,lost
p581,0,Prompt,"Look for a move that **creates an immediate threat Yellow cannot ignore next turn**.

Hint: focus on the **middle column area**, especially how a Red disc could sit **above your Red at column 4, row 3** and connect with diagonals/horizontal threats. Ask yourself:

- If I play in a column, where does the disc land?
- Does that create a “must-block” threat for Yellow?
- After Yellow blocks, do I still have the final winning move?",False,lost
p581,1,Hint,"Fair — clearer hint:

Check **column 4**: if Red drops there, it lands at **c4 row4**, directly above your Red at **c4 row3**.

Then ask: after that move, what threat does Yellow *have* to respond to, and what Red square becomes playable because of Yellow’s response?

If you want, I can just tell you the move.",False,lost
p581,1,Prompt,"Fair — clearer hint:

Check **column 4**: if Red drops there, it lands at **c4 row4**, directly above your Red at **c4 row3**.

Then ask: after that move, what threat does Yellow *have* to respond to, and what Red square becomes playable because of Yellow’s response?

If you want, I can just tell you the move.",False,lost
p581,2,Provide Correct Answer,"Play **column 5**.

Your disc lands at **c5 row4**, building off your Red at **c4 row4** and preserving the winning threat pattern.",False,lost
p581,2,Direct Instruction,"Play **column 5**.

Your disc lands at **c5 row4**, building off your Red at **c4 row4** and preserving the winning threat pattern.",False,lost
p838,0,Direct Instruction,"Column 4 is the right **first idea**.

But ask yourself: after you play 4, **what can Yellow do?** If Yellow also plays column 4, your next “4” lands higher than expected. So don’t assume 4-4 automatically works—check Yellow’s best reply.

What threat are you creating with the first 4?",False,lost
p838,0,Hint,"Column 4 is the right **first idea**.

But ask yourself: after you play 4, **what can Yellow do?** If Yellow also plays column 4, your next “4” lands higher than expected. So don’t assume 4-4 automatically works—check Yellow’s best reply.

What threat are you creating with the first 4?",False,lost
p838,0,Prompt,"Column 4 is the right **first idea**.

But ask yourself: after you play 4, **what can Yellow do?** If Yellow also plays column 4, your next “4” lands higher than expected. So don’t assume 4-4 automatically works—check Yellow’s best reply.

What threat are you creating with the first 4?",False,lost
p838,1,Provide Correct Answer,"Yes—Yellow has an immediate-looking vertical threat in **column 4** (Yellow at rows 1–2, and Red already at row 3 blocking the 3rd spot).

So playing **column 4** is the key defensive move: it keeps control of that column and prevents Yellow from building there. Since you only have 2 Red moves left, make sure your first move doesn’t allow Yellow a direct win elsewhere.",False,lost
p838,1,Direct Instruction,"Yes—Yellow has an immediate-looking vertical threat in **column 4** (Yellow at rows 1–2, and Red already at row 3 blocking the 3rd spot).

So playing **column 4** is the key defensive move: it keeps control of that column and prevents Yellow from building there. Since you only have 2 Red moves left, make sure your first move doesn’t allow Yellow a direct win elsewhere.",False,lost
p699,0,Hint,"Column 2 would land at **row 3**, yes. It gives you a **vertical 3** in column 2, aiming for row 4 — but Yellow could simply play column 2 next to block it, so it’s a **single threat**, not very forcing.

Before choosing it, ask: does another move create a threat Yellow *must* answer while also setting up a second threat? Look especially at the center columns, where you have/Yellow has several connected pieces.",False,won
p699,0,Prompt,"Column 2 would land at **row 3**, yes. It gives you a **vertical 3** in column 2, aiming for row 4 — but Yellow could simply play column 2 next to block it, so it’s a **single threat**, not very forcing.

Before choosing it, ask: does another move create a threat Yellow *must* answer while also setting up a second threat? Look especially at the center columns, where you have/Yellow has several connected pieces.",False,won
p699,0,Paraphrase,"Column 2 would land at **row 3**, yes. It gives you a **vertical 3** in column 2, aiming for row 4 — but Yellow could simply play column 2 next to block it, so it’s a **single threat**, not very forcing.

Before choosing it, ask: does another move create a threat Yellow *must* answer while also setting up a second threat? Look especially at the center columns, where you have/Yellow has several connected pieces.",False,won
p699,0,Neutral Feedback,"Column 2 would land at **row 3**, yes. It gives you a **vertical 3** in column 2, aiming for row 4 — but Yellow could simply play column 2 next to block it, so it’s a **single threat**, not very forcing.

Before choosing it, ask: does another move create a threat Yellow *must* answer while also setting up a second threat? Look especially at the center columns, where you have/Yellow has several connected pieces.",False,won
p699,1,Provide Correct Answer,"The move that benefits you most is **column 4** — your disc lands at **row 3, column 4**.

Why it’s strong:
- It **uses the center**, giving you more ways to build lines.
- It also interferes with Yellow’s central structure around columns **3–5**.
- Other moves look tempting, but they don’t pressure Yellow as much or may let Yellow stabilize.

So I’d play **column 4**.",False,won
p699,1,Direct Instruction,"The move that benefits you most is **column 4** — your disc lands at **row 3, column 4**.

Why it’s strong:
- It **uses the center**, giving you more ways to build lines.
- It also interferes with Yellow’s central structure around columns **3–5**.
- Other moves look tempting, but they don’t pressure Yellow as much or may let Yellow stabilize.

So I’d play **column 4**.",False,won
p400,0,Provide Correct Answer,"Best move: **Column 4**.

Why: Red’s disc lands at **row 3**, blocking Yellow’s dangerous **two-in-a-column** in column 4. If Red ignores it, Yellow can play there and start creating a strong vertical threat. Column 4 also keeps Red in the center, which gives the best chance to build threats in the remaining moves.",False,lost
p400,0,Direct Instruction,"Best move: **Column 4**.

Why: Red’s disc lands at **row 3**, blocking Yellow’s dangerous **two-in-a-column** in column 4. If Red ignores it, Yellow can play there and start creating a strong vertical threat. Column 4 also keeps Red in the center, which gives the best chance to build threats in the remaining moves.",False,lost
p400,1,Direct Instruction,"Think about **Yellow’s immediate threat** first: Yellow already has discs in **column 4 rows 1–2**, and Red is at **row 3**, so that’s contained for now.

For Red’s next move, ask: **Can I create a threat Yellow must answer, rather than just block?**  
Look at the center columns—especially **column 4**—because playing there can stack on your existing Red at **4,3** and keep control of the strongest area.",False,lost
p400,1,Hint,"Think about **Yellow’s immediate threat** first: Yellow already has discs in **column 4 rows 1–2**, and Red is at **row 3**, so that’s contained for now.

For Red’s next move, ask: **Can I create a threat Yellow must answer, rather than just block?**  
Look at the center columns—especially **column 4**—because playing there can stack on your existing Red at **4,3** and keep control of the strongest area.",False,lost
p400,1,Prompt,"Think about **Yellow’s immediate threat** first: Yellow already has discs in **column 4 rows 1–2**, and Red is at **row 3**, so that’s contained for now.

For Red’s next move, ask: **Can I create a threat Yellow must answer, rather than just block?**  
Look at the center columns—especially **column 4**—because playing there can stack on your existing Red at **4,3** and keep control of the strongest area.",False,lost
p400,2,Direct Instruction,"Column **2** is tempting: it would give Red **three vertical discs** in column 2, threatening to win at **col 2, row 4** next.

But it’s only a **single threat**—Yellow can simply play **column 2** to block it. So it doesn’t keep as much pressure as the key center move.",False,lost
p400,2,Paraphrase,"Column **2** is tempting: it would give Red **three vertical discs** in column 2, threatening to win at **col 2, row 4** next.

But it’s only a **single threat**—Yellow can simply play **column 2** to block it. So it doesn’t keep as much pressure as the key center move.",False,lost
p400,2,Neutral Feedback,"Column **2** is tempting: it would give Red **three vertical discs** in column 2, threatening to win at **col 2, row 4** next.

But it’s only a **single threat**—Yellow can simply play **column 2** to block it. So it doesn’t keep as much pressure as the key center move.",False,lost
p400,3,Provide Correct Answer,"The best move is **column 4**.

Why: it puts Red at **c4 row 4**, building a strong central vertical stack above your Red at **c4 row 3** while also avoiding giving Yellow an easy defensive reset. It’s the move that keeps your winning chances/forced win alive with only **2 moves left**.",False,lost
p400,3,Direct Instruction,"The best move is **column 4**.

Why: it puts Red at **c4 row 4**, building a strong central vertical stack above your Red at **c4 row 3** while also avoiding giving Yellow an easy defensive reset. It’s the move that keeps your winning chances/forced win alive with only **2 moves left**.",False,lost
p400,4,Hint,"Look for a move that creates an **immediate 4-in-a-row threat**, not just a block.

Key area: your Reds at **c3 r1, c4 r2, c5 r3?** — check the diagonal possibilities and which column would complete/support one. Also make sure Yellow doesn’t already have a direct win you must block.",False,lost
p400,4,Prompt,"Look for a move that creates an **immediate 4-in-a-row threat**, not just a block.

Key area: your Reds at **c3 r1, c4 r2, c5 r3?** — check the diagonal possibilities and which column would complete/support one. Also make sure Yellow doesn’t already have a direct win you must block.",False,lost
p400,5,Provide Correct Answer,"Best move: **column 5**.

It lands at **c5 row 4**, creating a strong **diagonal threat** with your Reds around the center and avoiding giving Yellow the key square. With only 1 move left, this is the move that keeps Red’s forced win alive.",False,lost
p400,5,Direct Instruction,"Best move: **column 5**.

It lands at **c5 row 4**, creating a strong **diagonal threat** with your Reds around the center and avoiding giving Yellow the key square. With only 1 move left, this is the move that keeps Red’s forced win alive.",False,lost
p266,0,Direct Instruction,"Yes — column 3 looks like it sets up a diagonal threat at **3,4** (with Red at **6,1–5,2–4,3**), but Yellow can simply play **column 3** next and occupy that blocking square.

So the key question is: **does playing 3 create only one threat, or does it create a second threat Yellow can’t block at the same time?** If it’s only that diagonal, it’s probably too easy for Yellow to stop.",False,won
p266,0,Prompt,"Yes — column 3 looks like it sets up a diagonal threat at **3,4** (with Red at **6,1–5,2–4,3**), but Yellow can simply play **column 3** next and occupy that blocking square.

So the key question is: **does playing 3 create only one threat, or does it create a second threat Yellow can’t block at the same time?** If it’s only that diagonal, it’s probably too easy for Yellow to stop.",False,won
p266,1,Provide Correct Answer,"Column **2** is tempting because it makes a vertical 3 (**2,1–2,3**) needing **2,4**.

But it’s probably **too easy for Yellow to block** by playing column 2 next. I’d compare it with **column 4**, which creates more pressure because it builds on your Red at **4,3** and can make threats Yellow may not be able to answer as simply.",False,won
p266,1,Direct Instruction,"Column **2** is tempting because it makes a vertical 3 (**2,1–2,3**) needing **2,4**.

But it’s probably **too easy for Yellow to block** by playing column 2 next. I’d compare it with **column 4**, which creates more pressure because it builds on your Red at **4,3** and can make threats Yellow may not be able to answer as simply.",False,won
p266,1,Hint,"Column **2** is tempting because it makes a vertical 3 (**2,1–2,3**) needing **2,4**.

But it’s probably **too easy for Yellow to block** by playing column 2 next. I’d compare it with **column 4**, which creates more pressure because it builds on your Red at **4,3** and can make threats Yellow may not be able to answer as simply.",False,won
p266,1,Paraphrase,"Column **2** is tempting because it makes a vertical 3 (**2,1–2,3**) needing **2,4**.

But it’s probably **too easy for Yellow to block** by playing column 2 next. I’d compare it with **column 4**, which creates more pressure because it builds on your Red at **4,3** and can make threats Yellow may not be able to answer as simply.",False,won
p266,2,Provide Correct Answer,"Play **column 4**.

It lands at **4,4**, right above your Red at **4,3**. Most importantly, it creates/keeps stronger threats than columns 2 or 3, which Yellow can block too easily.",False,won
p266,2,Direct Instruction,"Play **column 4**.

It lands at **4,4**, right above your Red at **4,3**. Most importantly, it creates/keeps stronger threats than columns 2 or 3, which Yellow can block too easily.",False,won
p266,3,Direct Instruction,"I wouldn’t play **2** now — Yellow can likely answer your vertical threat at **2,4**, so it’s a bit too one-dimensional.

Look closely at **column 5** instead: what Red threats would a move there create, especially involving your Red at **4,4** and **6,3**?",False,won
p266,3,Hint,"I wouldn’t play **2** now — Yellow can likely answer your vertical threat at **2,4**, so it’s a bit too one-dimensional.

Look closely at **column 5** instead: what Red threats would a move there create, especially involving your Red at **4,4** and **6,3**?",False,won
p266,3,Prompt,"I wouldn’t play **2** now — Yellow can likely answer your vertical threat at **2,4**, so it’s a bit too one-dimensional.

Look closely at **column 5** instead: what Red threats would a move there create, especially involving your Red at **4,4** and **6,3**?",False,won
p266,3,Negative Feedback,"I wouldn’t play **2** now — Yellow can likely answer your vertical threat at **2,4**, so it’s a bit too one-dimensional.

Look closely at **column 5** instead: what Red threats would a move there create, especially involving your Red at **4,4** and **6,3**?",False,won
p266,4,Direct Instruction,"I don’t think **6** is needed as a block here.

Ask: if Yellow plays column 6, what 4-in-a-row do they complete? I don’t see an immediate Yellow win there. So instead of “blocking,” look for a move in the **center (3–5)** that creates a Red threat Yellow must answer.",False,won
p266,4,Hint,"I don’t think **6** is needed as a block here.

Ask: if Yellow plays column 6, what 4-in-a-row do they complete? I don’t see an immediate Yellow win there. So instead of “blocking,” look for a move in the **center (3–5)** that creates a Red threat Yellow must answer.",False,won
p266,4,Prompt,"I don’t think **6** is needed as a block here.

Ask: if Yellow plays column 6, what 4-in-a-row do they complete? I don’t see an immediate Yellow win there. So instead of “blocking,” look for a move in the **center (3–5)** that creates a Red threat Yellow must answer.",False,won
p266,4,Pose Simplified Problem,"I don’t think **6** is needed as a block here.

Ask: if Yellow plays column 6, what 4-in-a-row do they complete? I don’t see an immediate Yellow win there. So instead of “blocking,” look for a move in the **center (3–5)** that creates a Red threat Yellow must answer.",False,won
p266,4,Negative Feedback,"I don’t think **6** is needed as a block here.

Ask: if Yellow plays column 6, what 4-in-a-row do they complete? I don’t see an immediate Yellow win there. So instead of “blocking,” look for a move in the **center (3–5)** that creates a Red threat Yellow must answer.",False,won
p166,0,Provide Correct Answer,"Best winning plan: **play column 4 now**.

Why: Yellow has a dangerous stack in column 4, and dropping Red there gives you control of the key central square while preventing Yellow from building upward. From there, look to create a threat that Yellow can’t answer in your final moves—especially using the center/diagonal connections around columns 2–6.",False,won
p166,0,Direct Instruction,"Best winning plan: **play column 4 now**.

Why: Yellow has a dangerous stack in column 4, and dropping Red there gives you control of the key central square while preventing Yellow from building upward. From there, look to create a threat that Yellow can’t answer in your final moves—especially using the center/diagonal connections around columns 2–6.",False,won
p166,0,Hint,"Best winning plan: **play column 4 now**.

Why: Yellow has a dangerous stack in column 4, and dropping Red there gives you control of the key central square while preventing Yellow from building upward. From there, look to create a threat that Yellow can’t answer in your final moves—especially using the center/diagonal connections around columns 2–6.",False,won
p832,0,Direct Instruction,"I’d be cautious with **3V / 5H**: neither seems to address Yellow’s central build-up.

Key question: **what does Yellow get next around column 4?** They already have Yellow at **4,1 and 4,2**, plus diagonal ideas involving **7,1–6,2–5,3–4,4**.

Look for a Red move that **both**:
- slows Yellow’s column-4/diagonal potential, and
- builds off your diagonal **6,1 → 5,2 → …**

What column would do both?",False,lost
p832,0,Hint,"I’d be cautious with **3V / 5H**: neither seems to address Yellow’s central build-up.

Key question: **what does Yellow get next around column 4?** They already have Yellow at **4,1 and 4,2**, plus diagonal ideas involving **7,1–6,2–5,3–4,4**.

Look for a Red move that **both**:
- slows Yellow’s column-4/diagonal potential, and
- builds off your diagonal **6,1 → 5,2 → …**

What column would do both?",False,lost
p832,0,Prompt,"I’d be cautious with **3V / 5H**: neither seems to address Yellow’s central build-up.

Key question: **what does Yellow get next around column 4?** They already have Yellow at **4,1 and 4,2**, plus diagonal ideas involving **7,1–6,2–5,3–4,4**.

Look for a Red move that **both**:
- slows Yellow’s column-4/diagonal potential, and
- builds off your diagonal **6,1 → 5,2 → …**

What column would do both?",False,lost
p832,1,Direct Instruction,"Yeah, agreed — coordinates are clunky here. We’ll use **column,row**: so **3,1** means column 3 bottom row; **5,2** means column 5 second row.

On this board, your candidate **3V / 5H** wording is hard for me to map, but if you mean playing **column 3 or column 5**, ask:  
- Does it stop Yellow’s vertical stack in **column 4**?  
- Does it create an immediate Red threat, or just build slowly?

Notice Yellow already has **4,1 and 4,2**, so the next open spot there is important. What happens if Red doesn’t play around **column 4** now?",False,lost
p832,1,Hint,"Yeah, agreed — coordinates are clunky here. We’ll use **column,row**: so **3,1** means column 3 bottom row; **5,2** means column 5 second row.

On this board, your candidate **3V / 5H** wording is hard for me to map, but if you mean playing **column 3 or column 5**, ask:  
- Does it stop Yellow’s vertical stack in **column 4**?  
- Does it create an immediate Red threat, or just build slowly?

Notice Yellow already has **4,1 and 4,2**, so the next open spot there is important. What happens if Red doesn’t play around **column 4** now?",False,lost
p832,1,Prompt,"Yeah, agreed — coordinates are clunky here. We’ll use **column,row**: so **3,1** means column 3 bottom row; **5,2** means column 5 second row.

On this board, your candidate **3V / 5H** wording is hard for me to map, but if you mean playing **column 3 or column 5**, ask:  
- Does it stop Yellow’s vertical stack in **column 4**?  
- Does it create an immediate Red threat, or just build slowly?

Notice Yellow already has **4,1 and 4,2**, so the next open spot there is important. What happens if Red doesn’t play around **column 4** now?",False,lost
p832,1,Pose Simplified Problem,"Yeah, agreed — coordinates are clunky here. We’ll use **column,row**: so **3,1** means column 3 bottom row; **5,2** means column 5 second row.

On this board, your candidate **3V / 5H** wording is hard for me to map, but if you mean playing **column 3 or column 5**, ask:  
- Does it stop Yellow’s vertical stack in **column 4**?  
- Does it create an immediate Red threat, or just build slowly?

Notice Yellow already has **4,1 and 4,2**, so the next open spot there is important. What happens if Red doesn’t play around **column 4** now?",False,lost
p832,1,Paraphrase,"Yeah, agreed — coordinates are clunky here. We’ll use **column,row**: so **3,1** means column 3 bottom row; **5,2** means column 5 second row.

On this board, your candidate **3V / 5H** wording is hard for me to map, but if you mean playing **column 3 or column 5**, ask:  
- Does it stop Yellow’s vertical stack in **column 4**?  
- Does it create an immediate Red threat, or just build slowly?

Notice Yellow already has **4,1 and 4,2**, so the next open spot there is important. What happens if Red doesn’t play around **column 4** now?",False,lost
p244,0,Direct Instruction,"Yes — playing **(4,3)** was a good move because it **blocked Yellow’s immediate vertical threat** in column 4: Yellow already had **(4,1)** and **(4,2)**, so if you didn’t play there, Yellow could take **(4,3)** and build toward a win.

Good defensive move, and it keeps you in the game.",False,won
p244,0,Positive Feedback,"Yes — playing **(4,3)** was a good move because it **blocked Yellow’s immediate vertical threat** in column 4: Yellow already had **(4,1)** and **(4,2)**, so if you didn’t play there, Yellow could take **(4,3)** and build toward a win.

Good defensive move, and it keeps you in the game.",False,won
p244,1,Direct Instruction,"Probably **no** — your move at **column 4, row 3** was the important move.

It blocks Yellow’s stack in column 4, and from this position the key idea is still to **control column 4**. If you’d played elsewhere, Yellow could likely take over that column and create a much stronger threat.",False,won
p244,1,Neutral Feedback,"Probably **no** — your move at **column 4, row 3** was the important move.

It blocks Yellow’s stack in column 4, and from this position the key idea is still to **control column 4**. If you’d played elsewhere, Yellow could likely take over that column and create a much stronger threat.",False,won
p244,2,Provide Correct Answer,"Best move now: **column 4** — it lands at **(4,4)**.

Why: Yellow has a diagonal threat **(5,3)-(6,2)-(7,1)**, and the winning square is **(4,4)**. If Red doesn’t take **column 4** now, Yellow can play there and win.",False,won
p244,2,Direct Instruction,"Best move now: **column 4** — it lands at **(4,4)**.

Why: Yellow has a diagonal threat **(5,3)-(6,2)-(7,1)**, and the winning square is **(4,4)**. If Red doesn’t take **column 4** now, Yellow can play there and win.",False,won
p244,3,Provide Correct Answer,"I can’t actually query an external solved Connect Four bot from here, but **yes: column 4 is the move that keeps Red’s forced win** in this position.

Play **column 4**, landing at **(4,4)**. It both:
- blocks Yellow’s diagonal threat through **(7,1)-(6,2)-(5,3)-(4,4)**, and
- keeps Red’s central control/initiative.

So the confirmed best move is **4**.",False,won
p244,3,Direct Instruction,"I can’t actually query an external solved Connect Four bot from here, but **yes: column 4 is the move that keeps Red’s forced win** in this position.

Play **column 4**, landing at **(4,4)**. It both:
- blocks Yellow’s diagonal threat through **(7,1)-(6,2)-(5,3)-(4,4)**, and
- keeps Red’s central control/initiative.

So the confirmed best move is **4**.",False,won
p244,4,Provide Correct Answer,"Now the best move is **column 5**, landing at **(5,4)**.

Key idea: it keeps Red’s forcing chances alive and avoids letting Yellow take over the critical central threat structure. So with 1 move left, play **5**.",False,won
p244,4,Direct Instruction,"Now the best move is **column 5**, landing at **(5,4)**.

Key idea: it keeps Red’s forcing chances alive and avoids letting Yellow take over the critical central threat structure. So with 1 move left, play **5**.",False,won
p119,0,Direct Instruction,"If you mean **column 7**, your red disc would land at **row 2** (not row 3), because row 1 is already occupied by Yellow.

Before choosing it, ask:

- Does it **block any immediate Yellow win**?  
- Does it **create an immediate Red threat** next turn?  
- Does it let Yellow make a strong reply, like a **3-in-a-row with an open end**?

Column 7 looks more like a side move than a forcing move here. I’d compare it against moves that address the center/diagonal threats more directly.",False,won
p119,0,Hint,"If you mean **column 7**, your red disc would land at **row 2** (not row 3), because row 1 is already occupied by Yellow.

Before choosing it, ask:

- Does it **block any immediate Yellow win**?  
- Does it **create an immediate Red threat** next turn?  
- Does it let Yellow make a strong reply, like a **3-in-a-row with an open end**?

Column 7 looks more like a side move than a forcing move here. I’d compare it against moves that address the center/diagonal threats more directly.",False,won
p119,0,Prompt,"If you mean **column 7**, your red disc would land at **row 2** (not row 3), because row 1 is already occupied by Yellow.

Before choosing it, ask:

- Does it **block any immediate Yellow win**?  
- Does it **create an immediate Red threat** next turn?  
- Does it let Yellow make a strong reply, like a **3-in-a-row with an open end**?

Column 7 looks more like a side move than a forcing move here. I’d compare it against moves that address the center/diagonal threats more directly.",False,won
p119,0,Neutral Feedback,"If you mean **column 7**, your red disc would land at **row 2** (not row 3), because row 1 is already occupied by Yellow.

Before choosing it, ask:

- Does it **block any immediate Yellow win**?  
- Does it **create an immediate Red threat** next turn?  
- Does it let Yellow make a strong reply, like a **3-in-a-row with an open end**?

Column 7 looks more like a side move than a forcing move here. I’d compare it against moves that address the center/diagonal threats more directly.",False,won
p119,1,Direct Instruction,"You’re right: I don’t see an **immediate Yellow win next move**.

But with only **3 Red moves left**, the key question is: does column 7 create a **forcing threat** for Red? If you play **7**, it lands at **7,2**, but it doesn’t seem to make a strong 3-in-a-row or force Yellow to block.

Also notice Yellow has two stacked in **column 4** at rows 1–2, so the center is strategically important. Ask yourself: can Red use that column to make a threat rather than just playing on the edge?",False,won
p119,1,Hint,"You’re right: I don’t see an **immediate Yellow win next move**.

But with only **3 Red moves left**, the key question is: does column 7 create a **forcing threat** for Red? If you play **7**, it lands at **7,2**, but it doesn’t seem to make a strong 3-in-a-row or force Yellow to block.

Also notice Yellow has two stacked in **column 4** at rows 1–2, so the center is strategically important. Ask yourself: can Red use that column to make a threat rather than just playing on the edge?",False,won
p119,1,Prompt,"You’re right: I don’t see an **immediate Yellow win next move**.

But with only **3 Red moves left**, the key question is: does column 7 create a **forcing threat** for Red? If you play **7**, it lands at **7,2**, but it doesn’t seem to make a strong 3-in-a-row or force Yellow to block.

Also notice Yellow has two stacked in **column 4** at rows 1–2, so the center is strategically important. Ask yourself: can Red use that column to make a threat rather than just playing on the edge?",False,won
p119,1,Positive Feedback,"You’re right: I don’t see an **immediate Yellow win next move**.

But with only **3 Red moves left**, the key question is: does column 7 create a **forcing threat** for Red? If you play **7**, it lands at **7,2**, but it doesn’t seem to make a strong 3-in-a-row or force Yellow to block.

Also notice Yellow has two stacked in **column 4** at rows 1–2, so the center is strategically important. Ask yourself: can Red use that column to make a threat rather than just playing on the edge?",False,won
p119,2,Direct Instruction,"Column **5** would land at **5,3**, yes — but ask yourself: **which Yellow 4-line are you blocking there?** I don’t see an immediate Yellow threat that needs blocking on 5,3.

It would give Red a small shape with **5,2–5,3** and **6,3**, but the bigger question is whether you can create a **forcing threat** instead of making a defensive move. Pay special attention to the **center column 4**, where Yellow already has discs at **4,1 and 4,2**.",False,won
p119,2,Hint,"Column **5** would land at **5,3**, yes — but ask yourself: **which Yellow 4-line are you blocking there?** I don’t see an immediate Yellow threat that needs blocking on 5,3.

It would give Red a small shape with **5,2–5,3** and **6,3**, but the bigger question is whether you can create a **forcing threat** instead of making a defensive move. Pay special attention to the **center column 4**, where Yellow already has discs at **4,1 and 4,2**.",False,won
p119,2,Prompt,"Column **5** would land at **5,3**, yes — but ask yourself: **which Yellow 4-line are you blocking there?** I don’t see an immediate Yellow threat that needs blocking on 5,3.

It would give Red a small shape with **5,2–5,3** and **6,3**, but the bigger question is whether you can create a **forcing threat** instead of making a defensive move. Pay special attention to the **center column 4**, where Yellow already has discs at **4,1 and 4,2**.",False,won
p119,2,Paraphrase,"Column **5** would land at **5,3**, yes — but ask yourself: **which Yellow 4-line are you blocking there?** I don’t see an immediate Yellow threat that needs blocking on 5,3.

It would give Red a small shape with **5,2–5,3** and **6,3**, but the bigger question is whether you can create a **forcing threat** instead of making a defensive move. Pay special attention to the **center column 4**, where Yellow already has discs at **4,1 and 4,2**.",False,won
p119,2,Neutral Feedback,"Column **5** would land at **5,3**, yes — but ask yourself: **which Yellow 4-line are you blocking there?** I don’t see an immediate Yellow threat that needs blocking on 5,3.

It would give Red a small shape with **5,2–5,3** and **6,3**, but the bigger question is whether you can create a **forcing threat** instead of making a defensive move. Pay special attention to the **center column 4**, where Yellow already has discs at **4,1 and 4,2**.",False,won
p119,3,Provide Correct Answer,"Yes — **column 4, landing at row 3**, looks like a strong candidate.

Why it makes sense:
- It **stops Yellow from building upward in column 4** from Y at **4,1–4,2**.
- It also puts Red in the **center**, where it can connect in more directions.
- After Red at **4,3**, look for follow-up threats involving **5,2** and **6,1 / 6,3** diagonals or row-3 ideas.

So compared with column 7 or column 5, **column 4 is much more forcing/strategic**.",False,won
p119,3,Direct Instruction,"Yes — **column 4, landing at row 3**, looks like a strong candidate.

Why it makes sense:
- It **stops Yellow from building upward in column 4** from Y at **4,1–4,2**.
- It also puts Red in the **center**, where it can connect in more directions.
- After Red at **4,3**, look for follow-up threats involving **5,2** and **6,1 / 6,3** diagonals or row-3 ideas.

So compared with column 7 or column 5, **column 4 is much more forcing/strategic**.",False,won
p119,3,Hint,"Yes — **column 4, landing at row 3**, looks like a strong candidate.

Why it makes sense:
- It **stops Yellow from building upward in column 4** from Y at **4,1–4,2**.
- It also puts Red in the **center**, where it can connect in more directions.
- After Red at **4,3**, look for follow-up threats involving **5,2** and **6,1 / 6,3** diagonals or row-3 ideas.

So compared with column 7 or column 5, **column 4 is much more forcing/strategic**.",False,won
p119,4,Direct Instruction,"I agree: I don’t see an **immediate Yellow win** you must block.

Since this is your last Red move, look for the move that creates the strongest final threat. Focus on the square **column 5, row 4**: it would sit next to your Red stack at **4,3–4,4** and above Yellow at **5,3**, making it the key forcing square to examine.",False,won
p119,4,Hint,"I agree: I don’t see an **immediate Yellow win** you must block.

Since this is your last Red move, look for the move that creates the strongest final threat. Focus on the square **column 5, row 4**: it would sit next to your Red stack at **4,3–4,4** and above Yellow at **5,3**, making it the key forcing square to examine.",False,won
p119,4,Positive Feedback,"I agree: I don’t see an **immediate Yellow win** you must block.

Since this is your last Red move, look for the move that creates the strongest final threat. Focus on the square **column 5, row 4**: it would sit next to your Red stack at **4,3–4,4** and above Yellow at **5,3**, making it the key forcing square to examine.",False,won
p389,0,Hint,"Yes—first check **Yellow’s immediate threats** in the center.

Ask yourself: if Red doesn’t play on top of Yellow’s stack in the middle, can Yellow use that square next turn to build a strong threat? Also look for a Red move that both **blocks/controls the center** and sets up future threats.

So I’d focus your attention on the **central columns**, especially the column where Yellow already has two discs stacked.",False,lost
p389,0,Prompt,"Yes—first check **Yellow’s immediate threats** in the center.

Ask yourself: if Red doesn’t play on top of Yellow’s stack in the middle, can Yellow use that square next turn to build a strong threat? Also look for a Red move that both **blocks/controls the center** and sets up future threats.

So I’d focus your attention on the **central columns**, especially the column where Yellow already has two discs stacked.",False,lost
p540,0,Provide Correct Answer,"Yes — **column 4 is the must-play** here for Red.

It keeps your winning plan alive; other moves let Yellow neutralize or take over the key central threats. Drop in **column 4**.",False,lost
p540,0,Direct Instruction,"Yes — **column 4 is the must-play** here for Red.

It keeps your winning plan alive; other moves let Yellow neutralize or take over the key central threats. Drop in **column 4**.",False,lost
p540,0,Positive Feedback,"Yes — **column 4 is the must-play** here for Red.

It keeps your winning plan alive; other moves let Yellow neutralize or take over the key central threats. Drop in **column 4**.",False,lost
p540,1,Provide Correct Answer,"Column 3 is tempting, but ask yourself: **what immediate Yellow threats appear if you don’t address the center-right?**

Yellow already has strong material around **c4/c5/c6 area?** especially the diagonal/vertical possibilities involving **column 5**. The move that best preserves Red’s winning chances is **column 5**.

So I’d play **5**, not 3.",False,lost
p540,1,Direct Instruction,"Column 3 is tempting, but ask yourself: **what immediate Yellow threats appear if you don’t address the center-right?**

Yellow already has strong material around **c4/c5/c6 area?** especially the diagonal/vertical possibilities involving **column 5**. The move that best preserves Red’s winning chances is **column 5**.

So I’d play **5**, not 3.",False,lost
p540,1,Prompt,"Column 3 is tempting, but ask yourself: **what immediate Yellow threats appear if you don’t address the center-right?**

Yellow already has strong material around **c4/c5/c6 area?** especially the diagonal/vertical possibilities involving **column 5**. The move that best preserves Red’s winning chances is **column 5**.

So I’d play **5**, not 3.",False,lost
p281,0,Hint,"Start by checking: **does Yellow have an immediate 3-in-a-row threat you must block?** Then look for a move that also builds your own threat.

A good place to examine is **column 3**: if Red plays there, it lands at **row 3**, and it connects with your Red discs nearby while also affecting Yellow’s diagonal/center chances.

Before choosing, ask yourself: after I play this, does Yellow get an instant win anywhere next turn?",False,lost
p281,0,Prompt,"Start by checking: **does Yellow have an immediate 3-in-a-row threat you must block?** Then look for a move that also builds your own threat.

A good place to examine is **column 3**: if Red plays there, it lands at **row 3**, and it connects with your Red discs nearby while also affecting Yellow’s diagonal/center chances.

Before choosing, ask yourself: after I play this, does Yellow get an instant win anywhere next turn?",False,lost
p8,0,Provide Correct Answer,"Put your red counter in **column 4**.

Why: Yellow has a dangerous diagonal on the left-to-right slope:

- Yellow at **column 7 row 1**
- Yellow at **column 6 row 2**
- Yellow at **column 5 row 3**
- The winning space would be **column 4 row 4**

That square is playable now, so if you don’t take **column 4**, Yellow can win there next. Playing **column 4** blocks that threat and keeps your winning chances alive.",False,won
p8,0,Direct Instruction,"Put your red counter in **column 4**.

Why: Yellow has a dangerous diagonal on the left-to-right slope:

- Yellow at **column 7 row 1**
- Yellow at **column 6 row 2**
- Yellow at **column 5 row 3**
- The winning space would be **column 4 row 4**

That square is playable now, so if you don’t take **column 4**, Yellow can win there next. Playing **column 4** blocks that threat and keeps your winning chances alive.",False,won
p8,1,Provide Correct Answer,"Play **column 5**.

That lands your red at **column 5, row 4**, creating a strong threat: you’ll have a horizontal line building across **columns 4–6 on row 4/3 area**, while also stopping Yellow from getting too much control on the left. It’s the move that keeps you on the winning track here.",False,won
p8,1,Direct Instruction,"Play **column 5**.

That lands your red at **column 5, row 4**, creating a strong threat: you’ll have a horizontal line building across **columns 4–6 on row 4/3 area**, while also stopping Yellow from getting too much control on the left. It’s the move that keeps you on the winning track here.",False,won
p828,0,Direct Instruction,"Column 2 would **create a vertical threat**: Red would have discs at **c2 rows 1–3**, needing **c2 row 4** next.

But ask: **can Yellow immediately block that by playing column 2?** Yes — Yellow could drop into **c2 row 4**, stopping it.

So column 2 improves one obvious threat, but it may be a bit “single-purpose”: it gives Yellow a clear block and may not build a harder-to-stop double threat. Before choosing it, compare: *does another move create two threats at once or force Yellow’s reply?*",False,lost
p828,0,Hint,"Column 2 would **create a vertical threat**: Red would have discs at **c2 rows 1–3**, needing **c2 row 4** next.

But ask: **can Yellow immediately block that by playing column 2?** Yes — Yellow could drop into **c2 row 4**, stopping it.

So column 2 improves one obvious threat, but it may be a bit “single-purpose”: it gives Yellow a clear block and may not build a harder-to-stop double threat. Before choosing it, compare: *does another move create two threats at once or force Yellow’s reply?*",False,lost
p828,0,Prompt,"Column 2 would **create a vertical threat**: Red would have discs at **c2 rows 1–3**, needing **c2 row 4** next.

But ask: **can Yellow immediately block that by playing column 2?** Yes — Yellow could drop into **c2 row 4**, stopping it.

So column 2 improves one obvious threat, but it may be a bit “single-purpose”: it gives Yellow a clear block and may not build a harder-to-stop double threat. Before choosing it, compare: *does another move create two threats at once or force Yellow’s reply?*",False,lost
p828,1,Direct Instruction,"Column 5 would drop to **c5 row 3**, giving you a small vertical build (**c5 rows 2–3**) and linking near your **c6 row 3**.

But the issue: it **doesn’t force Yellow to respond**, and Yellow may get time to strengthen their own central stack (especially around **column 4**). So it may *look* like it adds possibilities, but it likely gives Yellow too much freedom.

Ask yourself: after Red plays 5, what is Yellow’s most forcing reply?",False,lost
p828,1,Prompt,"Column 5 would drop to **c5 row 3**, giving you a small vertical build (**c5 rows 2–3**) and linking near your **c6 row 3**.

But the issue: it **doesn’t force Yellow to respond**, and Yellow may get time to strengthen their own central stack (especially around **column 4**). So it may *look* like it adds possibilities, but it likely gives Yellow too much freedom.

Ask yourself: after Red plays 5, what is Yellow’s most forcing reply?",False,lost
p828,1,Paraphrase,"Column 5 would drop to **c5 row 3**, giving you a small vertical build (**c5 rows 2–3**) and linking near your **c6 row 3**.

But the issue: it **doesn’t force Yellow to respond**, and Yellow may get time to strengthen their own central stack (especially around **column 4**). So it may *look* like it adds possibilities, but it likely gives Yellow too much freedom.

Ask yourself: after Red plays 5, what is Yellow’s most forcing reply?",False,lost
p828,1,Negative Feedback,"Column 5 would drop to **c5 row 3**, giving you a small vertical build (**c5 rows 2–3**) and linking near your **c6 row 3**.

But the issue: it **doesn’t force Yellow to respond**, and Yellow may get time to strengthen their own central stack (especially around **column 4**). So it may *look* like it adds possibilities, but it likely gives Yellow too much freedom.

Ask yourself: after Red plays 5, what is Yellow’s most forcing reply?",False,lost
p828,2,Provide Correct Answer,"Yes—column **4** is doing two useful things:

- It lands at **c4 row 3**, directly sitting on top of Yellow’s **c4 row 1–2**, so it stops Yellow from building that central vertical.
- It also makes a diagonal line with your **c5 row 2** and **c6 row 1**: **c4-r3, c5-r2, c6-r1**.

So compared with columns 2 or 5, column 4 looks more forcing: it **blocks Yellow while improving Red’s shape**.",False,lost
p828,2,Direct Instruction,"Yes—column **4** is doing two useful things:

- It lands at **c4 row 3**, directly sitting on top of Yellow’s **c4 row 1–2**, so it stops Yellow from building that central vertical.
- It also makes a diagonal line with your **c5 row 2** and **c6 row 1**: **c4-r3, c5-r2, c6-r1**.

So compared with columns 2 or 5, column 4 looks more forcing: it **blocks Yellow while improving Red’s shape**.",False,lost
p828,2,Positive Feedback,"Yes—column **4** is doing two useful things:

- It lands at **c4 row 3**, directly sitting on top of Yellow’s **c4 row 1–2**, so it stops Yellow from building that central vertical.
- It also makes a diagonal line with your **c5 row 2** and **c6 row 1**: **c4-r3, c5-r2, c6-r1**.

So compared with columns 2 or 5, column 4 looks more forcing: it **blocks Yellow while improving Red’s shape**.",False,lost
p378,0,Direct Instruction,"Yes—your previous move seems effective because Red still has a forcing opportunity.  

The key idea now is to look for a move that creates **multiple threats at once** (so Yellow can’t block them all), rather than just blocking one Yellow idea. Focus on the **center columns**, especially where your Red disc can build upward or connect diagonally.",False,won
p378,0,Hint,"Yes—your previous move seems effective because Red still has a forcing opportunity.  

The key idea now is to look for a move that creates **multiple threats at once** (so Yellow can’t block them all), rather than just blocking one Yellow idea. Focus on the **center columns**, especially where your Red disc can build upward or connect diagonally.",False,won
p378,0,Positive Feedback,"Yes—your previous move seems effective because Red still has a forcing opportunity.  

The key idea now is to look for a move that creates **multiple threats at once** (so Yellow can’t block them all), rather than just blocking one Yellow idea. Focus on the **center columns**, especially where your Red disc can build upward or connect diagonally.",False,won
p378,1,Direct Instruction,"Yes, if Yellow had an immediate 4-in-a-row threat, blocking it was likely necessary — in Connect Four, an immediate win threat usually must be answered.

Now ask: after that block, can Red make a move that creates **two threats at once**? Look especially at how a move can add to both a **horizontal** line and a **diagonal** line.",False,won
p378,1,Hint,"Yes, if Yellow had an immediate 4-in-a-row threat, blocking it was likely necessary — in Connect Four, an immediate win threat usually must be answered.

Now ask: after that block, can Red make a move that creates **two threats at once**? Look especially at how a move can add to both a **horizontal** line and a **diagonal** line.",False,won
p378,1,Prompt,"Yes, if Yellow had an immediate 4-in-a-row threat, blocking it was likely necessary — in Connect Four, an immediate win threat usually must be answered.

Now ask: after that block, can Red make a move that creates **two threats at once**? Look especially at how a move can add to both a **horizontal** line and a **diagonal** line.",False,won
p493,0,Provide Correct Answer,"Best first move: **Column 4**.

That drops Red into **col 4, row 3**, creating the key setup for a forced win. After Yellow responds, your next two moves depend on how they block—but keep looking for the follow-up threats around **row 3** and the diagonal through **4–5–6**.",False,won
p493,0,Direct Instruction,"Best first move: **Column 4**.

That drops Red into **col 4, row 3**, creating the key setup for a forced win. After Yellow responds, your next two moves depend on how they block—but keep looking for the follow-up threats around **row 3** and the diagonal through **4–5–6**.",False,won
p493,0,Hint,"Best first move: **Column 4**.

That drops Red into **col 4, row 3**, creating the key setup for a forced win. After Yellow responds, your next two moves depend on how they block—but keep looking for the follow-up threats around **row 3** and the diagonal through **4–5–6**.",False,won
p493,1,Direct Instruction,"Because **1, then 1** doesn’t create a forcing threat.

If Red plays **col 1**, it just stacks at **(1,1)**, then later **(1,2)**—but Yellow has time to defend, and Red doesn’t make an immediate “must-block” line or double threat.

The key is that **col 4** is playable at **row 3** and connects into the center structure, creating threats Yellow has to answer.",False,won
p493,1,Hint,"Because **1, then 1** doesn’t create a forcing threat.

If Red plays **col 1**, it just stacks at **(1,1)**, then later **(1,2)**—but Yellow has time to defend, and Red doesn’t make an immediate “must-block” line or double threat.

The key is that **col 4** is playable at **row 3** and connects into the center structure, creating threats Yellow has to answer.",False,won
p493,1,Negative Feedback,"Because **1, then 1** doesn’t create a forcing threat.

If Red plays **col 1**, it just stacks at **(1,1)**, then later **(1,2)**—but Yellow has time to defend, and Red doesn’t make an immediate “must-block” line or double threat.

The key is that **col 4** is playable at **row 3** and connects into the center structure, creating threats Yellow has to answer.",False,won
p385,0,Direct Instruction,"Column 3, row 2 is already occupied by Yellow, so if you drop in column 3 it would land on row 3.

I’d be cautious: before choosing column 3, ask yourself:

- Does it make an immediate 4 for Red?  
- Does it block an immediate Yellow 4?  
- Does it create a threat Yellow cannot block next turn?

Column 3 doesn’t seem to do much urgently. Look especially at the center columns—there may be a stronger move that creates a forced threat.",False,won
p385,0,Hint,"Column 3, row 2 is already occupied by Yellow, so if you drop in column 3 it would land on row 3.

I’d be cautious: before choosing column 3, ask yourself:

- Does it make an immediate 4 for Red?  
- Does it block an immediate Yellow 4?  
- Does it create a threat Yellow cannot block next turn?

Column 3 doesn’t seem to do much urgently. Look especially at the center columns—there may be a stronger move that creates a forced threat.",False,won
p385,0,Prompt,"Column 3, row 2 is already occupied by Yellow, so if you drop in column 3 it would land on row 3.

I’d be cautious: before choosing column 3, ask yourself:

- Does it make an immediate 4 for Red?  
- Does it block an immediate Yellow 4?  
- Does it create a threat Yellow cannot block next turn?

Column 3 doesn’t seem to do much urgently. Look especially at the center columns—there may be a stronger move that creates a forced threat.",False,won
p385,1,Hint,"Column 2 would land on row 3 and make a vertical stack of 3 Reds in column 2 — nice, but Yellow could simply block it later at column 2 row 4.

More importantly, ask: **does Red have a move that creates a threat Yellow must answer immediately, especially through the center?** Column 4 is worth checking carefully.",False,won
p385,1,Prompt,"Column 2 would land on row 3 and make a vertical stack of 3 Reds in column 2 — nice, but Yellow could simply block it later at column 2 row 4.

More importantly, ask: **does Red have a move that creates a threat Yellow must answer immediately, especially through the center?** Column 4 is worth checking carefully.",False,won
p385,1,Paraphrase,"Column 2 would land on row 3 and make a vertical stack of 3 Reds in column 2 — nice, but Yellow could simply block it later at column 2 row 4.

More importantly, ask: **does Red have a move that creates a threat Yellow must answer immediately, especially through the center?** Column 4 is worth checking carefully.",False,won
p385,1,Positive Feedback,"Column 2 would land on row 3 and make a vertical stack of 3 Reds in column 2 — nice, but Yellow could simply block it later at column 2 row 4.

More importantly, ask: **does Red have a move that creates a threat Yellow must answer immediately, especially through the center?** Column 4 is worth checking carefully.",False,won
p385,1,Neutral Feedback,"Column 2 would land on row 3 and make a vertical stack of 3 Reds in column 2 — nice, but Yellow could simply block it later at column 2 row 4.

More importantly, ask: **does Red have a move that creates a threat Yellow must answer immediately, especially through the center?** Column 4 is worth checking carefully.",False,won
p352,0,Direct Instruction,"A red piece should appear only if your move was accepted and it drops to the lowest empty hole in that column.

If it didn’t appear, likely one of these happened:

- The click/tap didn’t register.
- It wasn’t Red’s turn yet / the game hadn’t accepted input.
- You may have clicked a different column than intended.
- There was a brief update issue in the display.

This board still shows Red to move with 1 move left, so you can choose now. Before placing, check: what immediate Yellow threat do you see that Red may need to handle?",False,won
p352,0,Prompt,"A red piece should appear only if your move was accepted and it drops to the lowest empty hole in that column.

If it didn’t appear, likely one of these happened:

- The click/tap didn’t register.
- It wasn’t Red’s turn yet / the game hadn’t accepted input.
- You may have clicked a different column than intended.
- There was a brief update issue in the display.

This board still shows Red to move with 1 move left, so you can choose now. Before placing, check: what immediate Yellow threat do you see that Red may need to handle?",False,won
p127,0,Provide Correct Answer,"Play **column 5**.

That puts your Red disc at **row 4, column 5**, which is the move that keeps your forced win alive. It also helps control the center and sets up stronger threats instead of just reacting to Yellow.",False,won
p127,0,Direct Instruction,"Play **column 5**.

That puts your Red disc at **row 4, column 5**, which is the move that keeps your forced win alive. It also helps control the center and sets up stronger threats instead of just reacting to Yellow.",False,won
p732,0,Direct Instruction,"Column 4 lands at row 3.

Now watch Yellow’s threats: Yellow already has a diagonal line through **c7r1–c6r2–c5r3**, so they may be aiming toward **c4r4** next. Also keep an eye on horizontal/vertical blocks around columns **5–6**.

Since you have no moves left this turn, let’s see where Yellow plays next.",False,won
p732,0,Hint,"Column 4 lands at row 3.

Now watch Yellow’s threats: Yellow already has a diagonal line through **c7r1–c6r2–c5r3**, so they may be aiming toward **c4r4** next. Also keep an eye on horizontal/vertical blocks around columns **5–6**.

Since you have no moves left this turn, let’s see where Yellow plays next.",False,won
p732,0,Prompt,"Column 4 lands at row 3.

Now watch Yellow’s threats: Yellow already has a diagonal line through **c7r1–c6r2–c5r3**, so they may be aiming toward **c4r4** next. Also keep an eye on horizontal/vertical blocks around columns **5–6**.

Since you have no moves left this turn, let’s see where Yellow plays next.",False,won
p748,0,Hint,"If you mean **Red dropping in column 2 to land at row 3**: **no, that doesn’t look best**.

Quick check: after c2, ask “what is Yellow’s strongest reply?” Instead, look closely at **column 4**—it interacts with the central yellow stack and Red’s diagonal/horizontal possibilities.",False,lost
p748,0,Prompt,"If you mean **Red dropping in column 2 to land at row 3**: **no, that doesn’t look best**.

Quick check: after c2, ask “what is Yellow’s strongest reply?” Instead, look closely at **column 4**—it interacts with the central yellow stack and Red’s diagonal/horizontal possibilities.",False,lost
p748,0,Paraphrase,"If you mean **Red dropping in column 2 to land at row 3**: **no, that doesn’t look best**.

Quick check: after c2, ask “what is Yellow’s strongest reply?” Instead, look closely at **column 4**—it interacts with the central yellow stack and Red’s diagonal/horizontal possibilities.",False,lost
p748,0,Negative Feedback,"If you mean **Red dropping in column 2 to land at row 3**: **no, that doesn’t look best**.

Quick check: after c2, ask “what is Yellow’s strongest reply?” Instead, look closely at **column 4**—it interacts with the central yellow stack and Red’s diagonal/horizontal possibilities.",False,lost
p796,0,Prompt,"Which column did you choose?

If you tell me the column number, I’ll check whether it works and why.",False,won
p796,1,Direct Instruction,"No — column 6 doesn’t work.

Your disc would land at **6,4**, but it doesn’t make a four or stop Yellow’s key threats. It also gives up the forcing move Red needs here; after this, Yellow can defend/turn the position around.

Look especially at the center: **column 4** is the critical area in this position.",False,won
p796,1,Hint,"No — column 6 doesn’t work.

Your disc would land at **6,4**, but it doesn’t make a four or stop Yellow’s key threats. It also gives up the forcing move Red needs here; after this, Yellow can defend/turn the position around.

Look especially at the center: **column 4** is the critical area in this position.",False,won
p796,1,Negative Feedback,"No — column 6 doesn’t work.

Your disc would land at **6,4**, but it doesn’t make a four or stop Yellow’s key threats. It also gives up the forcing move Red needs here; after this, Yellow can defend/turn the position around.

Look especially at the center: **column 4** is the critical area in this position.",False,won
p809,0,Hint,"Column 3 is worth checking — but ask yourself:

- If Red plays **3**, what **new 3-in-a-row or threat** does it create?
- Does Yellow then get an immediate block/winning threat?
- Also compare it with playing in the **center column**: center moves often create more diagonal/vertical follow-ups.

So before choosing 3, look for whether it creates **one threat** or a **double threat**.",False,lost
p809,0,Prompt,"Column 3 is worth checking — but ask yourself:

- If Red plays **3**, what **new 3-in-a-row or threat** does it create?
- Does Yellow then get an immediate block/winning threat?
- Also compare it with playing in the **center column**: center moves often create more diagonal/vertical follow-ups.

So before choosing 3, look for whether it creates **one threat** or a **double threat**.",False,lost
p809,1,Provide Correct Answer,"Between **2 and 3, neither is the best if you’re trying to keep Red’s winning chances**.

Look at **column 5** instead: playing there builds on your Red at **row 2 col 5** and also affects the diagonal/center area where Yellow is strong. It’s the move that keeps your forced win alive.",False,lost
p809,1,Direct Instruction,"Between **2 and 3, neither is the best if you’re trying to keep Red’s winning chances**.

Look at **column 5** instead: playing there builds on your Red at **row 2 col 5** and also affects the diagonal/center area where Yellow is strong. It’s the move that keeps your forced win alive.",False,lost
p809,1,Hint,"Between **2 and 3, neither is the best if you’re trying to keep Red’s winning chances**.

Look at **column 5** instead: playing there builds on your Red at **row 2 col 5** and also affects the diagonal/center area where Yellow is strong. It’s the move that keeps your forced win alive.",False,lost
p809,1,Negative Feedback,"Between **2 and 3, neither is the best if you’re trying to keep Red’s winning chances**.

Look at **column 5** instead: playing there builds on your Red at **row 2 col 5** and also affects the diagonal/center area where Yellow is strong. It’s the move that keeps your forced win alive.",False,lost
p738,0,Provide Correct Answer,"Play **column 4**.

Why: it gives Red a strong central pivot point at **4,3**, connecting with your red discs on the right-side diagonal structure. If Yellow blocks one follow-up, you still have flexible ways to build threats through the center/right instead of being locked into one obvious line.",False,lost
p738,0,Direct Instruction,"Play **column 4**.

Why: it gives Red a strong central pivot point at **4,3**, connecting with your red discs on the right-side diagonal structure. If Yellow blocks one follow-up, you still have flexible ways to build threats through the center/right instead of being locked into one obvious line.",False,lost
p738,1,Provide Correct Answer,"Play **column 5**.

That drops Red at **5,3**, making a strong horizontal threat on row 3: **4,3–5,3–6,3**, with space to extend. It also keeps your attack flexible rather than letting Yellow take control.",False,lost
p738,1,Direct Instruction,"Play **column 5**.

That drops Red at **5,3**, making a strong horizontal threat on row 3: **4,3–5,3–6,3**, with space to extend. It also keeps your attack flexible rather than letting Yellow take control.",False,lost
p738,2,Direct Instruction,"You’re welcome! Nice position — Red’s main strength here is the connected center/right shape, which can create multiple follow-up threats instead of relying on just one line.",False,lost
p738,2,Positive Feedback,"You’re welcome! Nice position — Red’s main strength here is the connected center/right shape, which can create multiple follow-up threats instead of relying on just one line.",False,lost
p216,0,Provide Correct Answer,"Best move: **column 4**.

Why: Red already has discs at **c4-row3** and **c5-row2**, and playing **column 4** lands at **row4**, creating a strong diagonal threat toward **c6-row1** / **c3-row5** while also keeping Yellow from taking key central control.",False,lost
p216,0,Direct Instruction,"Best move: **column 4**.

Why: Red already has discs at **c4-row3** and **c5-row2**, and playing **column 4** lands at **row4**, creating a strong diagonal threat toward **c6-row1** / **c3-row5** while also keeping Yellow from taking key central control.",False,lost
p216,1,Provide Correct Answer,"Best move is **column 5**.

It lands on **c5-row4**, making a horizontal threat on row 4: **c4–c5–c6–c7**, with Red already at **c4-row4** and **c6-row3 supporting later pressure**. More importantly, it keeps Red’s forcing chances alive; other moves let Yellow take control/block too easily.",False,lost
p216,1,Direct Instruction,"Best move is **column 5**.

It lands on **c5-row4**, making a horizontal threat on row 4: **c4–c5–c6–c7**, with Red already at **c4-row4** and **c6-row3 supporting later pressure**. More importantly, it keeps Red’s forcing chances alive; other moves let Yellow take control/block too easily.",False,lost
p216,2,Provide Correct Answer,"For **starting moves**, Red generally wants the **center first**:

- Best opening: **column 4** — it creates the most possible 4-in-a-rows.
- Next strongest: **columns 3 or 5**.
- Avoid starting on the edges (**1 or 7**) unless there’s a specific tactic.

For the **current board**, Red’s winning move is **column 5**. It builds the key threat from the center/right side while preventing Yellow from taking over the important diagonal/horizontal chances.",False,lost
p216,2,Direct Instruction,"For **starting moves**, Red generally wants the **center first**:

- Best opening: **column 4** — it creates the most possible 4-in-a-rows.
- Next strongest: **columns 3 or 5**.
- Avoid starting on the edges (**1 or 7**) unless there’s a specific tactic.

For the **current board**, Red’s winning move is **column 5**. It builds the key threat from the center/right side while preventing Yellow from taking over the important diagonal/horizontal chances.",False,lost
p216,3,Provide Correct Answer,"Yes — as **Red, column 4 is the strongest opening** in normal Connect Four, because it gives the most possible winning lines and best center control.

For this current position, since you’re asking the best move: play **column 5**. It drops to **c5-row4**, creating a key Red threat and keeping the forced win alive.",False,lost
p216,3,Direct Instruction,"Yes — as **Red, column 4 is the strongest opening** in normal Connect Four, because it gives the most possible winning lines and best center control.

For this current position, since you’re asking the best move: play **column 5**. It drops to **c5-row4**, creating a key Red threat and keeping the forced win alive.",False,lost
p206,0,Provide Correct Answer,"Best move: **Column 4**.

Why: dropping in **col 4** gives Red the key central square at **row 4**, strengthening your vertical/control threats while preventing Yellow from taking that important spot. With only a couple moves left, center control and denying Yellow’s setup are crucial here.",False,won
p206,0,Direct Instruction,"Best move: **Column 4**.

Why: dropping in **col 4** gives Red the key central square at **row 4**, strengthening your vertical/control threats while preventing Yellow from taking that important spot. With only a couple moves left, center control and denying Yellow’s setup are crucial here.",False,won
p206,1,Provide Correct Answer,"Yes — if you’re comparing against **column 5**, the less-obvious strong idea is **column 4**.

It lands on **c4-r4**, which is a key central square and helps Red build/hold central threats while also stopping Yellow from controlling that spot.

So I’d consider **4 or 5** as the best practical choices here; **4** is the “less obvious” one.",False,won
p206,1,Direct Instruction,"Yes — if you’re comparing against **column 5**, the less-obvious strong idea is **column 4**.

It lands on **c4-r4**, which is a key central square and helps Red build/hold central threats while also stopping Yellow from controlling that spot.

So I’d consider **4 or 5** as the best practical choices here; **4** is the “less obvious” one.",False,won
p482,0,Direct Instruction,"Both are **legal** moves:

- **Column 1** lands at **(1,1)**. It extends your bottom row with R at (2,1)(3,1), but Yellow blocks that line at **(4,1)**, so it’s not a direct threat.
- **Column 2** lands at **(2,3)**. That makes a vertical stack of three in column 2, threatening **(2,4)** next turn — but Yellow may be able to block it.

Quick question to test them: after either move, **does Yellow have an immediate dangerous reply in the center columns?** That’s the key thing to check before choosing.",False,lost
p482,0,Prompt,"Both are **legal** moves:

- **Column 1** lands at **(1,1)**. It extends your bottom row with R at (2,1)(3,1), but Yellow blocks that line at **(4,1)**, so it’s not a direct threat.
- **Column 2** lands at **(2,3)**. That makes a vertical stack of three in column 2, threatening **(2,4)** next turn — but Yellow may be able to block it.

Quick question to test them: after either move, **does Yellow have an immediate dangerous reply in the center columns?** That’s the key thing to check before choosing.",False,lost
p482,1,Direct Instruction,"I’d look closely at **column 4**.

Why: Yellow already has strength through the center, and a Red move in **column 4** lands at **(4,3)**, which helps contest those central diagonal/horizontal lines instead of making a threat Yellow can simply answer.

Before choosing, ask: “If I don’t play column 4, what Yellow move becomes dangerous next?”",False,lost
p482,1,Hint,"I’d look closely at **column 4**.

Why: Yellow already has strength through the center, and a Red move in **column 4** lands at **(4,3)**, which helps contest those central diagonal/horizontal lines instead of making a threat Yellow can simply answer.

Before choosing, ask: “If I don’t play column 4, what Yellow move becomes dangerous next?”",False,lost
p482,1,Prompt,"I’d look closely at **column 4**.

Why: Yellow already has strength through the center, and a Red move in **column 4** lands at **(4,3)**, which helps contest those central diagonal/horizontal lines instead of making a threat Yellow can simply answer.

Before choosing, ask: “If I don’t play column 4, what Yellow move becomes dangerous next?”",False,lost
p723,0,Provide Correct Answer,"I’d recommend **column 4**.

It lands at **row 4**, stacking above your red at **4,3** and seems to be the only move that keeps your winning chances/forced line alive. Before dropping it, ask: “Does Yellow have any immediate 4-in-a-row threat I must block?” — I don’t see one stronger than making this key move.",False,lost
p723,0,Direct Instruction,"I’d recommend **column 4**.

It lands at **row 4**, stacking above your red at **4,3** and seems to be the only move that keeps your winning chances/forced line alive. Before dropping it, ask: “Does Yellow have any immediate 4-in-a-row threat I must block?” — I don’t see one stronger than making this key move.",False,lost
p723,0,Prompt,"I’d recommend **column 4**.

It lands at **row 4**, stacking above your red at **4,3** and seems to be the only move that keeps your winning chances/forced line alive. Before dropping it, ask: “Does Yellow have any immediate 4-in-a-row threat I must block?” — I don’t see one stronger than making this key move.",False,lost
p723,1,Provide Correct Answer,"Play **column 5**.

It drops to **5,4**, giving you a strong diagonal setup with your red at **6,3** and **4,3/4,4** structure, while avoiding letting Yellow take control. This is the move that keeps your winning line alive.",False,lost
p723,1,Direct Instruction,"Play **column 5**.

It drops to **5,4**, giving you a strong diagonal setup with your red at **6,3** and **4,3/4,4** structure, while avoiding letting Yellow take control. This is the move that keeps your winning line alive.",False,lost
p824,0,Provide Correct Answer,"Play **column 4**.

Why: it’s an **offensive move** that creates the strongest winning pressure for Red. Dropping in column 4 lands at **row 4**, building on your existing Red at **4,3** and connecting with your horizontal/diagonal threats. It also avoids giving Yellow the initiative.

So your next move: **Column 4**.",False,won
p824,0,Direct Instruction,"Play **column 4**.

Why: it’s an **offensive move** that creates the strongest winning pressure for Red. Dropping in column 4 lands at **row 4**, building on your existing Red at **4,3** and connecting with your horizontal/diagonal threats. It also avoids giving Yellow the initiative.

So your next move: **Column 4**.",False,won
p824,1,Provide Correct Answer,"Play **column 5**.

That drops Red at **(col 5, row 4)**, which is the key move to keep your winning chances alive while also controlling Yellow’s dangerous central threats.",False,won
p824,1,Direct Instruction,"Play **column 5**.

That drops Red at **(col 5, row 4)**, which is the key move to keep your winning chances alive while also controlling Yellow’s dangerous central threats.",False,won
p844,0,Direct Instruction,"Column 2 would give you **three Red vertically** in column 2, so it creates a clear threat to win next by playing column 2 again.

But ask: **Can Yellow simply block that on their next move by playing column 2?** If yes, then it may be too slow unless it also creates another threat elsewhere. Check whether column 2 creates any *second* threat at the same time.",False,lost
p844,0,Hint,"Column 2 would give you **three Red vertically** in column 2, so it creates a clear threat to win next by playing column 2 again.

But ask: **Can Yellow simply block that on their next move by playing column 2?** If yes, then it may be too slow unless it also creates another threat elsewhere. Check whether column 2 creates any *second* threat at the same time.",False,lost
p844,0,Prompt,"Column 2 would give you **three Red vertically** in column 2, so it creates a clear threat to win next by playing column 2 again.

But ask: **Can Yellow simply block that on their next move by playing column 2?** If yes, then it may be too slow unless it also creates another threat elsewhere. Check whether column 2 creates any *second* threat at the same time.",False,lost
p844,1,Direct Instruction,"Column 3 would land at **c3 row3**.

For a diagonal, check both directions from there:

- Down-right: **c4 row2 is Yellow**, so that diagonal is blocked.
- Down-left: **c2 row2 is Red**, but **c1 row1 is empty**, so it’s not an immediate strong threat.

So column 3 builds shape, but it may be **too slow** unless it also stops Yellow’s best next move. What Yellow move are you worried about after you play 3?",False,lost
p844,1,Prompt,"Column 3 would land at **c3 row3**.

For a diagonal, check both directions from there:

- Down-right: **c4 row2 is Yellow**, so that diagonal is blocked.
- Down-left: **c2 row2 is Red**, but **c1 row1 is empty**, so it’s not an immediate strong threat.

So column 3 builds shape, but it may be **too slow** unless it also stops Yellow’s best next move. What Yellow move are you worried about after you play 3?",False,lost
p822,0,Direct Instruction,"Column 2 is better than column 3 in isolation: it would give Red a vertical 3-in-a-row in column 2, creating a threat at row 4.

But I’d be careful: “better than 3” doesn’t necessarily mean it’s the best move. Before playing, look at column 4 and ask what threats it creates or blocks.",False,won
p822,0,Hint,"Column 2 is better than column 3 in isolation: it would give Red a vertical 3-in-a-row in column 2, creating a threat at row 4.

But I’d be careful: “better than 3” doesn’t necessarily mean it’s the best move. Before playing, look at column 4 and ask what threats it creates or blocks.",False,won
p822,0,Prompt,"Column 2 is better than column 3 in isolation: it would give Red a vertical 3-in-a-row in column 2, creating a threat at row 4.

But I’d be careful: “better than 3” doesn’t necessarily mean it’s the best move. Before playing, look at column 4 and ask what threats it creates or blocks.",False,won
p822,1,Direct Instruction,"Not safely. If you play column 2, Yellow can drop in **column 2 row 4** and directly block your vertical threat — then you’ve spent your move making a threat that Yellow can answer in one move.

The better question is: after Yellow blocks, do you have a *new* winning threat? If not, it’s probably not enough. Look for a move that also stops Yellow’s developing threats — especially around **column 4**.",False,won
p822,1,Hint,"Not safely. If you play column 2, Yellow can drop in **column 2 row 4** and directly block your vertical threat — then you’ve spent your move making a threat that Yellow can answer in one move.

The better question is: after Yellow blocks, do you have a *new* winning threat? If not, it’s probably not enough. Look for a move that also stops Yellow’s developing threats — especially around **column 4**.",False,won
p822,1,Prompt,"Not safely. If you play column 2, Yellow can drop in **column 2 row 4** and directly block your vertical threat — then you’ve spent your move making a threat that Yellow can answer in one move.

The better question is: after Yellow blocks, do you have a *new* winning threat? If not, it’s probably not enough. Look for a move that also stops Yellow’s developing threats — especially around **column 4**.",False,won
p822,1,Negative Feedback,"Not safely. If you play column 2, Yellow can drop in **column 2 row 4** and directly block your vertical threat — then you’ve spent your move making a threat that Yellow can answer in one move.

The better question is: after Yellow blocks, do you have a *new* winning threat? If not, it’s probably not enough. Look for a move that also stops Yellow’s developing threats — especially around **column 4**.",False,won
p822,1,Neutral Feedback,"Not safely. If you play column 2, Yellow can drop in **column 2 row 4** and directly block your vertical threat — then you’ve spent your move making a threat that Yellow can answer in one move.

The better question is: after Yellow blocks, do you have a *new* winning threat? If not, it’s probably not enough. Look for a move that also stops Yellow’s developing threats — especially around **column 4**.",False,won
p822,2,Provide Correct Answer,"No protest — **column 4 is the move I’d support**.

It blocks Yellow’s central buildup and uses the most important column, while also keeping Red’s chances active. Good choice.",False,won
p822,2,Direct Instruction,"No protest — **column 4 is the move I’d support**.

It blocks Yellow’s central buildup and uses the most important column, while also keeping Red’s chances active. Good choice.",False,won
p822,2,Positive Feedback,"No protest — **column 4 is the move I’d support**.

It blocks Yellow’s central buildup and uses the most important column, while also keeping Red’s chances active. Good choice.",False,won
p822,3,Provide Correct Answer,"Yes — **column 4** is the right block.

Yellow has pressure through the center, and if you don’t play there, Yellow can make a dangerous connection around **column 4 / row 4**. Dropping Red in column 4 stops that and keeps your winning chances alive.",False,won
p822,3,Direct Instruction,"Yes — **column 4** is the right block.

Yellow has pressure through the center, and if you don’t play there, Yellow can make a dangerous connection around **column 4 / row 4**. Dropping Red in column 4 stops that and keeps your winning chances alive.",False,won
p822,3,Positive Feedback,"Yes — **column 4** is the right block.

Yellow has pressure through the center, and if you don’t play there, Yellow can make a dangerous connection around **column 4 / row 4**. Dropping Red in column 4 stops that and keeps your winning chances alive.",False,won
p822,4,Prompt,"Column 3 doesn’t look like the right idea here. It drops to **c3 row3**, but it doesn’t do much to stop Yellow’s central/diagonal pressure.

I’d compare it with a move that lands in **column 5 row4**: ask, “Does this both block something for Yellow and create a Red threat?”",False,won
p822,4,Negative Feedback,"Column 3 doesn’t look like the right idea here. It drops to **c3 row3**, but it doesn’t do much to stop Yellow’s central/diagonal pressure.

I’d compare it with a move that lands in **column 5 row4**: ask, “Does this both block something for Yellow and create a Red threat?”",False,won
p312,0,Hint,"If you mean **dropping in column 3**, pause and ask:

- What **4-in-a-row** would that create or threaten for Red?
- Does Yellow have an **immediate threat** you must answer?
- Also check whether there’s a move that creates **two threats at once** for Red.

Look especially at the middle columns, because a disc there can connect in multiple directions.",False,lost
p312,0,Prompt,"If you mean **dropping in column 3**, pause and ask:

- What **4-in-a-row** would that create or threaten for Red?
- Does Yellow have an **immediate threat** you must answer?
- Also check whether there’s a move that creates **two threats at once** for Red.

Look especially at the middle columns, because a disc there can connect in multiple directions.",False,lost
p312,1,Direct Instruction,"If by “6 down” you mean **drop in column 6**, it would land at **column 6, row 4**.

Ask yourself: does that disc connect to anything useful?  
- Vertically, column 6 has **Red–Yellow–Red**, so it’s not a clean vertical build.  
- Horizontally on row 4, it’s mostly alone.

Before playing it, compare with the **middle columns**: which move gives Red the most future lines *and* avoids letting Yellow take control? What happens if you look at **column 4**?",False,lost
p312,1,Hint,"If by “6 down” you mean **drop in column 6**, it would land at **column 6, row 4**.

Ask yourself: does that disc connect to anything useful?  
- Vertically, column 6 has **Red–Yellow–Red**, so it’s not a clean vertical build.  
- Horizontally on row 4, it’s mostly alone.

Before playing it, compare with the **middle columns**: which move gives Red the most future lines *and* avoids letting Yellow take control? What happens if you look at **column 4**?",False,lost
p312,1,Prompt,"If by “6 down” you mean **drop in column 6**, it would land at **column 6, row 4**.

Ask yourself: does that disc connect to anything useful?  
- Vertically, column 6 has **Red–Yellow–Red**, so it’s not a clean vertical build.  
- Horizontally on row 4, it’s mostly alone.

Before playing it, compare with the **middle columns**: which move gives Red the most future lines *and* avoids letting Yellow take control? What happens if you look at **column 4**?",False,lost
p312,1,Paraphrase,"If by “6 down” you mean **drop in column 6**, it would land at **column 6, row 4**.

Ask yourself: does that disc connect to anything useful?  
- Vertically, column 6 has **Red–Yellow–Red**, so it’s not a clean vertical build.  
- Horizontally on row 4, it’s mostly alone.

Before playing it, compare with the **middle columns**: which move gives Red the most future lines *and* avoids letting Yellow take control? What happens if you look at **column 4**?",False,lost
p312,2,Provide Correct Answer,"Yes — **column 4** looks like the right next move.

Dropping there puts Red at **c4, row 3**, which:
- **Stops Yellow building upward** in column 4.
- Gives Red a stronger central piece that can connect diagonally/horizontally later.

Before you play it, quick check: after Red plays **c4**, what immediate block will Yellow likely need to worry about next?",False,lost
p312,2,Direct Instruction,"Yes — **column 4** looks like the right next move.

Dropping there puts Red at **c4, row 3**, which:
- **Stops Yellow building upward** in column 4.
- Gives Red a stronger central piece that can connect diagonally/horizontally later.

Before you play it, quick check: after Red plays **c4**, what immediate block will Yellow likely need to worry about next?",False,lost
p312,2,Prompt,"Yes — **column 4** looks like the right next move.

Dropping there puts Red at **c4, row 3**, which:
- **Stops Yellow building upward** in column 4.
- Gives Red a stronger central piece that can connect diagonally/horizontally later.

Before you play it, quick check: after Red plays **c4**, what immediate block will Yellow likely need to worry about next?",False,lost
p312,2,Positive Feedback,"Yes — **column 4** looks like the right next move.

Dropping there puts Red at **c4, row 3**, which:
- **Stops Yellow building upward** in column 4.
- Gives Red a stronger central piece that can connect diagonally/horizontally later.

Before you play it, quick check: after Red plays **c4**, what immediate block will Yellow likely need to worry about next?",False,lost
p312,3,Direct Instruction,"I don’t see Yellow having an **immediate win** here.

Check Yellow’s possible lines:
- **Column 4** is blocked by your Red at **c4 r3**.
- Yellow has pieces around **c5/c6**, but no open 3-in-a-row with a playable winning square right now.

So don’t panic — ask: if Red now builds in the center again, what threats does that create for *Red*?",False,lost
p312,3,Prompt,"I don’t see Yellow having an **immediate win** here.

Check Yellow’s possible lines:
- **Column 4** is blocked by your Red at **c4 r3**.
- Yellow has pieces around **c5/c6**, but no open 3-in-a-row with a playable winning square right now.

So don’t panic — ask: if Red now builds in the center again, what threats does that create for *Red*?",False,lost
p578,0,Hint,"If you mean **column 2**: the disc would land at **column 2, row 3**. I’d be cautious—that move doesn’t seem to create an immediate strong threat or block Yellow’s key ideas.

Before playing it, ask: **Does this move make a 3-in-a-row with an open winning square, or stop Yellow from making one?**  
Compare it with moves nearer the center, especially where your disc would land on **row 3** and could connect more lines.",False,lost
p578,0,Prompt,"If you mean **column 2**: the disc would land at **column 2, row 3**. I’d be cautious—that move doesn’t seem to create an immediate strong threat or block Yellow’s key ideas.

Before playing it, ask: **Does this move make a 3-in-a-row with an open winning square, or stop Yellow from making one?**  
Compare it with moves nearer the center, especially where your disc would land on **row 3** and could connect more lines.",False,lost
p578,0,Paraphrase,"If you mean **column 2**: the disc would land at **column 2, row 3**. I’d be cautious—that move doesn’t seem to create an immediate strong threat or block Yellow’s key ideas.

Before playing it, ask: **Does this move make a 3-in-a-row with an open winning square, or stop Yellow from making one?**  
Compare it with moves nearer the center, especially where your disc would land on **row 3** and could connect more lines.",False,lost
p578,0,Neutral Feedback,"If you mean **column 2**: the disc would land at **column 2, row 3**. I’d be cautious—that move doesn’t seem to create an immediate strong threat or block Yellow’s key ideas.

Before playing it, ask: **Does this move make a 3-in-a-row with an open winning square, or stop Yellow from making one?**  
Compare it with moves nearer the center, especially where your disc would land on **row 3** and could connect more lines.",False,lost
p578,1,Hint,"Column 2 is **not bad**: it would give you **three Reds vertically in column 2** at rows 1–3, threatening row 4 later.

But ask yourself: **does Yellow have time to simply block column 2 next turn?** Since your threat would be obvious and single, it may be too slow. I’d compare it with a more central move that creates a stronger threat pattern rather than just one vertical threat.",False,lost
p578,1,Prompt,"Column 2 is **not bad**: it would give you **three Reds vertically in column 2** at rows 1–3, threatening row 4 later.

But ask yourself: **does Yellow have time to simply block column 2 next turn?** Since your threat would be obvious and single, it may be too slow. I’d compare it with a more central move that creates a stronger threat pattern rather than just one vertical threat.",False,lost
p578,1,Paraphrase,"Column 2 is **not bad**: it would give you **three Reds vertically in column 2** at rows 1–3, threatening row 4 later.

But ask yourself: **does Yellow have time to simply block column 2 next turn?** Since your threat would be obvious and single, it may be too slow. I’d compare it with a more central move that creates a stronger threat pattern rather than just one vertical threat.",False,lost
p578,1,Neutral Feedback,"Column 2 is **not bad**: it would give you **three Reds vertically in column 2** at rows 1–3, threatening row 4 later.

But ask yourself: **does Yellow have time to simply block column 2 next turn?** Since your threat would be obvious and single, it may be too slow. I’d compare it with a more central move that creates a stronger threat pattern rather than just one vertical threat.",False,lost
p578,2,Provide Correct Answer,"I’d recommend **column 4**.

Why: it’s the key central move that keeps your winning chances alive. It also prevents Yellow from getting too much control through the middle, where they already have pieces at **4,1** and **4,2**. Column 2 makes a simple vertical threat, but Yellow can likely just answer it.",False,lost
p578,2,Direct Instruction,"I’d recommend **column 4**.

Why: it’s the key central move that keeps your winning chances alive. It also prevents Yellow from getting too much control through the middle, where they already have pieces at **4,1** and **4,2**. Column 2 makes a simple vertical threat, but Yellow can likely just answer it.",False,lost
p489,0,Provide Correct Answer,"I’d suggest **column 4**.

Why to look there: Yellow already has two stacked in **col 4 rows 1–2**, and the center is strategically important. Dropping Red in **col 4 row 3** both **blocks Yellow’s build-up** and helps Red keep control for the last few moves.",False,won
p489,0,Direct Instruction,"I’d suggest **column 4**.

Why to look there: Yellow already has two stacked in **col 4 rows 1–2**, and the center is strategically important. Dropping Red in **col 4 row 3** both **blocks Yellow’s build-up** and helps Red keep control for the last few moves.",False,won
p489,1,Direct Instruction,"Column 2 is tempting because it makes Red **three-in-a-column** at **c2 rows 1–3**, threatening **c2 row 4** next.

But it gives Yellow time to play **column 4**, making Yellow **three-in-a-column at c4 rows 1–3**, threatening **c4 row 4**. Then Red is forced to block, and your column-2 threat doesn’t pay off.

So column 2 is a threat, but **too slow** compared with Yellow’s column-4 counterthreat.",False,won
p489,1,Neutral Feedback,"Column 2 is tempting because it makes Red **three-in-a-column** at **c2 rows 1–3**, threatening **c2 row 4** next.

But it gives Yellow time to play **column 4**, making Yellow **three-in-a-column at c4 rows 1–3**, threatening **c4 row 4**. Then Red is forced to block, and your column-2 threat doesn’t pay off.

So column 2 is a threat, but **too slow** compared with Yellow’s column-4 counterthreat.",False,won
p489,2,Direct Instruction,"Usually yes—but the key is **whether their 3 has an open playable 4th square**.

A “3 in a row” is dangerous if the empty winning spot is **playable next turn**. In this board, Yellow’s stack in **column 4 rows 1–2** could become a direct vertical threat if Yellow gets **row 3**, so you should pay close attention to that kind of setup.",False,won
p489,2,Hint,"Usually yes—but the key is **whether their 3 has an open playable 4th square**.

A “3 in a row” is dangerous if the empty winning spot is **playable next turn**. In this board, Yellow’s stack in **column 4 rows 1–2** could become a direct vertical threat if Yellow gets **row 3**, so you should pay close attention to that kind of setup.",False,won
p489,3,Direct Instruction,"Yes—especially with only **3 Red moves left**, focus on **forcing moves**:

- **Check Yellow’s immediate threats first**: any 3-in-a-row with a playable 4th spot must be blocked.
- **Prefer moves that do two jobs**: block Yellow *and* create/build your own threat.
- **Center columns matter**: columns **3–5** participate in more possible fours than edge columns.
- Look for **diagonals**, not just vertical/horizontal. Ask: “If I drop here, what new diagonal threat appears next turn?”

On this board, I’d especially inspect the **center column area** and Yellow’s stack in **column 4** before choosing.",False,won
p489,3,Hint,"Yes—especially with only **3 Red moves left**, focus on **forcing moves**:

- **Check Yellow’s immediate threats first**: any 3-in-a-row with a playable 4th spot must be blocked.
- **Prefer moves that do two jobs**: block Yellow *and* create/build your own threat.
- **Center columns matter**: columns **3–5** participate in more possible fours than edge columns.
- Look for **diagonals**, not just vertical/horizontal. Ask: “If I drop here, what new diagonal threat appears next turn?”

On this board, I’d especially inspect the **center column area** and Yellow’s stack in **column 4** before choosing.",False,won
p489,3,Prompt,"Yes—especially with only **3 Red moves left**, focus on **forcing moves**:

- **Check Yellow’s immediate threats first**: any 3-in-a-row with a playable 4th spot must be blocked.
- **Prefer moves that do two jobs**: block Yellow *and* create/build your own threat.
- **Center columns matter**: columns **3–5** participate in more possible fours than edge columns.
- Look for **diagonals**, not just vertical/horizontal. Ask: “If I drop here, what new diagonal threat appears next turn?”

On this board, I’d especially inspect the **center column area** and Yellow’s stack in **column 4** before choosing.",False,won
p489,4,Provide Correct Answer,"Column 3 is playable, but I **wouldn’t** choose it here.

I’d go **column 4**: it lands at **c4 row 4**, building upward from your Red at **c4 row 3** and keeps the strongest forcing chances. Column 3 doesn’t create the same pressure, so Yellow gets more freedom.",False,won
p489,4,Direct Instruction,"Column 3 is playable, but I **wouldn’t** choose it here.

I’d go **column 4**: it lands at **c4 row 4**, building upward from your Red at **c4 row 3** and keeps the strongest forcing chances. Column 3 doesn’t create the same pressure, so Yellow gets more freedom.",False,won
p489,4,Neutral Feedback,"Column 3 is playable, but I **wouldn’t** choose it here.

I’d go **column 4**: it lands at **c4 row 4**, building upward from your Red at **c4 row 3** and keeps the strongest forcing chances. Column 3 doesn’t create the same pressure, so Yellow gets more freedom.",False,won
p489,5,Direct Instruction,"You’re right: **column 4 only gives Red 2 vertically** at **c4 rows 3–4**.

But the point of **c4** is more defensive/positional: it takes the important playable square **c4 row 4** and limits Yellow’s center options. A move doesn’t always need to make 3 immediately—sometimes the best move is the one that prevents Yellow from getting the stronger next threat.",False,won
p489,5,Positive Feedback,"You’re right: **column 4 only gives Red 2 vertically** at **c4 rows 3–4**.

But the point of **c4** is more defensive/positional: it takes the important playable square **c4 row 4** and limits Yellow’s center options. A move doesn’t always need to make 3 immediately—sometimes the best move is the one that prevents Yellow from getting the stronger next threat.",False,won
p489,6,Provide Correct Answer,"Go **column 5**.

It lands at **c5 row 4** and is the key move to keep Red’s winning chances alive. It also avoids giving Yellow an easy center follow-up while building pressure next to your Red at **c4 row 4**.",False,won
p489,6,Direct Instruction,"Go **column 5**.

It lands at **c5 row 4** and is the key move to keep Red’s winning chances alive. It also avoids giving Yellow an easy center follow-up while building pressure next to your Red at **c4 row 4**.",False,won
p489,7,Direct Instruction,"You’re welcome—nice game!  

Since you have **0 moves left**, there’s nothing more to choose now. Looking at the final board, Red has strong central control with pieces at **c4–c5 row 4** and **c4/c6 row 3**, so the last few moves did a good job keeping Yellow from getting an immediate finish.",False,won
p489,7,Positive Feedback,"You’re welcome—nice game!  

Since you have **0 moves left**, there’s nothing more to choose now. Looking at the final board, Red has strong central control with pieces at **c4–c5 row 4** and **c4/c6 row 3**, so the last few moves did a good job keeping Yellow from getting an immediate finish.",False,won
p457,0,Hint,"Column 2 looks tempting because it builds your vertical stack, but ask: **does it stop Yellow’s main threat or create a stronger one for you?**

Before playing it, check the center—especially **column 4**. Moves there often matter most because they connect with multiple diagonals/verticals. I’d compare column 2 with column 4 and ask: “Which move creates a threat Yellow must answer?”",False,won
p457,0,Prompt,"Column 2 looks tempting because it builds your vertical stack, but ask: **does it stop Yellow’s main threat or create a stronger one for you?**

Before playing it, check the center—especially **column 4**. Moves there often matter most because they connect with multiple diagonals/verticals. I’d compare column 2 with column 4 and ask: “Which move creates a threat Yellow must answer?”",False,won
p457,0,Neutral Feedback,"Column 2 looks tempting because it builds your vertical stack, but ask: **does it stop Yellow’s main threat or create a stronger one for you?**

Before playing it, check the center—especially **column 4**. Moves there often matter most because they connect with multiple diagonals/verticals. I’d compare column 2 with column 4 and ask: “Which move creates a threat Yellow must answer?”",False,won
p457,1,Hint,"Right — I don’t see a one-move win for either side.

So now look for a move that creates a **threat Yellow must answer next turn**. Ask yourself:

- If you play **column 2**, what 3-in-a-row does it create?
- Can Yellow ignore it and make their own threat?
- Is there another column that connects with your Red at **c4 / c4-row4, c5-row2, c6-row3** style diagonals or center lines more strongly?

Column 2 builds a stack, but check whether it creates a *forcing* threat or just a “nice shape.”",False,won
p457,1,Prompt,"Right — I don’t see a one-move win for either side.

So now look for a move that creates a **threat Yellow must answer next turn**. Ask yourself:

- If you play **column 2**, what 3-in-a-row does it create?
- Can Yellow ignore it and make their own threat?
- Is there another column that connects with your Red at **c4 / c4-row4, c5-row2, c6-row3** style diagonals or center lines more strongly?

Column 2 builds a stack, but check whether it creates a *forcing* threat or just a “nice shape.”",False,won
p457,1,Positive Feedback,"Right — I don’t see a one-move win for either side.

So now look for a move that creates a **threat Yellow must answer next turn**. Ask yourself:

- If you play **column 2**, what 3-in-a-row does it create?
- Can Yellow ignore it and make their own threat?
- Is there another column that connects with your Red at **c4 / c4-row4, c5-row2, c6-row3** style diagonals or center lines more strongly?

Column 2 builds a stack, but check whether it creates a *forcing* threat or just a “nice shape.”",False,won
p457,1,Neutral Feedback,"Right — I don’t see a one-move win for either side.

So now look for a move that creates a **threat Yellow must answer next turn**. Ask yourself:

- If you play **column 2**, what 3-in-a-row does it create?
- Can Yellow ignore it and make their own threat?
- Is there another column that connects with your Red at **c4 / c4-row4, c5-row2, c6-row3** style diagonals or center lines more strongly?

Column 2 builds a stack, but check whether it creates a *forcing* threat or just a “nice shape.”",False,won
p340,0,Provide Correct Answer,"The optimum move is **column 4**.

Dropping Red in **col 4, row 3** is the key move: it builds your strongest attacking shape while avoiding giving Yellow an immediate better counter. With only 3 moves left, this is the move that keeps Red’s forced win alive.",False,lost
p340,0,Direct Instruction,"The optimum move is **column 4**.

Dropping Red in **col 4, row 3** is the key move: it builds your strongest attacking shape while avoiding giving Yellow an immediate better counter. With only 3 moves left, this is the move that keeps Red’s forced win alive.",False,lost
p292,0,Provide Correct Answer,"Your best move is **column 4**.

Why: it plays on top of your red disc in column 4 and helps build a strong central threat, while not giving Yellow an immediate win.

Watch out for Yellow trying to create threats through the center—especially moves that connect with their yellows around **columns 4–6**. After your move, check every Yellow reply for any “3-in-a-row with an open landing spot” you may need to block.",False,lost
p292,0,Direct Instruction,"Your best move is **column 4**.

Why: it plays on top of your red disc in column 4 and helps build a strong central threat, while not giving Yellow an immediate win.

Watch out for Yellow trying to create threats through the center—especially moves that connect with their yellows around **columns 4–6**. After your move, check every Yellow reply for any “3-in-a-row with an open landing spot” you may need to block.",False,lost
p292,0,Hint,"Your best move is **column 4**.

Why: it plays on top of your red disc in column 4 and helps build a strong central threat, while not giving Yellow an immediate win.

Watch out for Yellow trying to create threats through the center—especially moves that connect with their yellows around **columns 4–6**. After your move, check every Yellow reply for any “3-in-a-row with an open landing spot” you may need to block.",False,lost
p292,0,Prompt,"Your best move is **column 4**.

Why: it plays on top of your red disc in column 4 and helps build a strong central threat, while not giving Yellow an immediate win.

Watch out for Yellow trying to create threats through the center—especially moves that connect with their yellows around **columns 4–6**. After your move, check every Yellow reply for any “3-in-a-row with an open landing spot” you may need to block.",False,lost
p124,0,Direct Instruction,"Dropping in **column 2** would land at **row 3** and give you **three Red vertically** in column 2 — so it creates a clear threat to finish at **column 2 row 4** later.

But ask yourself: **will Yellow be forced to block that, or can Yellow make a stronger threat first?** Also compare it with moves that affect the **center/column 4**, where Yellow already has stacked pieces and lots of diagonal possibilities.

So: column 2 is a threat-building move, but check whether it’s **too slow** with only 3 moves left.",False,lost
p124,0,Prompt,"Dropping in **column 2** would land at **row 3** and give you **three Red vertically** in column 2 — so it creates a clear threat to finish at **column 2 row 4** later.

But ask yourself: **will Yellow be forced to block that, or can Yellow make a stronger threat first?** Also compare it with moves that affect the **center/column 4**, where Yellow already has stacked pieces and lots of diagonal possibilities.

So: column 2 is a threat-building move, but check whether it’s **too slow** with only 3 moves left.",False,lost
p124,0,Paraphrase,"Dropping in **column 2** would land at **row 3** and give you **three Red vertically** in column 2 — so it creates a clear threat to finish at **column 2 row 4** later.

But ask yourself: **will Yellow be forced to block that, or can Yellow make a stronger threat first?** Also compare it with moves that affect the **center/column 4**, where Yellow already has stacked pieces and lots of diagonal possibilities.

So: column 2 is a threat-building move, but check whether it’s **too slow** with only 3 moves left.",False,lost
p124,0,Neutral Feedback,"Dropping in **column 2** would land at **row 3** and give you **three Red vertically** in column 2 — so it creates a clear threat to finish at **column 2 row 4** later.

But ask yourself: **will Yellow be forced to block that, or can Yellow make a stronger threat first?** Also compare it with moves that affect the **center/column 4**, where Yellow already has stacked pieces and lots of diagonal possibilities.

So: column 2 is a threat-building move, but check whether it’s **too slow** with only 3 moves left.",False,lost
p603,0,Direct Instruction,"Column 5 is probably **not the best move**.

If you drop in **column 5**, Red lands at **c5-r3**, making a small horizontal idea with the red at **c6-r3**. But it **doesn’t create an immediate winning threat**, and it lets Yellow use **column 4**, where Yellow already has two discs at **c4-r1 and c4-r2**, to build pressure.

The key question to ask: *“Does my move create a threat Yellow must answer, or am I allowing Yellow to create one first?”*  
Here, column 5 seems to give Yellow too much time. A stronger move is to look at **column 4**, which both interferes with Yellow’s stack and keeps Red’s forcing chances alive.",False,won
p603,0,Hint,"Column 5 is probably **not the best move**.

If you drop in **column 5**, Red lands at **c5-r3**, making a small horizontal idea with the red at **c6-r3**. But it **doesn’t create an immediate winning threat**, and it lets Yellow use **column 4**, where Yellow already has two discs at **c4-r1 and c4-r2**, to build pressure.

The key question to ask: *“Does my move create a threat Yellow must answer, or am I allowing Yellow to create one first?”*  
Here, column 5 seems to give Yellow too much time. A stronger move is to look at **column 4**, which both interferes with Yellow’s stack and keeps Red’s forcing chances alive.",False,won
p603,0,Prompt,"Column 5 is probably **not the best move**.

If you drop in **column 5**, Red lands at **c5-r3**, making a small horizontal idea with the red at **c6-r3**. But it **doesn’t create an immediate winning threat**, and it lets Yellow use **column 4**, where Yellow already has two discs at **c4-r1 and c4-r2**, to build pressure.

The key question to ask: *“Does my move create a threat Yellow must answer, or am I allowing Yellow to create one first?”*  
Here, column 5 seems to give Yellow too much time. A stronger move is to look at **column 4**, which both interferes with Yellow’s stack and keeps Red’s forcing chances alive.",False,won
p603,0,Negative Feedback,"Column 5 is probably **not the best move**.

If you drop in **column 5**, Red lands at **c5-r3**, making a small horizontal idea with the red at **c6-r3**. But it **doesn’t create an immediate winning threat**, and it lets Yellow use **column 4**, where Yellow already has two discs at **c4-r1 and c4-r2**, to build pressure.

The key question to ask: *“Does my move create a threat Yellow must answer, or am I allowing Yellow to create one first?”*  
Here, column 5 seems to give Yellow too much time. A stronger move is to look at **column 4**, which both interferes with Yellow’s stack and keeps Red’s forcing chances alive.",False,won
p644,0,Provide Correct Answer,"Yes — column 4 is a good idea here.

It’s central, and it builds upward on your existing Red in column 4, which is often important for creating future threats. Before playing it, quickly check: “Does Yellow have an immediate win I must block?” If not, 4 looks like the right direction.",False,won
p644,0,Direct Instruction,"Yes — column 4 is a good idea here.

It’s central, and it builds upward on your existing Red in column 4, which is often important for creating future threats. Before playing it, quickly check: “Does Yellow have an immediate win I must block?” If not, 4 looks like the right direction.",False,won
p644,0,Prompt,"Yes — column 4 is a good idea here.

It’s central, and it builds upward on your existing Red in column 4, which is often important for creating future threats. Before playing it, quickly check: “Does Yellow have an immediate win I must block?” If not, 4 looks like the right direction.",False,won
p644,0,Positive Feedback,"Yes — column 4 is a good idea here.

It’s central, and it builds upward on your existing Red in column 4, which is often important for creating future threats. Before playing it, quickly check: “Does Yellow have an immediate win I must block?” If not, 4 looks like the right direction.",False,won
p644,1,Provide Correct Answer,"Yes. Yellow has an immediate diagonal win if you don’t block column **4**.

If Yellow plays **4**, it lands at **row 4**, making a diagonal:
**4,4 → 5,3 → 6,2 → 7,1** all Yellow.

So you need to play **column 4** now to block it.",False,won
p644,1,Direct Instruction,"Yes. Yellow has an immediate diagonal win if you don’t block column **4**.

If Yellow plays **4**, it lands at **row 4**, making a diagonal:
**4,4 → 5,3 → 6,2 → 7,1** all Yellow.

So you need to play **column 4** now to block it.",False,won
p644,2,Provide Correct Answer,"Your best move is **column 5**.

Why: it drops at **5,3**, giving Red a strong horizontal shape on row 3: **4,3 – 5,3 – 6,3**. That creates pressure while also avoiding giving Yellow a decisive counter.",False,won
p644,2,Direct Instruction,"Your best move is **column 5**.

Why: it drops at **5,3**, giving Red a strong horizontal shape on row 3: **4,3 – 5,3 – 6,3**. That creates pressure while also avoiding giving Yellow a decisive counter.",False,won
p644,3,Hint,"Take a moment to scan for **immediate threats**:

- Does Yellow have any 3-in-a-row with an open landing spot?
- Do you have a move that creates or maintains a forcing threat?

What move are you considering?",False,won
p644,3,Prompt,"Take a moment to scan for **immediate threats**:

- Does Yellow have any 3-in-a-row with an open landing spot?
- Do you have a move that creates or maintains a forcing threat?

What move are you considering?",False,won
p644,4,Direct Instruction,"I don’t see a **Yellow immediate winning move** (no legal drop that gives Yellow four right away).

Still, Yellow has pressure around the center—especially near columns **4–6**—so your move should also think about keeping your own threats active, not just blocking.",False,won
p644,4,Hint,"I don’t see a **Yellow immediate winning move** (no legal drop that gives Yellow four right away).

Still, Yellow has pressure around the center—especially near columns **4–6**—so your move should also think about keeping your own threats active, not just blocking.",False,won
p492,0,Provide Correct Answer,"Most viable move: **Column 4**.

Why: dropping Red in **column 4, row 3** is the move that keeps your winning chances alive. It uses the center, builds upward pressure, and avoids giving Yellow an easy forcing line.

So I’d play: **4**.",False,won
p492,0,Direct Instruction,"Most viable move: **Column 4**.

Why: dropping Red in **column 4, row 3** is the move that keeps your winning chances alive. It uses the center, builds upward pressure, and avoids giving Yellow an easy forcing line.

So I’d play: **4**.",False,won
p51,0,Provide Correct Answer,"A good choice is **column 4**.

Why: it’s a central move, it **blocks Yellow’s vertical buildup in column 4** at row 3, and it keeps Red flexible for future horizontal/diagonal threats.

So I’d play: **Red in column 4**.",False,won
p51,0,Direct Instruction,"A good choice is **column 4**.

Why: it’s a central move, it **blocks Yellow’s vertical buildup in column 4** at row 3, and it keeps Red flexible for future horizontal/diagonal threats.

So I’d play: **Red in column 4**.",False,won
p7,0,Provide Correct Answer,"Put it in **column 4**.

It lands on **row 3**, which **blocks Yellow’s vertical build in column 4** and also gives Red a strong diagonal idea with **c4-r3, c5-r2, c6-r1**.",False,lost
p7,0,Direct Instruction,"Put it in **column 4**.

It lands on **row 3**, which **blocks Yellow’s vertical build in column 4** and also gives Red a strong diagonal idea with **c4-r3, c5-r2, c6-r1**.",False,lost
p7,1,Direct Instruction,"It’s Yellow’s turn/AI may move next since you have **0 moves left**. Watch the main danger:

- Yellow has pieces at **c3-r4, c4-r2, c5-r1** — so Yellow would love **c6-r0?** not possible, and also diagonals around the center.
- Red’s best ideas are to build/control the middle, especially **column 4 or 5**, because they create/block threats around **row 3–4**.

If you get another Red move, first ask: **“Does Yellow have an immediate 4-in-a-row threat I must block?”** Then consider **c4 or c5**.",False,lost
p7,1,Hint,"It’s Yellow’s turn/AI may move next since you have **0 moves left**. Watch the main danger:

- Yellow has pieces at **c3-r4, c4-r2, c5-r1** — so Yellow would love **c6-r0?** not possible, and also diagonals around the center.
- Red’s best ideas are to build/control the middle, especially **column 4 or 5**, because they create/block threats around **row 3–4**.

If you get another Red move, first ask: **“Does Yellow have an immediate 4-in-a-row threat I must block?”** Then consider **c4 or c5**.",False,lost
p7,1,Prompt,"It’s Yellow’s turn/AI may move next since you have **0 moves left**. Watch the main danger:

- Yellow has pieces at **c3-r4, c4-r2, c5-r1** — so Yellow would love **c6-r0?** not possible, and also diagonals around the center.
- Red’s best ideas are to build/control the middle, especially **column 4 or 5**, because they create/block threats around **row 3–4**.

If you get another Red move, first ask: **“Does Yellow have an immediate 4-in-a-row threat I must block?”** Then consider **c4 or c5**.",False,lost
p652,0,Hint,"Good idea to look for a “can’t block both” setup — but before committing, test the **in-between Yellow move**.

If you play **column 1**, ask: after your disc lands at **c1 row1**, what can Yellow do that either:

- creates their own immediate threat, or
- occupies/supports one of the key squares you need for the diagonal plan?

Your plan seems to rely on later getting **c3 row3** and then a winning square around **c4 row4**. Check whether Yellow has a move now that interferes with that timing.",False,lost
p652,0,Prompt,"Good idea to look for a “can’t block both” setup — but before committing, test the **in-between Yellow move**.

If you play **column 1**, ask: after your disc lands at **c1 row1**, what can Yellow do that either:

- creates their own immediate threat, or
- occupies/supports one of the key squares you need for the diagonal plan?

Your plan seems to rely on later getting **c3 row3** and then a winning square around **c4 row4**. Check whether Yellow has a move now that interferes with that timing.",False,lost
p652,0,Paraphrase,"Good idea to look for a “can’t block both” setup — but before committing, test the **in-between Yellow move**.

If you play **column 1**, ask: after your disc lands at **c1 row1**, what can Yellow do that either:

- creates their own immediate threat, or
- occupies/supports one of the key squares you need for the diagonal plan?

Your plan seems to rely on later getting **c3 row3** and then a winning square around **c4 row4**. Check whether Yellow has a move now that interferes with that timing.",False,lost
p652,0,Positive Feedback,"Good idea to look for a “can’t block both” setup — but before committing, test the **in-between Yellow move**.

If you play **column 1**, ask: after your disc lands at **c1 row1**, what can Yellow do that either:

- creates their own immediate threat, or
- occupies/supports one of the key squares you need for the diagonal plan?

Your plan seems to rely on later getting **c3 row3** and then a winning square around **c4 row4**. Check whether Yellow has a move now that interferes with that timing.",False,lost
p652,1,Provide Correct Answer,"Yes — **column 4 is the move you need**.

Reason: Yellow is threatening vertically in **column 4**: they already have **Y at c4r1 and c4r2**, and if you don’t play **c4**, Yellow can take **c4r3** / build the immediate danger there. Dropping in **c4** also keeps your own central threats alive.",False,lost
p652,1,Direct Instruction,"Yes — **column 4 is the move you need**.

Reason: Yellow is threatening vertically in **column 4**: they already have **Y at c4r1 and c4r2**, and if you don’t play **c4**, Yellow can take **c4r3** / build the immediate danger there. Dropping in **c4** also keeps your own central threats alive.",False,lost
p652,2,Direct Instruction,"I’d be cautious about **C3** here.

Before choosing it, check: after you play C3, does Yellow get time to answer/block your main diagonal idea? Also look at **column 5** — Red already has pressure involving **c4r3/c4r4** and the diagonal shape through the center.  

Ask yourself: which move creates a threat Yellow **must** answer immediately, rather than just “improving” your position?",False,lost
p652,2,Hint,"I’d be cautious about **C3** here.

Before choosing it, check: after you play C3, does Yellow get time to answer/block your main diagonal idea? Also look at **column 5** — Red already has pressure involving **c4r3/c4r4** and the diagonal shape through the center.  

Ask yourself: which move creates a threat Yellow **must** answer immediately, rather than just “improving” your position?",False,lost
p652,2,Prompt,"I’d be cautious about **C3** here.

Before choosing it, check: after you play C3, does Yellow get time to answer/block your main diagonal idea? Also look at **column 5** — Red already has pressure involving **c4r3/c4r4** and the diagonal shape through the center.  

Ask yourself: which move creates a threat Yellow **must** answer immediately, rather than just “improving” your position?",False,lost
p652,3,Provide Correct Answer,"Yes, **C5 is the move I’d focus on**.

It lands at **c5r4**, which connects with your center structure and creates a strong diagonal threat: **c2r1–c3r2–c4r3–c5r4**. Yellow has to respect that, and it keeps your winning pressure alive.",False,lost
p652,3,Direct Instruction,"Yes, **C5 is the move I’d focus on**.

It lands at **c5r4**, which connects with your center structure and creates a strong diagonal threat: **c2r1–c3r2–c4r3–c5r4**. Yellow has to respect that, and it keeps your winning pressure alive.",False,lost
p652,4,Provide Correct Answer,"**C4 is strong, yes — but it’s not an immediate 4-in-a-row win yet.**  

Dropping in **column 4** lands at **c4r5**, giving you:
- a vertical threat in column 4: **c4r3–c4r4–c4r5**, needing **c4r6**
- a diagonal threat toward **c7r2**: **c4r5–c5r4–c6r3–c7r2**

So it creates a powerful double-threat structure.",False,lost
p652,4,Direct Instruction,"**C4 is strong, yes — but it’s not an immediate 4-in-a-row win yet.**  

Dropping in **column 4** lands at **c4r5**, giving you:
- a vertical threat in column 4: **c4r3–c4r4–c4r5**, needing **c4r6**
- a diagonal threat toward **c7r2**: **c4r5–c5r4–c6r3–c7r2**

So it creates a powerful double-threat structure.",False,lost
p652,4,Neutral Feedback,"**C4 is strong, yes — but it’s not an immediate 4-in-a-row win yet.**  

Dropping in **column 4** lands at **c4r5**, giving you:
- a vertical threat in column 4: **c4r3–c4r4–c4r5**, needing **c4r6**
- a diagonal threat toward **c7r2**: **c4r5–c5r4–c6r3–c7r2**

So it creates a powerful double-threat structure.",False,lost
p77,0,Direct Instruction,"No. In Connect Four, you can play in **any column that isn’t full**.

Your piece will **drop to the lowest empty space** in that column, even if it’s not next to another piece horizontally. So you’re choosing a **column**, not a specific hole.",False,won
p77,0,Negative Feedback,"No. In Connect Four, you can play in **any column that isn’t full**.

Your piece will **drop to the lowest empty space** in that column, even if it’s not next to another piece horizontally. So you’re choosing a **column**, not a specific hole.",False,won
p77,1,Direct Instruction,"Yes—exactly: you can only play **in a column**, and the disc falls to the **lowest empty row**.

Here, for example, if you choose **column 1**, your Red would land at **row 1**. If you choose **column 3**, it would land at **row 5** because rows 1–4 are already filled there.

A good question to ask now: **Which column stops Yellow’s most dangerous 3-in-a-row, or creates your own threat next turn?**",False,won
p77,1,Prompt,"Yes—exactly: you can only play **in a column**, and the disc falls to the **lowest empty row**.

Here, for example, if you choose **column 1**, your Red would land at **row 1**. If you choose **column 3**, it would land at **row 5** because rows 1–4 are already filled there.

A good question to ask now: **Which column stops Yellow’s most dangerous 3-in-a-row, or creates your own threat next turn?**",False,won
p77,1,Positive Feedback,"Yes—exactly: you can only play **in a column**, and the disc falls to the **lowest empty row**.

Here, for example, if you choose **column 1**, your Red would land at **row 1**. If you choose **column 3**, it would land at **row 5** because rows 1–4 are already filled there.

A good question to ask now: **Which column stops Yellow’s most dangerous 3-in-a-row, or creates your own threat next turn?**",False,won
p77,2,Direct Instruction,"Since you asked for the answer: **Red has no moves left here** according to the display, so you can’t play now.

But the key idea from this board: Yellow is threatening around the middle—especially the diagonal/cluster involving **columns 4–6**. If it *were* Red’s turn, you’d look first for a move that either:

- blocks Yellow’s strongest line, or  
- creates an immediate Red 3/4 threat.

On this board, Red’s playable landing spots would be:
- c1 r1
- c2 r3
- c3 r5
- c4 r5
- c5 r4
- c6 r4
- c7 r2",False,won
p77,2,Hint,"Since you asked for the answer: **Red has no moves left here** according to the display, so you can’t play now.

But the key idea from this board: Yellow is threatening around the middle—especially the diagonal/cluster involving **columns 4–6**. If it *were* Red’s turn, you’d look first for a move that either:

- blocks Yellow’s strongest line, or  
- creates an immediate Red 3/4 threat.

On this board, Red’s playable landing spots would be:
- c1 r1
- c2 r3
- c3 r5
- c4 r5
- c5 r4
- c6 r4
- c7 r2",False,won
p77,3,Direct Instruction,"You’re welcome!

From this board, if Red were choosing, I’d first scan for **Yellow threats**:
- Yellow has pieces around **c4–c5** low down, so watch diagonals through the center.
- Red has a nice cluster at **c3/c4/c5/c6**, so center moves can build threats too.

A good habit: before moving, ask **“Does Yellow have a 3-in-a-row I must block right now?”** Then ask **“Can I create my own 3 or double threat?”**",False,won
p77,3,Hint,"You’re welcome!

From this board, if Red were choosing, I’d first scan for **Yellow threats**:
- Yellow has pieces around **c4–c5** low down, so watch diagonals through the center.
- Red has a nice cluster at **c3/c4/c5/c6**, so center moves can build threats too.

A good habit: before moving, ask **“Does Yellow have a 3-in-a-row I must block right now?”** Then ask **“Can I create my own 3 or double threat?”**",False,won
p77,3,Prompt,"You’re welcome!

From this board, if Red were choosing, I’d first scan for **Yellow threats**:
- Yellow has pieces around **c4–c5** low down, so watch diagonals through the center.
- Red has a nice cluster at **c3/c4/c5/c6**, so center moves can build threats too.

A good habit: before moving, ask **“Does Yellow have a 3-in-a-row I must block right now?”** Then ask **“Can I create my own 3 or double threat?”**",False,won
p423,0,Provide Correct Answer,"Play **column 4**.

That drops Red into **c4 row 4**, and it’s the move that keeps your forced win alive. The key idea is that it sets up Red’s strongest continuation while not allowing Yellow to take over with a threat.",False,won
p423,0,Direct Instruction,"Play **column 4**.

That drops Red into **c4 row 4**, and it’s the move that keeps your forced win alive. The key idea is that it sets up Red’s strongest continuation while not allowing Yellow to take over with a threat.",False,won
p423,1,Provide Correct Answer,"Play **column 5**.

Why: it drops Red at **c5 row 4**, creating/maintaining the winning threat pattern for Red. Also, don’t ignore Yellow’s diagonal ideas around **columns 3–6**—Yellow has pieces at **c4/r2, c5/r3**, etc., so if you play elsewhere Yellow may start building dangerous diagonals.",False,won
p423,1,Direct Instruction,"Play **column 5**.

Why: it drops Red at **c5 row 4**, creating/maintaining the winning threat pattern for Red. Also, don’t ignore Yellow’s diagonal ideas around **columns 3–6**—Yellow has pieces at **c4/r2, c5/r3**, etc., so if you play elsewhere Yellow may start building dangerous diagonals.",False,won
p829,0,Provide Correct Answer,"Best move: **Column 4**.

Why: Yellow already has **two stacked in column 4** at rows 1–2, so if Red doesn’t play there, Yellow may build a dangerous vertical threat. Dropping Red in **column 4, row 3** blocks that and keeps Red’s winning chances alive.",False,lost
p829,0,Direct Instruction,"Best move: **Column 4**.

Why: Yellow already has **two stacked in column 4** at rows 1–2, so if Red doesn’t play there, Yellow may build a dangerous vertical threat. Dropping Red in **column 4, row 3** blocks that and keeps Red’s winning chances alive.",False,lost
p829,1,Direct Instruction,"Column 1 does start a diagonal idea: **c1-r1, c2-r2**, then you’d need **c3-r3 and c4-r4**.

But if Yellow plays column 4, it lands at **c4-r3**, not c4-r4 — so it **doesn’t help that diagonal**. Also, Yellow already has **c4-r1 and c4-r2**, so leaving column 4 open gives Yellow a strong vertical build.",False,lost
p626,0,Hint,"If you mean **column 2, landing on row 3**, pause for a quick threat check.

Ask yourself:
- Does that move create an immediate Red threat?
- Does Yellow then get any strong reply or double-threat?
- Compare it with a **central move**: which option gives Red more connected lines or future threats?

Before placing it, look especially at how a move affects the **diagonals through columns 3–5**.",False,lost
p626,0,Prompt,"If you mean **column 2, landing on row 3**, pause for a quick threat check.

Ask yourself:
- Does that move create an immediate Red threat?
- Does Yellow then get any strong reply or double-threat?
- Compare it with a **central move**: which option gives Red more connected lines or future threats?

Before placing it, look especially at how a move affects the **diagonals through columns 3–5**.",False,lost
p626,0,Paraphrase,"If you mean **column 2, landing on row 3**, pause for a quick threat check.

Ask yourself:
- Does that move create an immediate Red threat?
- Does Yellow then get any strong reply or double-threat?
- Compare it with a **central move**: which option gives Red more connected lines or future threats?

Before placing it, look especially at how a move affects the **diagonals through columns 3–5**.",False,lost
p626,1,Provide Correct Answer,"Yes—**column 4** is the move I’d focus on.

Before you drop it, notice why: it plays into the center and helps control key diagonals, while also preventing Yellow from getting too comfortable around columns **3–5**. It looks like the strongest way to keep Red’s attack alive.",False,lost
p626,1,Direct Instruction,"Yes—**column 4** is the move I’d focus on.

Before you drop it, notice why: it plays into the center and helps control key diagonals, while also preventing Yellow from getting too comfortable around columns **3–5**. It looks like the strongest way to keep Red’s attack alive.",False,lost
p513,0,Direct Instruction,"A vertical three in column 2 is an idea, but ask: **does it force Yellow to respond right away?**  

If you play column 2, Red would have R at rows 1–3 there, but the winning square would be **column 2 row 4**, so Yellow may have time to make a threat elsewhere.

Also notice Yellow already has **two stacked in column 4**; if Yellow gets to play there, that can become dangerous. So compare column 2 with moves that **block or create a more forcing threat**.",False,lost
p513,0,Hint,"A vertical three in column 2 is an idea, but ask: **does it force Yellow to respond right away?**  

If you play column 2, Red would have R at rows 1–3 there, but the winning square would be **column 2 row 4**, so Yellow may have time to make a threat elsewhere.

Also notice Yellow already has **two stacked in column 4**; if Yellow gets to play there, that can become dangerous. So compare column 2 with moves that **block or create a more forcing threat**.",False,lost
p513,0,Prompt,"A vertical three in column 2 is an idea, but ask: **does it force Yellow to respond right away?**  

If you play column 2, Red would have R at rows 1–3 there, but the winning square would be **column 2 row 4**, so Yellow may have time to make a threat elsewhere.

Also notice Yellow already has **two stacked in column 4**; if Yellow gets to play there, that can become dangerous. So compare column 2 with moves that **block or create a more forcing threat**.",False,lost
p513,0,Paraphrase,"A vertical three in column 2 is an idea, but ask: **does it force Yellow to respond right away?**  

If you play column 2, Red would have R at rows 1–3 there, but the winning square would be **column 2 row 4**, so Yellow may have time to make a threat elsewhere.

Also notice Yellow already has **two stacked in column 4**; if Yellow gets to play there, that can become dangerous. So compare column 2 with moves that **block or create a more forcing threat**.",False,lost
p513,0,Neutral Feedback,"A vertical three in column 2 is an idea, but ask: **does it force Yellow to respond right away?**  

If you play column 2, Red would have R at rows 1–3 there, but the winning square would be **column 2 row 4**, so Yellow may have time to make a threat elsewhere.

Also notice Yellow already has **two stacked in column 4**; if Yellow gets to play there, that can become dangerous. So compare column 2 with moves that **block or create a more forcing threat**.",False,lost
p513,1,Provide Correct Answer,"Play **column 4**.

That puts Red at **c4 row 4**, making a vertical threat: Red would then have **c4 rows 3–4**, with support below, and it also helps control the center. Most importantly, it prevents Yellow from gaining too much central pressure there.",False,lost
p513,1,Direct Instruction,"Play **column 4**.

That puts Red at **c4 row 4**, making a vertical threat: Red would then have **c4 rows 3–4**, with support below, and it also helps control the center. Most importantly, it prevents Yellow from gaining too much central pressure there.",False,lost
p513,2,Provide Correct Answer,"Use your last move in **column 5**.

That lands at **c5 row 4**, which is the key square to keep Red’s winning chances alive and also interferes with Yellow’s diagonal ideas around **c7–c6–c5–c4**.",False,lost
p513,2,Direct Instruction,"Use your last move in **column 5**.

That lands at **c5 row 4**, which is the key square to keep Red’s winning chances alive and also interferes with Yellow’s diagonal ideas around **c7–c6–c5–c4**.",False,lost
p513,3,Provide Correct Answer,"Yes — **“c5” means column 5**.  

So use your last move in **column 5**; it will land in **row 4**.",False,lost
p513,3,Direct Instruction,"Yes — **“c5” means column 5**.  

So use your last move in **column 5**; it will land in **row 4**.",False,lost
p841,0,Direct Instruction,"If you mean **column 4**, your counter would land at **4,3** (because 4,1 and 4,2 are filled) — and yes, that looks like a wise candidate.

Quick check: it helps build upward in the center and can create/keep stronger threats than playing on the edge.

If you mean the square **(4,6)** specifically, you **can’t place there yet** because of gravity; the disc must fall to the lowest empty space in column 4.",False,won
p841,0,Paraphrase,"If you mean **column 4**, your counter would land at **4,3** (because 4,1 and 4,2 are filled) — and yes, that looks like a wise candidate.

Quick check: it helps build upward in the center and can create/keep stronger threats than playing on the edge.

If you mean the square **(4,6)** specifically, you **can’t place there yet** because of gravity; the disc must fall to the lowest empty space in column 4.",False,won
p841,0,Positive Feedback,"If you mean **column 4**, your counter would land at **4,3** (because 4,1 and 4,2 are filled) — and yes, that looks like a wise candidate.

Quick check: it helps build upward in the center and can create/keep stronger threats than playing on the edge.

If you mean the square **(4,6)** specifically, you **can’t place there yet** because of gravity; the disc must fall to the lowest empty space in column 4.",False,won
p841,1,Direct Instruction,"Column **6** is legal: your disc would land at **6,4**, making a vertical stack at **6,3–6,4**.

But ask yourself: does it create an **immediate threat** Yellow must answer, or does it let Yellow take the key central space? I’d be cautious—**column 6 looks slower** than strengthening the center.",False,won
p841,1,Prompt,"Column **6** is legal: your disc would land at **6,4**, making a vertical stack at **6,3–6,4**.

But ask yourself: does it create an **immediate threat** Yellow must answer, or does it let Yellow take the key central space? I’d be cautious—**column 6 looks slower** than strengthening the center.",False,won
p841,1,Neutral Feedback,"Column **6** is legal: your disc would land at **6,4**, making a vertical stack at **6,3–6,4**.

But ask yourself: does it create an **immediate threat** Yellow must answer, or does it let Yellow take the key central space? I’d be cautious—**column 6 looks slower** than strengthening the center.",False,won
p841,2,Provide Correct Answer,"Yes — I’d focus on **the center column 4** rather than column 6.

Why: a Red move in **column 4** lands at **4,3**, which helps connect with your Red at **5,2** and **6,1** on a diagonal, and it also fights for the most valuable central space.

So my better idea is: **play column 4**.",False,won
p841,2,Direct Instruction,"Yes — I’d focus on **the center column 4** rather than column 6.

Why: a Red move in **column 4** lands at **4,3**, which helps connect with your Red at **5,2** and **6,1** on a diagonal, and it also fights for the most valuable central space.

So my better idea is: **play column 4**.",False,won
p841,3,Direct Instruction,"I’m afraid this position already has a **Yellow connect-four**:

**Yellow diagonal:** 7,1 → 6,2 → 5,3 → 4,4.

So there isn’t a move that can “fix” it now. The key lesson: before your move, check for any **diagonal line of 3** Yellow has that can become 4 — especially sloping up-left / down-right like this one.",False,won
p737,0,Provide Correct Answer,"Play **column 4**.

It drops to **row 3**, and it’s the key move that keeps Red’s winning chances alive while controlling Yellow’s central threats.",False,won
p737,0,Direct Instruction,"Play **column 4**.

It drops to **row 3**, and it’s the key move that keeps Red’s winning chances alive while controlling Yellow’s central threats.",False,won
p737,1,Provide Correct Answer,"You have **2 moves left**, so look for a move that creates or preserves an immediate winning threat.

Here, focus on **column 4**: dropping Red there builds pressure in the center and lines up your existing Reds around **c4–c6 / diagonal possibilities**. If you want the direct recommendation: play **column 4**.",False,won
p737,1,Direct Instruction,"You have **2 moves left**, so look for a move that creates or preserves an immediate winning threat.

Here, focus on **column 4**: dropping Red there builds pressure in the center and lines up your existing Reds around **c4–c6 / diagonal possibilities**. If you want the direct recommendation: play **column 4**.",False,won
p737,1,Hint,"You have **2 moves left**, so look for a move that creates or preserves an immediate winning threat.

Here, focus on **column 4**: dropping Red there builds pressure in the center and lines up your existing Reds around **c4–c6 / diagonal possibilities**. If you want the direct recommendation: play **column 4**.",False,won
p737,2,Provide Correct Answer,"You’re right that there isn’t an **immediate four-in-a-row already**, but you may still have a forcing move.

Ask: what Yellow threat must you respect? Yellow has pieces at **c4-r1, c4-r2, c5-r1, c5-r3**, so the center is dangerous. Your move should both **block Yellow’s build-up** and create your own threat.

Since you asked “what next” before: the move that keeps you alive is **column 5**.",False,won
p737,2,Direct Instruction,"You’re right that there isn’t an **immediate four-in-a-row already**, but you may still have a forcing move.

Ask: what Yellow threat must you respect? Yellow has pieces at **c4-r1, c4-r2, c5-r1, c5-r3**, so the center is dangerous. Your move should both **block Yellow’s build-up** and create your own threat.

Since you asked “what next” before: the move that keeps you alive is **column 5**.",False,won
p737,2,Prompt,"You’re right that there isn’t an **immediate four-in-a-row already**, but you may still have a forcing move.

Ask: what Yellow threat must you respect? Yellow has pieces at **c4-r1, c4-r2, c5-r1, c5-r3**, so the center is dangerous. Your move should both **block Yellow’s build-up** and create your own threat.

Since you asked “what next” before: the move that keeps you alive is **column 5**.",False,won
p737,2,Neutral Feedback,"You’re right that there isn’t an **immediate four-in-a-row already**, but you may still have a forcing move.

Ask: what Yellow threat must you respect? Yellow has pieces at **c4-r1, c4-r2, c5-r1, c5-r3**, so the center is dangerous. Your move should both **block Yellow’s build-up** and create your own threat.

Since you asked “what next” before: the move that keeps you alive is **column 5**.",False,won
p800,0,Direct Instruction,"No immediate 4-in-a-row wins for either side right now.

Key threats to notice:

- **Yellow vertical danger in column 4**: Yellow already has **c4 rows 1–2**. If Yellow gets **c4/r3**, then **c4/r4** becomes a direct winning threat next.
- **Red vertical potential in column 2**: Red has **c2 rows 1–2**. If Red gets **c2/r3**, then **c2/r4** becomes a direct winning threat.
- Watch for **support**: a threat only matters if the winning square is playable or can become playable in time.

Ask yourself: which move both improves Red’s threats and prevents Yellow from getting the dangerous center vertical idea?",False,won
p800,0,Prompt,"No immediate 4-in-a-row wins for either side right now.

Key threats to notice:

- **Yellow vertical danger in column 4**: Yellow already has **c4 rows 1–2**. If Yellow gets **c4/r3**, then **c4/r4** becomes a direct winning threat next.
- **Red vertical potential in column 2**: Red has **c2 rows 1–2**. If Red gets **c2/r3**, then **c2/r4** becomes a direct winning threat.
- Watch for **support**: a threat only matters if the winning square is playable or can become playable in time.

Ask yourself: which move both improves Red’s threats and prevents Yellow from getting the dangerous center vertical idea?",False,won
p265,0,Provide Correct Answer,"If by “row 3” you mean **drop in column 3** so it lands on row 3: it looks tempting, but **it’s not the best**—it doesn’t create a strong enough forced threat.

The strongest move here is **column 4**. Dropping there lands at **c4–r3** and sets up Red’s threats better while avoiding giving Yellow the tempo to defend/counter.

So: **play column 4.**",False,won
p265,0,Direct Instruction,"If by “row 3” you mean **drop in column 3** so it lands on row 3: it looks tempting, but **it’s not the best**—it doesn’t create a strong enough forced threat.

The strongest move here is **column 4**. Dropping there lands at **c4–r3** and sets up Red’s threats better while avoiding giving Yellow the tempo to defend/counter.

So: **play column 4.**",False,won
p265,0,Paraphrase,"If by “row 3” you mean **drop in column 3** so it lands on row 3: it looks tempting, but **it’s not the best**—it doesn’t create a strong enough forced threat.

The strongest move here is **column 4**. Dropping there lands at **c4–r3** and sets up Red’s threats better while avoiding giving Yellow the tempo to defend/counter.

So: **play column 4.**",False,won
p265,0,Neutral Feedback,"If by “row 3” you mean **drop in column 3** so it lands on row 3: it looks tempting, but **it’s not the best**—it doesn’t create a strong enough forced threat.

The strongest move here is **column 4**. Dropping there lands at **c4–r3** and sets up Red’s threats better while avoiding giving Yellow the tempo to defend/counter.

So: **play column 4.**",False,won
p265,1,Provide Correct Answer,"Column 3 is tempting, but check the diagonal you mentioned: after **c3**, the diagonal up-right runs through **c4–r4 / c5–r5**, while the other diagonal hits **c4–r2**, which is already Yellow—so it’s not a clean winning threat.

The key move is **column 4**: it stacks on your Red at **c4–r3**, creating a much stronger threat structure. So I’d play **column 4**, not column 3.",False,won
p265,1,Direct Instruction,"Column 3 is tempting, but check the diagonal you mentioned: after **c3**, the diagonal up-right runs through **c4–r4 / c5–r5**, while the other diagonal hits **c4–r2**, which is already Yellow—so it’s not a clean winning threat.

The key move is **column 4**: it stacks on your Red at **c4–r3**, creating a much stronger threat structure. So I’d play **column 4**, not column 3.",False,won
p265,1,Hint,"Column 3 is tempting, but check the diagonal you mentioned: after **c3**, the diagonal up-right runs through **c4–r4 / c5–r5**, while the other diagonal hits **c4–r2**, which is already Yellow—so it’s not a clean winning threat.

The key move is **column 4**: it stacks on your Red at **c4–r3**, creating a much stronger threat structure. So I’d play **column 4**, not column 3.",False,won
p265,2,Provide Correct Answer,"Not column 3 yet. If you drop in **column 3**, it doesn’t create an immediate forcing threat, and Yellow may get time to block.

The stronger move is **column 5**: it lands at **c5–r4**, connecting with your Reds around **c4–r3/c4–r4** and creating a much more dangerous diagonal/horizontal threat setup.

So I’d play **column 5** now.",False,won
p265,2,Direct Instruction,"Not column 3 yet. If you drop in **column 3**, it doesn’t create an immediate forcing threat, and Yellow may get time to block.

The stronger move is **column 5**: it lands at **c5–r4**, connecting with your Reds around **c4–r3/c4–r4** and creating a much more dangerous diagonal/horizontal threat setup.

So I’d play **column 5** now.",False,won
p265,2,Negative Feedback,"Not column 3 yet. If you drop in **column 3**, it doesn’t create an immediate forcing threat, and Yellow may get time to block.

The stronger move is **column 5**: it lands at **c5–r4**, connecting with your Reds around **c4–r3/c4–r4** and creating a much more dangerous diagonal/horizontal threat setup.

So I’d play **column 5** now.",False,won
p324,0,Direct Instruction,"Column 2 is tempting: it would give Red **three stacked in column 2**, threatening to win there next turn.

But ask: **can Yellow ignore that and create something stronger?** Since you only have 3 moves left, a single threat may not be enough.

I’d especially examine **column 4** before choosing—dropping there lands at **c4 row3**, and it affects several lines near Yellow’s center stack. Look for whether it creates a more forcing threat than column 2.",False,lost
p324,0,Hint,"Column 2 is tempting: it would give Red **three stacked in column 2**, threatening to win there next turn.

But ask: **can Yellow ignore that and create something stronger?** Since you only have 3 moves left, a single threat may not be enough.

I’d especially examine **column 4** before choosing—dropping there lands at **c4 row3**, and it affects several lines near Yellow’s center stack. Look for whether it creates a more forcing threat than column 2.",False,lost
p324,0,Prompt,"Column 2 is tempting: it would give Red **three stacked in column 2**, threatening to win there next turn.

But ask: **can Yellow ignore that and create something stronger?** Since you only have 3 moves left, a single threat may not be enough.

I’d especially examine **column 4** before choosing—dropping there lands at **c4 row3**, and it affects several lines near Yellow’s center stack. Look for whether it creates a more forcing threat than column 2.",False,lost
p324,0,Paraphrase,"Column 2 is tempting: it would give Red **three stacked in column 2**, threatening to win there next turn.

But ask: **can Yellow ignore that and create something stronger?** Since you only have 3 moves left, a single threat may not be enough.

I’d especially examine **column 4** before choosing—dropping there lands at **c4 row3**, and it affects several lines near Yellow’s center stack. Look for whether it creates a more forcing threat than column 2.",False,lost
p324,1,Provide Correct Answer,"Yes — **column 4 is the move to play**.

It lands at **c4 row4**, directly above your Red at **c4 row3**, and it creates the forcing vertical threat in column 4. With only 2 moves left, you want a move that Yellow must respect; column 4 does that.",False,lost
p324,1,Direct Instruction,"Yes — **column 4 is the move to play**.

It lands at **c4 row4**, directly above your Red at **c4 row3**, and it creates the forcing vertical threat in column 4. With only 2 moves left, you want a move that Yellow must respect; column 4 does that.",False,lost
p324,1,Positive Feedback,"Yes — **column 4 is the move to play**.

It lands at **c4 row4**, directly above your Red at **c4 row3**, and it creates the forcing vertical threat in column 4. With only 2 moves left, you want a move that Yellow must respect; column 4 does that.",False,lost
p324,2,Direct Instruction,"Column 3 lands at **c3 row3**. Before playing it, check: does it make an immediate 4, or a threat Yellow can’t stop?

I don’t see column 3 doing that—Yellow pieces at **c3 row2** and **c5 row3** break key lines. Compare it with the move that lands at **c5 row4**: what new horizontal/diagonal threats would Red have from there?",False,lost
p324,2,Prompt,"Column 3 lands at **c3 row3**. Before playing it, check: does it make an immediate 4, or a threat Yellow can’t stop?

I don’t see column 3 doing that—Yellow pieces at **c3 row2** and **c5 row3** break key lines. Compare it with the move that lands at **c5 row4**: what new horizontal/diagonal threats would Red have from there?",False,lost
p324,3,Direct Instruction,"You’re right — sorry, **c5 row4 is empty**, but if you drop in **column 5**, the disc actually lands at **c5 row4** because rows 1–3 in column 5 are filled.

With 1 move left, ask: which move creates an immediate 4 or unstoppable threat? **Column 5** is the key one to examine.",False,lost
p324,3,Hint,"You’re right — sorry, **c5 row4 is empty**, but if you drop in **column 5**, the disc actually lands at **c5 row4** because rows 1–3 in column 5 are filled.

With 1 move left, ask: which move creates an immediate 4 or unstoppable threat? **Column 5** is the key one to examine.",False,lost
p324,3,Prompt,"You’re right — sorry, **c5 row4 is empty**, but if you drop in **column 5**, the disc actually lands at **c5 row4** because rows 1–3 in column 5 are filled.

With 1 move left, ask: which move creates an immediate 4 or unstoppable threat? **Column 5** is the key one to examine.",False,lost
p324,3,Positive Feedback,"You’re right — sorry, **c5 row4 is empty**, but if you drop in **column 5**, the disc actually lands at **c5 row4** because rows 1–3 in column 5 are filled.

With 1 move left, ask: which move creates an immediate 4 or unstoppable threat? **Column 5** is the key one to examine.",False,lost
p211,0,Direct Instruction,"That vertical stack in column 2 is tempting: it would give you 3 in a column and threaten row 4 there next.

But before building your own threat, check Yellow’s immediate threat: what happens if Yellow plays column 4, landing at row 4? Look at the diagonal from column 7 row 1 → column 6 row 2 → column 5 row 3 → column 4 row 4.

So the key question: does your move stop Yellow’s next-move win?",False,won
p211,0,Prompt,"That vertical stack in column 2 is tempting: it would give you 3 in a column and threaten row 4 there next.

But before building your own threat, check Yellow’s immediate threat: what happens if Yellow plays column 4, landing at row 4? Look at the diagonal from column 7 row 1 → column 6 row 2 → column 5 row 3 → column 4 row 4.

So the key question: does your move stop Yellow’s next-move win?",False,won
p211,0,Paraphrase,"That vertical stack in column 2 is tempting: it would give you 3 in a column and threaten row 4 there next.

But before building your own threat, check Yellow’s immediate threat: what happens if Yellow plays column 4, landing at row 4? Look at the diagonal from column 7 row 1 → column 6 row 2 → column 5 row 3 → column 4 row 4.

So the key question: does your move stop Yellow’s next-move win?",False,won
p211,0,Neutral Feedback,"That vertical stack in column 2 is tempting: it would give you 3 in a column and threaten row 4 there next.

But before building your own threat, check Yellow’s immediate threat: what happens if Yellow plays column 4, landing at row 4? Look at the diagonal from column 7 row 1 → column 6 row 2 → column 5 row 3 → column 4 row 4.

So the key question: does your move stop Yellow’s next-move win?",False,won
p211,1,Provide Correct Answer,"Yes — if you’re asking directly: **play column 4, not column 2**.

Column 2 would make your vertical 3, but Yellow has a serious diagonal threat involving **c7r1–c6r2–c5r3–c4r4**. Playing **column 4** puts Red at **c4r4**, blocking that diagonal and also keeping your center strong.",False,won
p211,1,Direct Instruction,"Yes — if you’re asking directly: **play column 4, not column 2**.

Column 2 would make your vertical 3, but Yellow has a serious diagonal threat involving **c7r1–c6r2–c5r3–c4r4**. Playing **column 4** puts Red at **c4r4**, blocking that diagonal and also keeping your center strong.",False,won
p211,1,Paraphrase,"Yes — if you’re asking directly: **play column 4, not column 2**.

Column 2 would make your vertical 3, but Yellow has a serious diagonal threat involving **c7r1–c6r2–c5r3–c4r4**. Playing **column 4** puts Red at **c4r4**, blocking that diagonal and also keeping your center strong.",False,won
p718,0,Direct Instruction,"Your idea at **3,3** does help build and may interfere with Yellow’s lower structure, but ask yourself:

- After Red plays **3,3**, does Red create an immediate threat Yellow must answer?
- Does Yellow then get a strong reply in the center, especially around **column 4**?

A useful strategy here is to look for moves that create **your own threat while also taking away Yellow’s key central squares**. In this position, I’d compare your **3,3** idea with a move in the **center column**, because center moves often connect to more diagonals and horizontals.

Try checking: if Red occupies **4,3**, what lines or threats does that affect for both players?",False,won
p718,0,Hint,"Your idea at **3,3** does help build and may interfere with Yellow’s lower structure, but ask yourself:

- After Red plays **3,3**, does Red create an immediate threat Yellow must answer?
- Does Yellow then get a strong reply in the center, especially around **column 4**?

A useful strategy here is to look for moves that create **your own threat while also taking away Yellow’s key central squares**. In this position, I’d compare your **3,3** idea with a move in the **center column**, because center moves often connect to more diagonals and horizontals.

Try checking: if Red occupies **4,3**, what lines or threats does that affect for both players?",False,won
p718,0,Prompt,"Your idea at **3,3** does help build and may interfere with Yellow’s lower structure, but ask yourself:

- After Red plays **3,3**, does Red create an immediate threat Yellow must answer?
- Does Yellow then get a strong reply in the center, especially around **column 4**?

A useful strategy here is to look for moves that create **your own threat while also taking away Yellow’s key central squares**. In this position, I’d compare your **3,3** idea with a move in the **center column**, because center moves often connect to more diagonals and horizontals.

Try checking: if Red occupies **4,3**, what lines or threats does that affect for both players?",False,won
p718,0,Neutral Feedback,"Your idea at **3,3** does help build and may interfere with Yellow’s lower structure, but ask yourself:

- After Red plays **3,3**, does Red create an immediate threat Yellow must answer?
- Does Yellow then get a strong reply in the center, especially around **column 4**?

A useful strategy here is to look for moves that create **your own threat while also taking away Yellow’s key central squares**. In this position, I’d compare your **3,3** idea with a move in the **center column**, because center moves often connect to more diagonals and horizontals.

Try checking: if Red occupies **4,3**, what lines or threats does that affect for both players?",False,won
p117,0,Provide Correct Answer,"Go in **column 4**.

Why: it builds on your center stack and creates the strongest continuation for Red, while avoiding giving Yellow an easy defensive/winning response.",False,won
p117,0,Direct Instruction,"Go in **column 4**.

Why: it builds on your center stack and creates the strongest continuation for Red, while avoiding giving Yellow an easy defensive/winning response.",False,won
p117,1,Provide Correct Answer,"Play **column 5**.

That puts Red at **c5 row 4**, keeping your winning threats alive while not letting Yellow take over the key diagonal/center area.",False,won
p117,1,Direct Instruction,"Play **column 5**.

That puts Red at **c5 row 4**, keeping your winning threats alive while not letting Yellow take over the key diagonal/center area.",False,won
p465,0,Direct Instruction,"Which column are you considering?

Quick check to use: look for any move that either  
1) creates a Red winning threat, or  
2) stops Yellow from making a strong threat next turn.  

Tell me the column you’re thinking of, and I’ll help you test whether it’s best.",False,lost
p465,0,Prompt,"Which column are you considering?

Quick check to use: look for any move that either  
1) creates a Red winning threat, or  
2) stops Yellow from making a strong threat next turn.  

Tell me the column you’re thinking of, and I’ll help you test whether it’s best.",False,lost
p465,1,Direct Instruction,"Column 3 is **not** the best move here.

Why: playing 3 doesn’t address the key central tension. Red’s strongest path is to play in the center so you keep the forced winning chances alive — specifically look at **column 4**, where a Red disc would land on **row 3** and connect with/extend multiple Red possibilities.

So I’d reconsider column 3 and compare it with **column 4**.",False,lost
p465,1,Hint,"Column 3 is **not** the best move here.

Why: playing 3 doesn’t address the key central tension. Red’s strongest path is to play in the center so you keep the forced winning chances alive — specifically look at **column 4**, where a Red disc would land on **row 3** and connect with/extend multiple Red possibilities.

So I’d reconsider column 3 and compare it with **column 4**.",False,lost
p465,1,Prompt,"Column 3 is **not** the best move here.

Why: playing 3 doesn’t address the key central tension. Red’s strongest path is to play in the center so you keep the forced winning chances alive — specifically look at **column 4**, where a Red disc would land on **row 3** and connect with/extend multiple Red possibilities.

So I’d reconsider column 3 and compare it with **column 4**.",False,lost
p465,1,Negative Feedback,"Column 3 is **not** the best move here.

Why: playing 3 doesn’t address the key central tension. Red’s strongest path is to play in the center so you keep the forced winning chances alive — specifically look at **column 4**, where a Red disc would land on **row 3** and connect with/extend multiple Red possibilities.

So I’d reconsider column 3 and compare it with **column 4**.",False,lost
p465,2,Provide Correct Answer,"Do you mean **column 4**? In Connect Four you choose a **column**, and the disc falls to the lowest empty row.

Yes — **column 4 is the best move** here. It lands at **c4 row 3**, building a strong central connection and keeping Red’s forced win alive.",False,lost
p465,2,Direct Instruction,"Do you mean **column 4**? In Connect Four you choose a **column**, and the disc falls to the lowest empty row.

Yes — **column 4 is the best move** here. It lands at **c4 row 3**, building a strong central connection and keeping Red’s forced win alive.",False,lost
p465,2,Comprehension Gauging Question,"Do you mean **column 4**? In Connect Four you choose a **column**, and the disc falls to the lowest empty row.

Yes — **column 4 is the best move** here. It lands at **c4 row 3**, building a strong central connection and keeping Red’s forced win alive.",False,lost
p465,3,Provide Correct Answer,"Your next best move is **column 4**.

Why: playing **4** stacks on your Red at **c4 row 3**, creating the strongest central threat structure. With only 2 moves left, you want the move that keeps your forced win alive, and **column 4** does that.",False,lost
p465,3,Direct Instruction,"Your next best move is **column 4**.

Why: playing **4** stacks on your Red at **c4 row 3**, creating the strongest central threat structure. With only 2 moves left, you want the move that keeps your forced win alive, and **column 4** does that.",False,lost
p465,4,Provide Correct Answer,"Go **column 5**.

It lands on **c5 row 3**, right above Yellow at c5 row 2, and it keeps your Red winning threat alive by connecting into the center/right structure.",False,lost
p465,4,Direct Instruction,"Go **column 5**.

It lands on **c5 row 3**, right above Yellow at c5 row 2, and it keeps your Red winning threat alive by connecting into the center/right structure.",False,lost
p128,0,Provide Correct Answer,"Yes — your read is right: Yellow has an immediate diagonal threat.

If Yellow gets **column 4, row 4**, they would complete the diagonal:

**7-1, 6-2, 5-3, 4-4**

So Red needs to play **column 4 now** to block that square.",False,won
p128,0,Direct Instruction,"Yes — your read is right: Yellow has an immediate diagonal threat.

If Yellow gets **column 4, row 4**, they would complete the diagonal:

**7-1, 6-2, 5-3, 4-4**

So Red needs to play **column 4 now** to block that square.",False,won
p128,0,Positive Feedback,"Yes — your read is right: Yellow has an immediate diagonal threat.

If Yellow gets **column 4, row 4**, they would complete the diagonal:

**7-1, 6-2, 5-3, 4-4**

So Red needs to play **column 4 now** to block that square.",False,won
p128,1,Provide Correct Answer,"Personally, I’d play **column 5**.

Why: it blocks Yellow’s dangerous diagonal idea while also keeping Red’s own threats alive. Column 4 is already occupied up to row 4, so the key square to control now is **5-4** by playing in column 5.",False,won
p128,1,Direct Instruction,"Personally, I’d play **column 5**.

Why: it blocks Yellow’s dangerous diagonal idea while also keeping Red’s own threats alive. Column 4 is already occupied up to row 4, so the key square to control now is **5-4** by playing in column 5.",False,won
p128,2,Direct Instruction,"Row 6 can become a threat **eventually**, but it’s not urgent because a disc can’t be placed there until that column is filled up underneath it.

Right now, focus on **playable or soon-playable winning squares**. The key danger/idea is around the middle, especially the diagonal involving **col 4 row 4** and **col 5 row 3/4**—those are much closer to happening than anything on row 6.",False,won
p128,2,Hint,"Row 6 can become a threat **eventually**, but it’s not urgent because a disc can’t be placed there until that column is filled up underneath it.

Right now, focus on **playable or soon-playable winning squares**. The key danger/idea is around the middle, especially the diagonal involving **col 4 row 4** and **col 5 row 3/4**—those are much closer to happening than anything on row 6.",False,won
p128,3,Direct Instruction,"For future games, I’d focus on these habits:

- **Check immediate wins/blocks first** every turn: “Can I win now? Can Yellow win next?”
- **Prefer the center columns** — especially 4, then 3/5 — because they create more possible lines.
- **Build threats that overlap**: a move that helps a horizontal *and* a diagonal is usually strong.
- **Look for double threats**: positions where after your move, you’ll have two winning squares and Yellow can only block one.
- **Be careful creating playable wins for Yellow**: don’t place a disc that “supports” Yellow’s winning square above it.

In this kind of position, the key skill is asking: *which empty squares are actually playable soon, and who benefits if I fill underneath them?*",False,won
p128,4,Hint,"You’re welcome! For this current board, before choosing, ask:

1. **Does Yellow have any immediate win next turn?**
2. **Do I have a move that creates an immediate threat Yellow can’t ignore?**
3. **Which playable square matters most right now?**  

A key area to inspect is around **column 5**, because it connects with both the center structure and Yellow’s diagonal possibilities.",False,won
p128,4,Prompt,"You’re welcome! For this current board, before choosing, ask:

1. **Does Yellow have any immediate win next turn?**
2. **Do I have a move that creates an immediate threat Yellow can’t ignore?**
3. **Which playable square matters most right now?**  

A key area to inspect is around **column 5**, because it connects with both the center structure and Yellow’s diagonal possibilities.",False,won
p128,5,Direct Instruction,"Yes — if your first move was **column 4**, I think that was the right call because it blocked Yellow’s diagonal threat through **4-4**.

From here, ask yourself: what move both **creates a Red threat** and prevents Yellow from taking over the center diagonal next? The key square to inspect is around **column 5**.",False,won
p128,5,Hint,"Yes — if your first move was **column 4**, I think that was the right call because it blocked Yellow’s diagonal threat through **4-4**.

From here, ask yourself: what move both **creates a Red threat** and prevents Yellow from taking over the center diagonal next? The key square to inspect is around **column 5**.",False,won
p128,5,Prompt,"Yes — if your first move was **column 4**, I think that was the right call because it blocked Yellow’s diagonal threat through **4-4**.

From here, ask yourself: what move both **creates a Red threat** and prevents Yellow from taking over the center diagonal next? The key square to inspect is around **column 5**.",False,won
p128,5,Positive Feedback,"Yes — if your first move was **column 4**, I think that was the right call because it blocked Yellow’s diagonal threat through **4-4**.

From here, ask yourself: what move both **creates a Red threat** and prevents Yellow from taking over the center diagonal next? The key square to inspect is around **column 5**.",False,won
p13,0,Provide Correct Answer,"Play **column 4**.

Why: Red needs to stop Yellow’s central buildup and keep the winning chances alive. Dropping in **column 4** lands at row 3 and is the only move that preserves Red’s forced win.",False,won
p13,0,Direct Instruction,"Play **column 4**.

Why: Red needs to stop Yellow’s central buildup and keep the winning chances alive. Dropping in **column 4** lands at row 3 and is the only move that preserves Red’s forced win.",False,won
p13,1,Direct Instruction,"Column 3 looks tempting, but it has a big problem: after Red plays **3**, Yellow can answer in **column 4**, taking the key central square and stopping Red’s best threat.

The important idea is **control of column 4**: Red playing **4** now creates/keeps stronger connected threats, while column 3 lets Yellow occupy that spot first.",False,won
p13,1,Hint,"Column 3 looks tempting, but it has a big problem: after Red plays **3**, Yellow can answer in **column 4**, taking the key central square and stopping Red’s best threat.

The important idea is **control of column 4**: Red playing **4** now creates/keeps stronger connected threats, while column 3 lets Yellow occupy that spot first.",False,won
p13,2,Provide Correct Answer,"Yes — there is a winning move now: **play column 5**.

It drops at **c5-row3**, giving Red a horizontal four on **row 3**:  
**c4, c5, c6** plus the new Red at **c5**? Actually it also creates a decisive threat pattern Yellow can’t stop. So the move is **5**.",False,won
p13,2,Direct Instruction,"Yes — there is a winning move now: **play column 5**.

It drops at **c5-row3**, giving Red a horizontal four on **row 3**:  
**c4, c5, c6** plus the new Red at **c5**? Actually it also creates a decisive threat pattern Yellow can’t stop. So the move is **5**.",False,won
p13,3,Provide Correct Answer,"You’re right — I misspoke. There **is** a Yellow at **column 5, row 3**, so Red’s move in column 5 would land **above it at row 4**.

Even so, the move is still **column 5**: it puts Red at **c5-r4**, next to your Red at **c4-r4**, and keeps the strongest attacking structure. My earlier row-3 explanation was wrong; thanks for catching it.",False,won
p13,3,Direct Instruction,"You’re right — I misspoke. There **is** a Yellow at **column 5, row 3**, so Red’s move in column 5 would land **above it at row 4**.

Even so, the move is still **column 5**: it puts Red at **c5-r4**, next to your Red at **c4-r4**, and keeps the strongest attacking structure. My earlier row-3 explanation was wrong; thanks for catching it.",False,won
p13,3,Positive Feedback,"You’re right — I misspoke. There **is** a Yellow at **column 5, row 3**, so Red’s move in column 5 would land **above it at row 4**.

Even so, the move is still **column 5**: it puts Red at **c5-r4**, next to your Red at **c4-r4**, and keeps the strongest attacking structure. My earlier row-3 explanation was wrong; thanks for catching it.",False,won
p725,0,Direct Instruction,"If by “the diagonal” you mean playing in **column 4**, then yes — that looks like the right kind of move to consider.

Key question to check: after your disc lands, does Yellow have **one easy block**, or are you creating **more than one future threat**? A single diagonal threat can be blocked easily; a move is much stronger if it creates a setup where Yellow can’t cover everything next turn.

Look at the diagonal lines touching **column 4, row 4** and ask: “If I play there, what must Yellow respond to?”",False,won
p725,0,Hint,"If by “the diagonal” you mean playing in **column 4**, then yes — that looks like the right kind of move to consider.

Key question to check: after your disc lands, does Yellow have **one easy block**, or are you creating **more than one future threat**? A single diagonal threat can be blocked easily; a move is much stronger if it creates a setup where Yellow can’t cover everything next turn.

Look at the diagonal lines touching **column 4, row 4** and ask: “If I play there, what must Yellow respond to?”",False,won
p725,0,Prompt,"If by “the diagonal” you mean playing in **column 4**, then yes — that looks like the right kind of move to consider.

Key question to check: after your disc lands, does Yellow have **one easy block**, or are you creating **more than one future threat**? A single diagonal threat can be blocked easily; a move is much stronger if it creates a setup where Yellow can’t cover everything next turn.

Look at the diagonal lines touching **column 4, row 4** and ask: “If I play there, what must Yellow respond to?”",False,won
p725,0,Positive Feedback,"If by “the diagonal” you mean playing in **column 4**, then yes — that looks like the right kind of move to consider.

Key question to check: after your disc lands, does Yellow have **one easy block**, or are you creating **more than one future threat**? A single diagonal threat can be blocked easily; a move is much stronger if it creates a setup where Yellow can’t cover everything next turn.

Look at the diagonal lines touching **column 4, row 4** and ask: “If I play there, what must Yellow respond to?”",False,won
p725,1,Provide Correct Answer,"I’d suggest **column 4 or column 5** here.

- **Column 4** is good because it builds upward in the center and supports your diagonal ideas from **c2–d3–e4** / nearby threats.
- **Column 5** is also strong because it helps contest Yellow’s center-side structure and gives you more attacking chances.

I would avoid drifting to the edges right now unless it creates an immediate threat, because the key fight is around **columns 3–5**.",False,won
p725,1,Direct Instruction,"I’d suggest **column 4 or column 5** here.

- **Column 4** is good because it builds upward in the center and supports your diagonal ideas from **c2–d3–e4** / nearby threats.
- **Column 5** is also strong because it helps contest Yellow’s center-side structure and gives you more attacking chances.

I would avoid drifting to the edges right now unless it creates an immediate threat, because the key fight is around **columns 3–5**.",False,won
p725,2,Provide Correct Answer,"The best first move is **column 4** — the center.

Why:
- It gives you the most possible lines: horizontal, vertical, and both diagonals.
- It controls the most important area of the board.
- Strong play in Connect 4 usually starts by fighting for the center columns, especially **4, then 3/5**.

In your current board, that same idea still applies: the key action is around **columns 4 and 5**, because those affect the biggest diagonal and center threats.",False,won
p725,2,Direct Instruction,"The best first move is **column 4** — the center.

Why:
- It gives you the most possible lines: horizontal, vertical, and both diagonals.
- It controls the most important area of the board.
- Strong play in Connect 4 usually starts by fighting for the center columns, especially **4, then 3/5**.

In your current board, that same idea still applies: the key action is around **columns 4 and 5**, because those affect the biggest diagonal and center threats.",False,won
p725,2,Hint,"The best first move is **column 4** — the center.

Why:
- It gives you the most possible lines: horizontal, vertical, and both diagonals.
- It controls the most important area of the board.
- Strong play in Connect 4 usually starts by fighting for the center columns, especially **4, then 3/5**.

In your current board, that same idea still applies: the key action is around **columns 4 and 5**, because those affect the biggest diagonal and center threats.",False,won
p725,3,Direct Instruction,"Nice — in this position the key area is still the **middle**.

Look especially at **columns 4 and 5**:
- **Column 4** builds on your central stack and can support diagonal pressure.
- **Column 5** is important because Yellow has influence there, and you may need to contest/block future diagonal or horizontal threats.

Ask yourself: “If I don’t play 4 or 5, what threat does Yellow get next?”",False,won
p725,3,Hint,"Nice — in this position the key area is still the **middle**.

Look especially at **columns 4 and 5**:
- **Column 4** builds on your central stack and can support diagonal pressure.
- **Column 5** is important because Yellow has influence there, and you may need to contest/block future diagonal or horizontal threats.

Ask yourself: “If I don’t play 4 or 5, what threat does Yellow get next?”",False,won
p725,3,Prompt,"Nice — in this position the key area is still the **middle**.

Look especially at **columns 4 and 5**:
- **Column 4** builds on your central stack and can support diagonal pressure.
- **Column 5** is important because Yellow has influence there, and you may need to contest/block future diagonal or horizontal threats.

Ask yourself: “If I don’t play 4 or 5, what threat does Yellow get next?”",False,won
p725,3,Positive Feedback,"Nice — in this position the key area is still the **middle**.

Look especially at **columns 4 and 5**:
- **Column 4** builds on your central stack and can support diagonal pressure.
- **Column 5** is important because Yellow has influence there, and you may need to contest/block future diagonal or horizontal threats.

Ask yourself: “If I don’t play 4 or 5, what threat does Yellow get next?”",False,won
p725,4,Direct Instruction,"A few good-player habits:

- **Always check opponent’s immediate threats first.** Here Yellow has dangerous shape around **cols 3–5**, so don’t ignore the center.
- **Prefer center moves**: columns **4 and 5** are usually more valuable than edges because they touch more winning lines.
- **Look one move deeper**: ask “If I play this, what is Yellow’s best reply?”
- **Build threats that stack**: a single threat gets blocked; two threats at once often win.
- **Don’t play under a square that helps Yellow finish a 4** — especially in diagonals.

On this board, I’d be paying close attention to **column 4 row 5** and **column 5 row 4** as key future squares.",False,won
p725,4,Hint,"A few good-player habits:

- **Always check opponent’s immediate threats first.** Here Yellow has dangerous shape around **cols 3–5**, so don’t ignore the center.
- **Prefer center moves**: columns **4 and 5** are usually more valuable than edges because they touch more winning lines.
- **Look one move deeper**: ask “If I play this, what is Yellow’s best reply?”
- **Build threats that stack**: a single threat gets blocked; two threats at once often win.
- **Don’t play under a square that helps Yellow finish a 4** — especially in diagonals.

On this board, I’d be paying close attention to **column 4 row 5** and **column 5 row 4** as key future squares.",False,won
p740,0,Direct Instruction,"I’d be cautious about column 2. It would give you a vertical stack in column 2, but it’s only a **single threat** at row 4 that Yellow can see coming.

Before playing it, ask: **what is Yellow threatening in the center, especially around column 4?** A move that deals with Yellow’s central buildup may be more important.",False,won
p740,0,Hint,"I’d be cautious about column 2. It would give you a vertical stack in column 2, but it’s only a **single threat** at row 4 that Yellow can see coming.

Before playing it, ask: **what is Yellow threatening in the center, especially around column 4?** A move that deals with Yellow’s central buildup may be more important.",False,won
p740,0,Prompt,"I’d be cautious about column 2. It would give you a vertical stack in column 2, but it’s only a **single threat** at row 4 that Yellow can see coming.

Before playing it, ask: **what is Yellow threatening in the center, especially around column 4?** A move that deals with Yellow’s central buildup may be more important.",False,won
p740,0,Paraphrase,"I’d be cautious about column 2. It would give you a vertical stack in column 2, but it’s only a **single threat** at row 4 that Yellow can see coming.

Before playing it, ask: **what is Yellow threatening in the center, especially around column 4?** A move that deals with Yellow’s central buildup may be more important.",False,won
p740,0,Neutral Feedback,"I’d be cautious about column 2. It would give you a vertical stack in column 2, but it’s only a **single threat** at row 4 that Yellow can see coming.

Before playing it, ask: **what is Yellow threatening in the center, especially around column 4?** A move that deals with Yellow’s central buildup may be more important.",False,won
p740,1,Direct Instruction,"Column 3 is risky: it doesn’t address Yellow’s strong center shape, and it may let Yellow create a dangerous threat around column 4/5.

Ask yourself: if you play 3, what would Yellow play next to make **three-in-a-row with an open fourth**? The key area to inspect is the **middle columns**, not the left side.",False,won
p740,1,Hint,"Column 3 is risky: it doesn’t address Yellow’s strong center shape, and it may let Yellow create a dangerous threat around column 4/5.

Ask yourself: if you play 3, what would Yellow play next to make **three-in-a-row with an open fourth**? The key area to inspect is the **middle columns**, not the left side.",False,won
p740,1,Prompt,"Column 3 is risky: it doesn’t address Yellow’s strong center shape, and it may let Yellow create a dangerous threat around column 4/5.

Ask yourself: if you play 3, what would Yellow play next to make **three-in-a-row with an open fourth**? The key area to inspect is the **middle columns**, not the left side.",False,won
p740,2,Provide Correct Answer,"Play **column 4**.

Why: Yellow has strong center threats, and column 4 is the move that both contests the center and keeps your winning chances alive. It lands at **4,3**, building pressure with your Red at **5,2** and **6,1** on the diagonal.",False,won
p740,2,Direct Instruction,"Play **column 4**.

Why: Yellow has strong center threats, and column 4 is the move that both contests the center and keeps your winning chances alive. It lands at **4,3**, building pressure with your Red at **5,2** and **6,1** on the diagonal.",False,won
p740,3,Provide Correct Answer,"Play **column 4**.

That puts Red at **4,4**, strengthening your center and keeping the forcing line alive. It also avoids giving Yellow time to build a winning threat on the middle/right.",False,won
p740,3,Direct Instruction,"Play **column 4**.

That puts Red at **4,4**, strengthening your center and keeping the forcing line alive. It also avoids giving Yellow time to build a winning threat on the middle/right.",False,won
p740,4,Provide Correct Answer,"Play **column 5**.

It lands at **5,4**, giving you a horizontal threat on row 4: **4,4 + 5,4**, with future pressure toward **6,4 / 7,4**, while also controlling Yellow’s central options.",False,won
p740,4,Direct Instruction,"Play **column 5**.

It lands at **5,4**, giving you a horizontal threat on row 4: **4,4 + 5,4**, with future pressure toward **6,4 / 7,4**, while also controlling Yellow’s central options.",False,won
p95,0,Provide Correct Answer,"Yes — **column 4 now works in your favour**.

It drops to **4,row4**, which:
- stops Yellow building up that column,
- gives you a stronger central stack with your red at **4,row3 + 4,row4**,
- keeps your winning chances alive.

For the **second “4”**, it depends what Yellow does next — but starting with **4** is the right idea.",False,lost
p95,0,Direct Instruction,"Yes — **column 4 now works in your favour**.

It drops to **4,row4**, which:
- stops Yellow building up that column,
- gives you a stronger central stack with your red at **4,row3 + 4,row4**,
- keeps your winning chances alive.

For the **second “4”**, it depends what Yellow does next — but starting with **4** is the right idea.",False,lost
p95,0,Hint,"Yes — **column 4 now works in your favour**.

It drops to **4,row4**, which:
- stops Yellow building up that column,
- gives you a stronger central stack with your red at **4,row3 + 4,row4**,
- keeps your winning chances alive.

For the **second “4”**, it depends what Yellow does next — but starting with **4** is the right idea.",False,lost
p95,0,Positive Feedback,"Yes — **column 4 now works in your favour**.

It drops to **4,row4**, which:
- stops Yellow building up that column,
- gives you a stronger central stack with your red at **4,row3 + 4,row4**,
- keeps your winning chances alive.

For the **second “4”**, it depends what Yellow does next — but starting with **4** is the right idea.",False,lost
p574,0,Hint,"Not quite. Column 2 doesn’t create a decisive threat fast enough, and column 3 also doesn’t force Yellow to respond the way you need.

Ask yourself: after your first choice, does Yellow have an easy block or counter-threat? The key is to look for a move that creates a threat Yellow can’t ignore while also setting up your next one.",False,won
p574,0,Prompt,"Not quite. Column 2 doesn’t create a decisive threat fast enough, and column 3 also doesn’t force Yellow to respond the way you need.

Ask yourself: after your first choice, does Yellow have an easy block or counter-threat? The key is to look for a move that creates a threat Yellow can’t ignore while also setting up your next one.",False,won
p574,0,Negative Feedback,"Not quite. Column 2 doesn’t create a decisive threat fast enough, and column 3 also doesn’t force Yellow to respond the way you need.

Ask yourself: after your first choice, does Yellow have an easy block or counter-threat? The key is to look for a move that creates a threat Yellow can’t ignore while also setting up your next one.",False,won
p598,0,Direct Instruction,"I’d be cautious about **column 3 / row 3**.

Before choosing it, ask: **does Yellow have an immediate threat you must answer?** Look at Yellow’s diagonal:

- Yellow at **7-1, 6-2, 5-3**
- The next square in that diagonal is **4-4** — and it’s playable now.

So if you play **3-3**, Yellow can likely play **4-4** and complete that diagonal.  

Good instinct looking for multiple avenues, but first priority is: **block any one-move Yellow win.**",False,won
p598,0,Prompt,"I’d be cautious about **column 3 / row 3**.

Before choosing it, ask: **does Yellow have an immediate threat you must answer?** Look at Yellow’s diagonal:

- Yellow at **7-1, 6-2, 5-3**
- The next square in that diagonal is **4-4** — and it’s playable now.

So if you play **3-3**, Yellow can likely play **4-4** and complete that diagonal.  

Good instinct looking for multiple avenues, but first priority is: **block any one-move Yellow win.**",False,won
p598,0,Positive Feedback,"I’d be cautious about **column 3 / row 3**.

Before choosing it, ask: **does Yellow have an immediate threat you must answer?** Look at Yellow’s diagonal:

- Yellow at **7-1, 6-2, 5-3**
- The next square in that diagonal is **4-4** — and it’s playable now.

So if you play **3-3**, Yellow can likely play **4-4** and complete that diagonal.  

Good instinct looking for multiple avenues, but first priority is: **block any one-move Yellow win.**",False,won
p598,0,Neutral Feedback,"I’d be cautious about **column 3 / row 3**.

Before choosing it, ask: **does Yellow have an immediate threat you must answer?** Look at Yellow’s diagonal:

- Yellow at **7-1, 6-2, 5-3**
- The next square in that diagonal is **4-4** — and it’s playable now.

So if you play **3-3**, Yellow can likely play **4-4** and complete that diagonal.  

Good instinct looking for multiple avenues, but first priority is: **block any one-move Yellow win.**",False,won
p598,1,Hint,"Nice block — you played **4-3**, stopping Yellow’s diagonal to **4-4**.

Now re-check for **new immediate Yellow threats**, especially around the center. Ask yourself: if Yellow gets the next move, is there any square that would make **four in a row**? The key area to inspect is **column 4**, because stacked center threats can become dangerous fast.",False,won
p598,1,Pose Simplified Problem,"Nice block — you played **4-3**, stopping Yellow’s diagonal to **4-4**.

Now re-check for **new immediate Yellow threats**, especially around the center. Ask yourself: if Yellow gets the next move, is there any square that would make **four in a row**? The key area to inspect is **column 4**, because stacked center threats can become dangerous fast.",False,won
p598,1,Paraphrase,"Nice block — you played **4-3**, stopping Yellow’s diagonal to **4-4**.

Now re-check for **new immediate Yellow threats**, especially around the center. Ask yourself: if Yellow gets the next move, is there any square that would make **four in a row**? The key area to inspect is **column 4**, because stacked center threats can become dangerous fast.",False,won
p598,1,Positive Feedback,"Nice block — you played **4-3**, stopping Yellow’s diagonal to **4-4**.

Now re-check for **new immediate Yellow threats**, especially around the center. Ask yourself: if Yellow gets the next move, is there any square that would make **four in a row**? The key area to inspect is **column 4**, because stacked center threats can become dangerous fast.",False,won
p736,0,Direct Instruction,"Look for Yellow’s immediate diagonal threat:

- Yellow already has **c2-r4**, **c4-r2**, and **c5-r1**.
- The missing square is **c3-r3** — and column 3 is playable now.

So ask yourself: **Can you afford to let Yellow play column 3 next turn?**",False,won
p736,0,Hint,"Look for Yellow’s immediate diagonal threat:

- Yellow already has **c2-r4**, **c4-r2**, and **c5-r1**.
- The missing square is **c3-r3** — and column 3 is playable now.

So ask yourself: **Can you afford to let Yellow play column 3 next turn?**",False,won
p736,0,Prompt,"Look for Yellow’s immediate diagonal threat:

- Yellow already has **c2-r4**, **c4-r2**, and **c5-r1**.
- The missing square is **c3-r3** — and column 3 is playable now.

So ask yourself: **Can you afford to let Yellow play column 3 next turn?**",False,won
p736,1,Direct Instruction,"If by **4-3** you mean playing **column 4** so your disc lands at **c4-r3**:

- It creates a diagonal idea with **c5-r2** and **c6-r1**.
- But the key square tied to that diagonal is **c3-r4**.

So compare: **does playing column 4 let Yellow take c3-r4 first and spoil/claim that diagonal idea?**  
The move that directly controls that key square is worth serious consideration.",False,won
p736,1,Hint,"If by **4-3** you mean playing **column 4** so your disc lands at **c4-r3**:

- It creates a diagonal idea with **c5-r2** and **c6-r1**.
- But the key square tied to that diagonal is **c3-r4**.

So compare: **does playing column 4 let Yellow take c3-r4 first and spoil/claim that diagonal idea?**  
The move that directly controls that key square is worth serious consideration.",False,won
p736,1,Prompt,"If by **4-3** you mean playing **column 4** so your disc lands at **c4-r3**:

- It creates a diagonal idea with **c5-r2** and **c6-r1**.
- But the key square tied to that diagonal is **c3-r4**.

So compare: **does playing column 4 let Yellow take c3-r4 first and spoil/claim that diagonal idea?**  
The move that directly controls that key square is worth serious consideration.",False,won
p736,1,Paraphrase,"If by **4-3** you mean playing **column 4** so your disc lands at **c4-r3**:

- It creates a diagonal idea with **c5-r2** and **c6-r1**.
- But the key square tied to that diagonal is **c3-r4**.

So compare: **does playing column 4 let Yellow take c3-r4 first and spoil/claim that diagonal idea?**  
The move that directly controls that key square is worth serious consideration.",False,won
p817,0,Direct Instruction,"Look for a move that creates an **immediate threat Yellow can’t safely ignore**.

Key things to notice:

- Red already has pieces at **c2–r2** and **c3–r1**, which can form diagonals.
- Yellow has a horizontal pair on the bottom at **c4–c5**, and also on row 2 at **c3–c4**, so don’t give Yellow an easy extension.
- Try asking: “If I drop in a column, what new 3-in-a-row does Red make, and where would the winning 4th square be?”

Focus especially on moves that build a **diagonal threat through the center**, because center columns connect to more lines.",False,won
p817,0,Hint,"Look for a move that creates an **immediate threat Yellow can’t safely ignore**.

Key things to notice:

- Red already has pieces at **c2–r2** and **c3–r1**, which can form diagonals.
- Yellow has a horizontal pair on the bottom at **c4–c5**, and also on row 2 at **c3–c4**, so don’t give Yellow an easy extension.
- Try asking: “If I drop in a column, what new 3-in-a-row does Red make, and where would the winning 4th square be?”

Focus especially on moves that build a **diagonal threat through the center**, because center columns connect to more lines.",False,won
p817,0,Prompt,"Look for a move that creates an **immediate threat Yellow can’t safely ignore**.

Key things to notice:

- Red already has pieces at **c2–r2** and **c3–r1**, which can form diagonals.
- Yellow has a horizontal pair on the bottom at **c4–c5**, and also on row 2 at **c3–c4**, so don’t give Yellow an easy extension.
- Try asking: “If I drop in a column, what new 3-in-a-row does Red make, and where would the winning 4th square be?”

Focus especially on moves that build a **diagonal threat through the center**, because center columns connect to more lines.",False,won
p817,1,Provide Correct Answer,"Best move: **column 4**.

Why: dropping Red in **col 4** lands on **row 3**, giving you a strong central threat and keeping your forced win alive. It also helps control Yellow’s nearby center threats around columns 3–5.",False,won
p817,1,Direct Instruction,"Best move: **column 4**.

Why: dropping Red in **col 4** lands on **row 3**, giving you a strong central threat and keeping your forced win alive. It also helps control Yellow’s nearby center threats around columns 3–5.",False,won
p817,2,Direct Instruction,"Yes — Yellow is threatening around the middle:

- Yellow has **c3–c4** on row 2, but it’s blocked by Red at **c5**.
- On the bottom row Yellow has **c4–c5**, with space toward **c6** already Red, so that’s blocked too.
- The more dangerous thing is Yellow’s **center control** and potential diagonals from **c5 row3 / c4 row2 / c3 row1**-type shapes.

So ask: **Can Red play a move that both blocks the danger and creates a stronger threat?** The key area is the **center columns, especially column 4**.",False,won
p817,2,Hint,"Yes — Yellow is threatening around the middle:

- Yellow has **c3–c4** on row 2, but it’s blocked by Red at **c5**.
- On the bottom row Yellow has **c4–c5**, with space toward **c6** already Red, so that’s blocked too.
- The more dangerous thing is Yellow’s **center control** and potential diagonals from **c5 row3 / c4 row2 / c3 row1**-type shapes.

So ask: **Can Red play a move that both blocks the danger and creates a stronger threat?** The key area is the **center columns, especially column 4**.",False,won
p817,2,Prompt,"Yes — Yellow is threatening around the middle:

- Yellow has **c3–c4** on row 2, but it’s blocked by Red at **c5**.
- On the bottom row Yellow has **c4–c5**, with space toward **c6** already Red, so that’s blocked too.
- The more dangerous thing is Yellow’s **center control** and potential diagonals from **c5 row3 / c4 row2 / c3 row1**-type shapes.

So ask: **Can Red play a move that both blocks the danger and creates a stronger threat?** The key area is the **center columns, especially column 4**.",False,won
p817,3,Provide Correct Answer,"Go **column 5**.

That drops Red at **c5–r4**, which creates a strong diagonal threat with **c2–r1, c3–r2, c4–r3, c5–r4**. It’s your winning move here.",False,won
p817,3,Direct Instruction,"Go **column 5**.

That drops Red at **c5–r4**, which creates a strong diagonal threat with **c2–r1, c3–r2, c4–r3, c5–r4**. It’s your winning move here.",False,won
p444,0,Direct Instruction,"No — playing in column 1 would land at row 1, and it doesn’t create an immediate strong threat or block Yellow’s key plans.

Before choosing it, ask: “What move creates a forcing threat for Red?” Look especially at the central columns, where most connections run through.",False,won
p444,0,Hint,"No — playing in column 1 would land at row 1, and it doesn’t create an immediate strong threat or block Yellow’s key plans.

Before choosing it, ask: “What move creates a forcing threat for Red?” Look especially at the central columns, where most connections run through.",False,won
p444,0,Prompt,"No — playing in column 1 would land at row 1, and it doesn’t create an immediate strong threat or block Yellow’s key plans.

Before choosing it, ask: “What move creates a forcing threat for Red?” Look especially at the central columns, where most connections run through.",False,won
p444,0,Negative Feedback,"No — playing in column 1 would land at row 1, and it doesn’t create an immediate strong threat or block Yellow’s key plans.

Before choosing it, ask: “What move creates a forcing threat for Red?” Look especially at the central columns, where most connections run through.",False,won
p444,1,Provide Correct Answer,"Yes, column 4 is better.

If Red plays column 4, it lands at **(4,3)** and makes a strong central threat: Red would have **(2,1), (3,2), (4,3)** diagonally, aiming at **(5,4)** next. It also uses the center, which gives more ways to build threats than column 1.",False,won
p444,1,Direct Instruction,"Yes, column 4 is better.

If Red plays column 4, it lands at **(4,3)** and makes a strong central threat: Red would have **(2,1), (3,2), (4,3)** diagonally, aiming at **(5,4)** next. It also uses the center, which gives more ways to build threats than column 1.",False,won
p444,1,Positive Feedback,"Yes, column 4 is better.

If Red plays column 4, it lands at **(4,3)** and makes a strong central threat: Red would have **(2,1), (3,2), (4,3)** diagonally, aiming at **(5,4)** next. It also uses the center, which gives more ways to build threats than column 1.",False,won
p444,2,Direct Instruction,"Column 3 is **not as good** here.

If Red plays column 3, it lands at **(3,3)**, but it doesn’t create the same forcing diagonal threat as column 4. Column 4 is stronger because it builds through the center and keeps Red’s winning threat alive.",False,won
p444,2,Negative Feedback,"Column 3 is **not as good** here.

If Red plays column 3, it lands at **(3,3)**, but it doesn’t create the same forcing diagonal threat as column 4. Column 4 is stronger because it builds through the center and keeps Red’s winning threat alive.",False,won
p444,3,Provide Correct Answer,"Play **column 5**.

That drops Red at **(5,4)**, completing the diagonal threat line with **(2,1), (3,2), (4,3), (5,4)**? Actually (3,2) is Yellow here, so more importantly it creates/maintains the strongest forcing position while also stopping Yellow from taking that key upper square.",False,won
p444,3,Direct Instruction,"Play **column 5**.

That drops Red at **(5,4)**, completing the diagonal threat line with **(2,1), (3,2), (4,3), (5,4)**? Actually (3,2) is Yellow here, so more importantly it creates/maintains the strongest forcing position while also stopping Yellow from taking that key upper square.",False,won
p785,0,Direct Instruction,"In Connect Four, **defense vs offense depends on immediacy**:

- If the opponent has a **win next move**, you must block it.
- If not, it’s often better to create your own threat—especially a threat that gives you **two ways to win**.

Here, Yellow has an **immediate diagonal threat**:

- Yellow has discs at **column 7 row 1**, **column 6 row 2**, and **column 5 row 3**.
- The missing fourth spot is **column 4 row 4**.
- Since column 4 is already filled up to row 3, that square is playable now.

So the urgent thing to notice is: **Yellow is threatening to complete a diagonal through column 4 row 4 on their next move.**

Your offensive idea—building diagonals—is good, but first ask:  
**“Can Yellow win immediately if I don’t respond?”** Here, yes.",False,won
p785,0,Pose Simplified Problem,"In Connect Four, **defense vs offense depends on immediacy**:

- If the opponent has a **win next move**, you must block it.
- If not, it’s often better to create your own threat—especially a threat that gives you **two ways to win**.

Here, Yellow has an **immediate diagonal threat**:

- Yellow has discs at **column 7 row 1**, **column 6 row 2**, and **column 5 row 3**.
- The missing fourth spot is **column 4 row 4**.
- Since column 4 is already filled up to row 3, that square is playable now.

So the urgent thing to notice is: **Yellow is threatening to complete a diagonal through column 4 row 4 on their next move.**

Your offensive idea—building diagonals—is good, but first ask:  
**“Can Yellow win immediately if I don’t respond?”** Here, yes.",False,won
p785,0,Positive Feedback,"In Connect Four, **defense vs offense depends on immediacy**:

- If the opponent has a **win next move**, you must block it.
- If not, it’s often better to create your own threat—especially a threat that gives you **two ways to win**.

Here, Yellow has an **immediate diagonal threat**:

- Yellow has discs at **column 7 row 1**, **column 6 row 2**, and **column 5 row 3**.
- The missing fourth spot is **column 4 row 4**.
- Since column 4 is already filled up to row 3, that square is playable now.

So the urgent thing to notice is: **Yellow is threatening to complete a diagonal through column 4 row 4 on their next move.**

Your offensive idea—building diagonals—is good, but first ask:  
**“Can Yellow win immediately if I don’t respond?”** Here, yes.",False,won
p785,1,Provide Correct Answer,"Yes — **column 4 is the key move now**.

You didn’t “blow it” by having a Red in column 4; in fact, your Red at **col 4 row 3** means the next disc in column 4 lands at **col 4 row 4**, which is exactly the square Yellow needs for their diagonal:

- Yellow: **col 7 row 1 → col 6 row 2 → col 5 row 3 → col 4 row 4**

So playing **column 4** blocks Yellow’s immediate win. Defense is mandatory here because Yellow would win next turn otherwise.",False,won
p785,1,Direct Instruction,"Yes — **column 4 is the key move now**.

You didn’t “blow it” by having a Red in column 4; in fact, your Red at **col 4 row 3** means the next disc in column 4 lands at **col 4 row 4**, which is exactly the square Yellow needs for their diagonal:

- Yellow: **col 7 row 1 → col 6 row 2 → col 5 row 3 → col 4 row 4**

So playing **column 4** blocks Yellow’s immediate win. Defense is mandatory here because Yellow would win next turn otherwise.",False,won
p785,2,Provide Correct Answer,"If you’re asking for the best move: **play column 5**.

Column 3 would land at **c3 r3** and “build,” but it’s slower. **Column 5 lands at c5 r3**, connecting with your Reds on **c4 r3** and **c6 r3**, giving you a much stronger forcing setup.

Good habit: before “building a foundation,” ask: **does this move create a threat Yellow must answer?** Here, column 5 does that better.",False,won
p785,2,Direct Instruction,"If you’re asking for the best move: **play column 5**.

Column 3 would land at **c3 r3** and “build,” but it’s slower. **Column 5 lands at c5 r3**, connecting with your Reds on **c4 r3** and **c6 r3**, giving you a much stronger forcing setup.

Good habit: before “building a foundation,” ask: **does this move create a threat Yellow must answer?** Here, column 5 does that better.",False,won
p785,2,Prompt,"If you’re asking for the best move: **play column 5**.

Column 3 would land at **c3 r3** and “build,” but it’s slower. **Column 5 lands at c5 r3**, connecting with your Reds on **c4 r3** and **c6 r3**, giving you a much stronger forcing setup.

Good habit: before “building a foundation,” ask: **does this move create a threat Yellow must answer?** Here, column 5 does that better.",False,won
p193,0,Provide Correct Answer,"Play **column 4**.

It drops at **c4 row 3**, directly on top of Yellow’s two discs in column 4, stopping Yellow from creating a dangerous vertical threat there. It’s the move that keeps Red’s winning chances alive.",False,lost
p193,0,Direct Instruction,"Play **column 4**.

It drops at **c4 row 3**, directly on top of Yellow’s two discs in column 4, stopping Yellow from creating a dangerous vertical threat there. It’s the move that keeps Red’s winning chances alive.",False,lost
p318,0,Provide Correct Answer,"Yes — I’d play **column 4**.

Why: it creates/maintains Red’s strongest forcing chances while also not giving Yellow an immediate easy win. After dropping in **col 4**, Red builds pressure through the center, which is usually the most powerful area in Connect Four.

Before you move, ask yourself:  
- “Does Yellow have any immediate 3-in-a-row I must block?”  
- “Can my move create a threat Yellow must answer?”  

Here, **column 4** is the move that best does that.",False,lost
p318,0,Direct Instruction,"Yes — I’d play **column 4**.

Why: it creates/maintains Red’s strongest forcing chances while also not giving Yellow an immediate easy win. After dropping in **col 4**, Red builds pressure through the center, which is usually the most powerful area in Connect Four.

Before you move, ask yourself:  
- “Does Yellow have any immediate 3-in-a-row I must block?”  
- “Can my move create a threat Yellow must answer?”  

Here, **column 4** is the move that best does that.",False,lost
p318,0,Prompt,"Yes — I’d play **column 4**.

Why: it creates/maintains Red’s strongest forcing chances while also not giving Yellow an immediate easy win. After dropping in **col 4**, Red builds pressure through the center, which is usually the most powerful area in Connect Four.

Before you move, ask yourself:  
- “Does Yellow have any immediate 3-in-a-row I must block?”  
- “Can my move create a threat Yellow must answer?”  

Here, **column 4** is the move that best does that.",False,lost
p318,1,Provide Correct Answer,"Best move: **column 4**.

It stacks Red at **c4 row4**, giving you a strong vertical/central threat. Also, other moves let Yellow’s threats become more dangerous, while **4** keeps Red’s winning pressure.",False,lost
p318,1,Direct Instruction,"Best move: **column 4**.

It stacks Red at **c4 row4**, giving you a strong vertical/central threat. Also, other moves let Yellow’s threats become more dangerous, while **4** keeps Red’s winning pressure.",False,lost
p672,0,Direct Instruction,"Look for **immediate Yellow threats** first: Yellow already has strong lines around columns **4–6**, especially the diagonal/horizontal cluster near rows 1–3.

A good way to reason:  
- If you play a column, ask: **does Yellow get a winning move next turn?**  
- Also ask: **can my move create a threat while blocking theirs?**

Focus on moves that interact with the center, especially around **column 4**, because many Yellow lines pass through there.",False,lost
p672,0,Hint,"Look for **immediate Yellow threats** first: Yellow already has strong lines around columns **4–6**, especially the diagonal/horizontal cluster near rows 1–3.

A good way to reason:  
- If you play a column, ask: **does Yellow get a winning move next turn?**  
- Also ask: **can my move create a threat while blocking theirs?**

Focus on moves that interact with the center, especially around **column 4**, because many Yellow lines pass through there.",False,lost
p672,0,Prompt,"Look for **immediate Yellow threats** first: Yellow already has strong lines around columns **4–6**, especially the diagonal/horizontal cluster near rows 1–3.

A good way to reason:  
- If you play a column, ask: **does Yellow get a winning move next turn?**  
- Also ask: **can my move create a threat while blocking theirs?**

Focus on moves that interact with the center, especially around **column 4**, because many Yellow lines pass through there.",False,lost
p445,0,Provide Correct Answer,"Yes — column 4 is the move to focus on.

Dropping in column 4 lands at row 4, stacking above your red at 4,3 and helping create/maintain the key vertical pressure there. Other moves let Yellow address the threats too easily or create their own counterplay.",False,won
p445,0,Direct Instruction,"Yes — column 4 is the move to focus on.

Dropping in column 4 lands at row 4, stacking above your red at 4,3 and helping create/maintain the key vertical pressure there. Other moves let Yellow address the threats too easily or create their own counterplay.",False,won
p445,1,Provide Correct Answer,"Best move: **column 5**.

Why: dropping in **5** lands at **5,4**, which completes your horizontal four on row 4:

**2,4 – 3,4 – 4,4 – 5,4**?  

Actually check the board: column 4 row 4 is Red, and column 5 row 4 is open/supportable now because 5,3 is Yellow. Column 5 creates the strongest immediate winning threat pattern for Red and keeps the forced win.",False,won
p445,1,Direct Instruction,"Best move: **column 5**.

Why: dropping in **5** lands at **5,4**, which completes your horizontal four on row 4:

**2,4 – 3,4 – 4,4 – 5,4**?  

Actually check the board: column 4 row 4 is Red, and column 5 row 4 is open/supportable now because 5,3 is Yellow. Column 5 creates the strongest immediate winning threat pattern for Red and keeps the forced win.",False,won
p21,0,Direct Instruction,"If you play **3/3**, ask: what immediate threats does Yellow get next?

Notice Yellow already has **Y at 3/2 and 4/2**, and also **4/1–5/1**. A move in column 3 doesn’t address Yellow’s central connected threats, especially around **column 4**.

Before choosing 3, check: “Does this create a Red threat that Yellow must answer, or does Yellow get the stronger next move?”",False,won
p21,0,Hint,"If you play **3/3**, ask: what immediate threats does Yellow get next?

Notice Yellow already has **Y at 3/2 and 4/2**, and also **4/1–5/1**. A move in column 3 doesn’t address Yellow’s central connected threats, especially around **column 4**.

Before choosing 3, check: “Does this create a Red threat that Yellow must answer, or does Yellow get the stronger next move?”",False,won
p21,0,Prompt,"If you play **3/3**, ask: what immediate threats does Yellow get next?

Notice Yellow already has **Y at 3/2 and 4/2**, and also **4/1–5/1**. A move in column 3 doesn’t address Yellow’s central connected threats, especially around **column 4**.

Before choosing 3, check: “Does this create a Red threat that Yellow must answer, or does Yellow get the stronger next move?”",False,won
p21,1,Direct Instruction,"Good idea to think “pre-attack,” but check the geometry:

If Red plays **3/3**, then **1/1** would give a diagonal **1/1–2/2–3/3**, but it still needs **4/4** to win — and **4/4 isn’t playable yet** until 4/3 is filled.

So ask: can Yellow use the next move to control/fill **4/3**, which affects that diagonal? Your pre-attack may depend on who gets column **4** first.",False,won
p21,1,Hint,"Good idea to think “pre-attack,” but check the geometry:

If Red plays **3/3**, then **1/1** would give a diagonal **1/1–2/2–3/3**, but it still needs **4/4** to win — and **4/4 isn’t playable yet** until 4/3 is filled.

So ask: can Yellow use the next move to control/fill **4/3**, which affects that diagonal? Your pre-attack may depend on who gets column **4** first.",False,won
p21,1,Prompt,"Good idea to think “pre-attack,” but check the geometry:

If Red plays **3/3**, then **1/1** would give a diagonal **1/1–2/2–3/3**, but it still needs **4/4** to win — and **4/4 isn’t playable yet** until 4/3 is filled.

So ask: can Yellow use the next move to control/fill **4/3**, which affects that diagonal? Your pre-attack may depend on who gets column **4** first.",False,won
p21,1,Positive Feedback,"Good idea to think “pre-attack,” but check the geometry:

If Red plays **3/3**, then **1/1** would give a diagonal **1/1–2/2–3/3**, but it still needs **4/4** to win — and **4/4 isn’t playable yet** until 4/3 is filled.

So ask: can Yellow use the next move to control/fill **4/3**, which affects that diagonal? Your pre-attack may depend on who gets column **4** first.",False,won
p21,1,Neutral Feedback,"Good idea to think “pre-attack,” but check the geometry:

If Red plays **3/3**, then **1/1** would give a diagonal **1/1–2/2–3/3**, but it still needs **4/4** to win — and **4/4 isn’t playable yet** until 4/3 is filled.

So ask: can Yellow use the next move to control/fill **4/3**, which affects that diagonal? Your pre-attack may depend on who gets column **4** first.",False,won
p21,2,Direct Instruction,"Yes — that’s a real concern. If Yellow gets **4/3**, they’d have a vertical stack at **4/1–4/2–4/3**, threatening **4/4** next.

So the key question: does your move create an immediate Red threat strong enough that Yellow *can’t* take **4/3**? If not, you probably need to deal with column **4** now.",False,won
p21,2,Hint,"Yes — that’s a real concern. If Yellow gets **4/3**, they’d have a vertical stack at **4/1–4/2–4/3**, threatening **4/4** next.

So the key question: does your move create an immediate Red threat strong enough that Yellow *can’t* take **4/3**? If not, you probably need to deal with column **4** now.",False,won
p21,2,Prompt,"Yes — that’s a real concern. If Yellow gets **4/3**, they’d have a vertical stack at **4/1–4/2–4/3**, threatening **4/4** next.

So the key question: does your move create an immediate Red threat strong enough that Yellow *can’t* take **4/3**? If not, you probably need to deal with column **4** now.",False,won
p21,3,Provide Correct Answer,"I’d play **column 4**.

Reason: Yellow is threatening to build vertically in column 4: they already have **4/1 and 4/2**, so if Yellow gets **4/3**, then **4/4** becomes an immediate win threat. Playing **4** now occupies **4/3** and stops that plan while keeping Red’s center control.",False,won
p21,3,Direct Instruction,"I’d play **column 4**.

Reason: Yellow is threatening to build vertically in column 4: they already have **4/1 and 4/2**, so if Yellow gets **4/3**, then **4/4** becomes an immediate win threat. Playing **4** now occupies **4/3** and stops that plan while keeping Red’s center control.",False,won
p227,0,Direct Instruction,"Your main Red threats are **potential**, not immediate wins yet:

- **Diagonal threat:** Red has a strong diagonal line at **c4-r3, c5-r2, c6-r1**. The missing winning square would be **c3-r4**, but it isn’t playable yet because c3-r3 is empty.
- **Column 2 build:** You have two Reds stacked in **column 2** at rows 1–2. If you can keep building there, it can become a vertical threat.
- **Right-side diagonal potential:** Reds at **c5-r2 and c6-r3** could grow toward **c7-r4** later.

Also notice Yellow has several low pieces, so ask: *which move makes one of your threats playable while not letting Yellow create an immediate win?*",False,won
p227,0,Hint,"Your main Red threats are **potential**, not immediate wins yet:

- **Diagonal threat:** Red has a strong diagonal line at **c4-r3, c5-r2, c6-r1**. The missing winning square would be **c3-r4**, but it isn’t playable yet because c3-r3 is empty.
- **Column 2 build:** You have two Reds stacked in **column 2** at rows 1–2. If you can keep building there, it can become a vertical threat.
- **Right-side diagonal potential:** Reds at **c5-r2 and c6-r3** could grow toward **c7-r4** later.

Also notice Yellow has several low pieces, so ask: *which move makes one of your threats playable while not letting Yellow create an immediate win?*",False,won
p227,0,Prompt,"Your main Red threats are **potential**, not immediate wins yet:

- **Diagonal threat:** Red has a strong diagonal line at **c4-r3, c5-r2, c6-r1**. The missing winning square would be **c3-r4**, but it isn’t playable yet because c3-r3 is empty.
- **Column 2 build:** You have two Reds stacked in **column 2** at rows 1–2. If you can keep building there, it can become a vertical threat.
- **Right-side diagonal potential:** Reds at **c5-r2 and c6-r3** could grow toward **c7-r4** later.

Also notice Yellow has several low pieces, so ask: *which move makes one of your threats playable while not letting Yellow create an immediate win?*",False,won
p243,0,Hint,"Look for a move that **creates a threat Yellow can’t fully answer**, rather than just blocking.

A useful question here: **if Red drops in a central column, what new diagonal or vertical threats appear on the next turn?** Pay special attention to landing squares around **row 4**, since they can connect with your existing Red discs on row 3 and lower diagonals.

Also quickly check: does Yellow have any immediate 3-in-a-row that must be blocked right now?",False,lost
p243,0,Prompt,"Look for a move that **creates a threat Yellow can’t fully answer**, rather than just blocking.

A useful question here: **if Red drops in a central column, what new diagonal or vertical threats appear on the next turn?** Pay special attention to landing squares around **row 4**, since they can connect with your existing Red discs on row 3 and lower diagonals.

Also quickly check: does Yellow have any immediate 3-in-a-row that must be blocked right now?",False,lost
p612,0,Direct Instruction,"Column 2 is legal: since rows 1–2 in column 2 are filled, your red chip would land at row 3.

Before choosing it, ask: **what immediate threats does Yellow have if you don’t address them?**  
Look especially at Yellow’s pieces on the bottom/second row around columns **3–5**—is there a place Yellow could make 4 next turn?

Also compare: does playing column 2 create a stronger threat for you, or is there a more urgent block/setup needed?",False,won
p612,0,Hint,"Column 2 is legal: since rows 1–2 in column 2 are filled, your red chip would land at row 3.

Before choosing it, ask: **what immediate threats does Yellow have if you don’t address them?**  
Look especially at Yellow’s pieces on the bottom/second row around columns **3–5**—is there a place Yellow could make 4 next turn?

Also compare: does playing column 2 create a stronger threat for you, or is there a more urgent block/setup needed?",False,won
p612,0,Prompt,"Column 2 is legal: since rows 1–2 in column 2 are filled, your red chip would land at row 3.

Before choosing it, ask: **what immediate threats does Yellow have if you don’t address them?**  
Look especially at Yellow’s pieces on the bottom/second row around columns **3–5**—is there a place Yellow could make 4 next turn?

Also compare: does playing column 2 create a stronger threat for you, or is there a more urgent block/setup needed?",False,won
p612,0,Pose Simplified Problem,"Column 2 is legal: since rows 1–2 in column 2 are filled, your red chip would land at row 3.

Before choosing it, ask: **what immediate threats does Yellow have if you don’t address them?**  
Look especially at Yellow’s pieces on the bottom/second row around columns **3–5**—is there a place Yellow could make 4 next turn?

Also compare: does playing column 2 create a stronger threat for you, or is there a more urgent block/setup needed?",False,won
p612,1,Provide Correct Answer,"Row 3 column 3 is legal, and it adds a Red piece near the center — but it **doesn’t block Yellow’s most important buildup**.

Look at **column 4**: Yellow already has pieces at **row 1 and row 2** there. If you don’t interrupt that column, Yellow can keep building a strong vertical threat.

So I’d compare:

- **Column 3:** helps your shape a bit, but not a key block.
- **Column 4:** directly stops Yellow’s vertical stack and puts Red in the center, which usually creates better future chances.

So yes, row 3 col 3 is playable, but **column 4 looks stronger here**.",False,won
p612,1,Direct Instruction,"Row 3 column 3 is legal, and it adds a Red piece near the center — but it **doesn’t block Yellow’s most important buildup**.

Look at **column 4**: Yellow already has pieces at **row 1 and row 2** there. If you don’t interrupt that column, Yellow can keep building a strong vertical threat.

So I’d compare:

- **Column 3:** helps your shape a bit, but not a key block.
- **Column 4:** directly stops Yellow’s vertical stack and puts Red in the center, which usually creates better future chances.

So yes, row 3 col 3 is playable, but **column 4 looks stronger here**.",False,won
p612,1,Neutral Feedback,"Row 3 column 3 is legal, and it adds a Red piece near the center — but it **doesn’t block Yellow’s most important buildup**.

Look at **column 4**: Yellow already has pieces at **row 1 and row 2** there. If you don’t interrupt that column, Yellow can keep building a strong vertical threat.

So I’d compare:

- **Column 3:** helps your shape a bit, but not a key block.
- **Column 4:** directly stops Yellow’s vertical stack and puts Red in the center, which usually creates better future chances.

So yes, row 3 col 3 is playable, but **column 4 looks stronger here**.",False,won
p612,2,Direct Instruction,"Yellow does **not** appear to have an immediate 1-move win right now.

Their biggest visible threat is the diagonal on the right:  
**Y at c7r1, c6r2, c5r3** — but it’s already blocked by your **Red at c4r4**, so it can’t become four.

So your move can focus less on emergency blocking and more on building your own strongest threat.",False,won
p612,2,Hint,"Yellow does **not** appear to have an immediate 1-move win right now.

Their biggest visible threat is the diagonal on the right:  
**Y at c7r1, c6r2, c5r3** — but it’s already blocked by your **Red at c4r4**, so it can’t become four.

So your move can focus less on emergency blocking and more on building your own strongest threat.",False,won
p612,3,Direct Instruction,"To force Yellow to play **c3r3**, you’d need to create an **immediate Red win** where **c3r3 is the only blocking square**.

Right now, c3r3 would connect with your **c4r4** and **c2r2**, but that diagonal doesn’t become an immediate 4 because the other end is blocked/unsupported. So Yellow likely **won’t be forced** to play there.

Instead, ask: can you make a move that creates **two threats**, so Yellow can’t cover both? Look especially at moves that build around your central Red pieces at **c4r3/c4r4** and **c5r2/c6r3**.",False,won
p612,3,Hint,"To force Yellow to play **c3r3**, you’d need to create an **immediate Red win** where **c3r3 is the only blocking square**.

Right now, c3r3 would connect with your **c4r4** and **c2r2**, but that diagonal doesn’t become an immediate 4 because the other end is blocked/unsupported. So Yellow likely **won’t be forced** to play there.

Instead, ask: can you make a move that creates **two threats**, so Yellow can’t cover both? Look especially at moves that build around your central Red pieces at **c4r3/c4r4** and **c5r2/c6r3**.",False,won
p612,3,Prompt,"To force Yellow to play **c3r3**, you’d need to create an **immediate Red win** where **c3r3 is the only blocking square**.

Right now, c3r3 would connect with your **c4r4** and **c2r2**, but that diagonal doesn’t become an immediate 4 because the other end is blocked/unsupported. So Yellow likely **won’t be forced** to play there.

Instead, ask: can you make a move that creates **two threats**, so Yellow can’t cover both? Look especially at moves that build around your central Red pieces at **c4r3/c4r4** and **c5r2/c6r3**.",False,won
p612,4,Provide Correct Answer,"Play **column 5** — your piece lands at **row 4, column 5**.

That creates a strong **double-threat setup**:

- You extend across row 4 with **R at c4r4 + c5r4**, threatening to build horizontally.
- It also supports your central diagonal/vertical patterns around **columns 4–6**, making Yellow unable to cover everything cleanly.

So if you want the move that best creates multiple threats, **column 5 is the key move**.",False,won
p612,4,Direct Instruction,"Play **column 5** — your piece lands at **row 4, column 5**.

That creates a strong **double-threat setup**:

- You extend across row 4 with **R at c4r4 + c5r4**, threatening to build horizontally.
- It also supports your central diagonal/vertical patterns around **columns 4–6**, making Yellow unable to cover everything cleanly.

So if you want the move that best creates multiple threats, **column 5 is the key move**.",False,won
p379,0,Direct Instruction,"3,3 is legal, but ask yourself:

- What threat does it create for Red? It starts a diagonal with 2,2–3,3, but the next squares like 4,4/5,5 aren’t immediately playable yet.
- What does it leave for Yellow? Column 4 has Yellow already at 4,1 and 4,2, so if you don’t address it, Yellow may strengthen a central vertical threat at 4,3.

So I’d compare 3,3 against a move that deals with Yellow’s column-4 pressure. What winning threat would Red have after 3,3?",False,lost
p379,0,Hint,"3,3 is legal, but ask yourself:

- What threat does it create for Red? It starts a diagonal with 2,2–3,3, but the next squares like 4,4/5,5 aren’t immediately playable yet.
- What does it leave for Yellow? Column 4 has Yellow already at 4,1 and 4,2, so if you don’t address it, Yellow may strengthen a central vertical threat at 4,3.

So I’d compare 3,3 against a move that deals with Yellow’s column-4 pressure. What winning threat would Red have after 3,3?",False,lost
p379,0,Prompt,"3,3 is legal, but ask yourself:

- What threat does it create for Red? It starts a diagonal with 2,2–3,3, but the next squares like 4,4/5,5 aren’t immediately playable yet.
- What does it leave for Yellow? Column 4 has Yellow already at 4,1 and 4,2, so if you don’t address it, Yellow may strengthen a central vertical threat at 4,3.

So I’d compare 3,3 against a move that deals with Yellow’s column-4 pressure. What winning threat would Red have after 3,3?",False,lost
p379,0,Neutral Feedback,"3,3 is legal, but ask yourself:

- What threat does it create for Red? It starts a diagonal with 2,2–3,3, but the next squares like 4,4/5,5 aren’t immediately playable yet.
- What does it leave for Yellow? Column 4 has Yellow already at 4,1 and 4,2, so if you don’t address it, Yellow may strengthen a central vertical threat at 4,3.

So I’d compare 3,3 against a move that deals with Yellow’s column-4 pressure. What winning threat would Red have after 3,3?",False,lost
p379,1,Provide Correct Answer,"Optimal move: **column 5** — your Red lands at **5,4**.

Why: it keeps your strongest forced-win chances alive while also adding pressure next to your Red at **4,4**. Other moves let Yellow more easily neutralize your threats.",False,lost
p379,1,Direct Instruction,"Optimal move: **column 5** — your Red lands at **5,4**.

Why: it keeps your strongest forced-win chances alive while also adding pressure next to your Red at **4,4**. Other moves let Yellow more easily neutralize your threats.",False,lost
p107,0,Direct Instruction,"Basic Connect Four strategy as Red:

- **Check immediate wins first.** Before anything else, ask: “Do I have a move that makes 4 right now?”
- **Then check Yellow’s immediate wins.** If Yellow can win next move, you usually must block.
- **Prefer the center columns.** Columns 3, 4, and 5 are strongest because they participate in more possible lines.
- **Build connected groups.** Look for moves that extend your 2s and 3s horizontally, vertically, or diagonally.
- **Create threats.** A “threat” is a spot where, if you play there later, you complete 4.
- **Best threats are double threats.** If one move creates two different winning threats, Yellow can block only one.
- **Be careful what you “open” for Yellow.** Since discs stack, your move may allow Yellow to play on top of it and complete a line.
- **Look at diagonals.** Beginners often miss diagonal 4s, especially rising diagonals like bottom-left to top-right.

For this current board, with only **2 Red moves left**, you should focus less on long-term strategy and more on:  
1. Do you have an immediate winning move?  
2. If not, can you create a threat Yellow cannot stop?  
3. Is Yellow threatening an immediate 4 that must be blocked?",False,won
p107,0,Hint,"Basic Connect Four strategy as Red:

- **Check immediate wins first.** Before anything else, ask: “Do I have a move that makes 4 right now?”
- **Then check Yellow’s immediate wins.** If Yellow can win next move, you usually must block.
- **Prefer the center columns.** Columns 3, 4, and 5 are strongest because they participate in more possible lines.
- **Build connected groups.** Look for moves that extend your 2s and 3s horizontally, vertically, or diagonally.
- **Create threats.** A “threat” is a spot where, if you play there later, you complete 4.
- **Best threats are double threats.** If one move creates two different winning threats, Yellow can block only one.
- **Be careful what you “open” for Yellow.** Since discs stack, your move may allow Yellow to play on top of it and complete a line.
- **Look at diagonals.** Beginners often miss diagonal 4s, especially rising diagonals like bottom-left to top-right.

For this current board, with only **2 Red moves left**, you should focus less on long-term strategy and more on:  
1. Do you have an immediate winning move?  
2. If not, can you create a threat Yellow cannot stop?  
3. Is Yellow threatening an immediate 4 that must be blocked?",False,won
p107,0,Pose Simplified Problem,"Basic Connect Four strategy as Red:

- **Check immediate wins first.** Before anything else, ask: “Do I have a move that makes 4 right now?”
- **Then check Yellow’s immediate wins.** If Yellow can win next move, you usually must block.
- **Prefer the center columns.** Columns 3, 4, and 5 are strongest because they participate in more possible lines.
- **Build connected groups.** Look for moves that extend your 2s and 3s horizontally, vertically, or diagonally.
- **Create threats.** A “threat” is a spot where, if you play there later, you complete 4.
- **Best threats are double threats.** If one move creates two different winning threats, Yellow can block only one.
- **Be careful what you “open” for Yellow.** Since discs stack, your move may allow Yellow to play on top of it and complete a line.
- **Look at diagonals.** Beginners often miss diagonal 4s, especially rising diagonals like bottom-left to top-right.

For this current board, with only **2 Red moves left**, you should focus less on long-term strategy and more on:  
1. Do you have an immediate winning move?  
2. If not, can you create a threat Yellow cannot stop?  
3. Is Yellow threatening an immediate 4 that must be blocked?",False,won
p295,0,Direct Instruction,"Between those two, I’d pause: **neither 1 nor 3 looks like the best idea**.

Ask yourself: what happens if Red plays **column 4**? It lands on row 3 and creates a stronger central threat structure than 1 or 3. Center moves often connect more diagonals/horizontals, and here column 4 is the key move to look at.",False,lost
p295,0,Hint,"Between those two, I’d pause: **neither 1 nor 3 looks like the best idea**.

Ask yourself: what happens if Red plays **column 4**? It lands on row 3 and creates a stronger central threat structure than 1 or 3. Center moves often connect more diagonals/horizontals, and here column 4 is the key move to look at.",False,lost
p295,0,Prompt,"Between those two, I’d pause: **neither 1 nor 3 looks like the best idea**.

Ask yourself: what happens if Red plays **column 4**? It lands on row 3 and creates a stronger central threat structure than 1 or 3. Center moves often connect more diagonals/horizontals, and here column 4 is the key move to look at.",False,lost
p295,0,Negative Feedback,"Between those two, I’d pause: **neither 1 nor 3 looks like the best idea**.

Ask yourself: what happens if Red plays **column 4**? It lands on row 3 and creates a stronger central threat structure than 1 or 3. Center moves often connect more diagonals/horizontals, and here column 4 is the key move to look at.",False,lost
p60,0,Provide Correct Answer,"The best move is **column 4**.

Why: Red needs to **block Yellow’s immediate vertical threat** in column 4. Yellow already has discs at **c4r1 and c4r2**, and if Red doesn’t play **c4r3**, Yellow can drop there next and build a dangerous line.

Your idea in **column 2** doesn’t stop that immediate threat, so Yellow could punish it right away.",False,won
p60,0,Direct Instruction,"The best move is **column 4**.

Why: Red needs to **block Yellow’s immediate vertical threat** in column 4. Yellow already has discs at **c4r1 and c4r2**, and if Red doesn’t play **c4r3**, Yellow can drop there next and build a dangerous line.

Your idea in **column 2** doesn’t stop that immediate threat, so Yellow could punish it right away.",False,won
p60,0,Paraphrase,"The best move is **column 4**.

Why: Red needs to **block Yellow’s immediate vertical threat** in column 4. Yellow already has discs at **c4r1 and c4r2**, and if Red doesn’t play **c4r3**, Yellow can drop there next and build a dangerous line.

Your idea in **column 2** doesn’t stop that immediate threat, so Yellow could punish it right away.",False,won
p60,0,Negative Feedback,"The best move is **column 4**.

Why: Red needs to **block Yellow’s immediate vertical threat** in column 4. Yellow already has discs at **c4r1 and c4r2**, and if Red doesn’t play **c4r3**, Yellow can drop there next and build a dangerous line.

Your idea in **column 2** doesn’t stop that immediate threat, so Yellow could punish it right away.",False,won
p60,1,Provide Correct Answer,"Best move: **column 4**.

It plays at **c4r4**, stacking above your red at **c4r3** and, more importantly, it keeps Red’s forcing chances alive while avoiding giving Yellow the tempo. Other moves let Yellow escape the pressure or create stronger counter-threats.",False,won
p60,1,Direct Instruction,"Best move: **column 4**.

It plays at **c4r4**, stacking above your red at **c4r3** and, more importantly, it keeps Red’s forcing chances alive while avoiding giving Yellow the tempo. Other moves let Yellow escape the pressure or create stronger counter-threats.",False,won
p60,2,Provide Correct Answer,"Yellow **has not already won** yet—there are only 3-in-a-row threats, no completed 4.

But Red has an **immediate winning move**: play **column 2**.

That lands at **row 3**, making a horizontal four on row 3:

**c2–c3–c4–c5 = R R R R**

So your move: **Column 2**.",False,won
p60,2,Direct Instruction,"Yellow **has not already won** yet—there are only 3-in-a-row threats, no completed 4.

But Red has an **immediate winning move**: play **column 2**.

That lands at **row 3**, making a horizontal four on row 3:

**c2–c3–c4–c5 = R R R R**

So your move: **Column 2**.",False,won
p236,0,Hint,"Column 2 is **tempting**, because it would give Red **three vertically** in column 2.

But ask yourself: **does it create an immediate win, or just a threat Yellow can block next turn?** Also, what can Yellow do in the center—especially around **column 4**—if you spend this move on column 2?

So I’d be cautious: column 2 makes a threat, but it may not be the strongest/most urgent move.",False,won
p236,0,Prompt,"Column 2 is **tempting**, because it would give Red **three vertically** in column 2.

But ask yourself: **does it create an immediate win, or just a threat Yellow can block next turn?** Also, what can Yellow do in the center—especially around **column 4**—if you spend this move on column 2?

So I’d be cautious: column 2 makes a threat, but it may not be the strongest/most urgent move.",False,won
p236,0,Neutral Feedback,"Column 2 is **tempting**, because it would give Red **three vertically** in column 2.

But ask yourself: **does it create an immediate win, or just a threat Yellow can block next turn?** Also, what can Yellow do in the center—especially around **column 4**—if you spend this move on column 2?

So I’d be cautious: column 2 makes a threat, but it may not be the strongest/most urgent move.",False,won
p236,1,Direct Instruction,"Your key options to consider are:

- **Column 5**: strongest-looking move. It builds on your Red at **5,2** and connects with the Red diagonal/side threats around **4,3–6,3**, while not giving Yellow an immediate reply.
- **Column 2**: makes vertical pressure, but it’s slower and likely easier for Yellow to answer.
- Other columns mostly look like “waiting” moves and may let Yellow regain threats.

So I’d mainly compare **column 5 vs column 2**—ask: which one creates a threat Yellow cannot comfortably block next?",False,won
p236,1,Prompt,"Your key options to consider are:

- **Column 5**: strongest-looking move. It builds on your Red at **5,2** and connects with the Red diagonal/side threats around **4,3–6,3**, while not giving Yellow an immediate reply.
- **Column 2**: makes vertical pressure, but it’s slower and likely easier for Yellow to answer.
- Other columns mostly look like “waiting” moves and may let Yellow regain threats.

So I’d mainly compare **column 5 vs column 2**—ask: which one creates a threat Yellow cannot comfortably block next?",False,won
p729,0,Direct Instruction,"The biggest threat is **Yellow’s diagonal threat at column 3**.

Yellow already has: **c5–r1, c4–r2, and c2–r4**.  
If Yellow gets **c3–r3**, that completes a diagonal Connect Four.

So ask yourself: **which move lets Red occupy c3–r3 right now?**",False,lost
p729,0,Prompt,"The biggest threat is **Yellow’s diagonal threat at column 3**.

Yellow already has: **c5–r1, c4–r2, and c2–r4**.  
If Yellow gets **c3–r3**, that completes a diagonal Connect Four.

So ask yourself: **which move lets Red occupy c3–r3 right now?**",False,lost
p40,0,Direct Instruction,"Column 2 is logical because it makes a **vertical threat**: Red would have three in column 2 and could win by playing column 2 again.

But it’s not “checkmate” unless Yellow has **no way to block**. Here Yellow can simply play **column 2** next, landing on top of your stack and blocking that vertical four.

So ask yourself: after **R in column 2, Y in column 2**, do you still have another winning threat? If not, it’s only a one-move threat, not a forced win.",False,won
p40,0,Prompt,"Column 2 is logical because it makes a **vertical threat**: Red would have three in column 2 and could win by playing column 2 again.

But it’s not “checkmate” unless Yellow has **no way to block**. Here Yellow can simply play **column 2** next, landing on top of your stack and blocking that vertical four.

So ask yourself: after **R in column 2, Y in column 2**, do you still have another winning threat? If not, it’s only a one-move threat, not a forced win.",False,won
p40,1,Direct Instruction,"Yes — the big trap is treating a **single threat** like mate.

If you play column 2, Yellow can answer **column 2** and your vertical threat is gone.

Also look at Yellow’s **central stack in column 4**: Yellow already has discs at **4-row1 and 4-row2**, so letting Yellow build there can become dangerous. A stronger Red move would ideally do **two things at once**: stop Yellow’s best buildup *and* create a threat Yellow can’t easily neutralize.",False,won
p40,1,Hint,"Yes — the big trap is treating a **single threat** like mate.

If you play column 2, Yellow can answer **column 2** and your vertical threat is gone.

Also look at Yellow’s **central stack in column 4**: Yellow already has discs at **4-row1 and 4-row2**, so letting Yellow build there can become dangerous. A stronger Red move would ideally do **two things at once**: stop Yellow’s best buildup *and* create a threat Yellow can’t easily neutralize.",False,won
p40,1,Negative Feedback,"Yes — the big trap is treating a **single threat** like mate.

If you play column 2, Yellow can answer **column 2** and your vertical threat is gone.

Also look at Yellow’s **central stack in column 4**: Yellow already has discs at **4-row1 and 4-row2**, so letting Yellow build there can become dangerous. A stronger Red move would ideally do **two things at once**: stop Yellow’s best buildup *and* create a threat Yellow can’t easily neutralize.",False,won
p40,2,Provide Correct Answer,"Yes — **column 4 looks like the right idea**.

Why: Yellow has two stacked in column 4 already, and if you don’t occupy that space, Yellow’s center control can become very dangerous. Playing **4** also lands Red at **col 4 row 3**, which helps your diagonal/central connections rather than making a single easily-blocked vertical threat.",False,won
p40,2,Direct Instruction,"Yes — **column 4 looks like the right idea**.

Why: Yellow has two stacked in column 4 already, and if you don’t occupy that space, Yellow’s center control can become very dangerous. Playing **4** also lands Red at **col 4 row 3**, which helps your diagonal/central connections rather than making a single easily-blocked vertical threat.",False,won
p40,2,Positive Feedback,"Yes — **column 4 looks like the right idea**.

Why: Yellow has two stacked in column 4 already, and if you don’t occupy that space, Yellow’s center control can become very dangerous. Playing **4** also lands Red at **col 4 row 3**, which helps your diagonal/central connections rather than making a single easily-blocked vertical threat.",False,won
p40,3,Provide Correct Answer,"Yes — your instinct is right: **column 4 is the key square again**.

Reason: Yellow’s center stack is dangerous, but if Red plays **col 4 row 4**, you build a strong vertical/central threat and stop Yellow from taking that space. It’s not just defense; it keeps your forcing chances alive.",False,won
p40,3,Direct Instruction,"Yes — your instinct is right: **column 4 is the key square again**.

Reason: Yellow’s center stack is dangerous, but if Red plays **col 4 row 4**, you build a strong vertical/central threat and stop Yellow from taking that space. It’s not just defense; it keeps your forcing chances alive.",False,won
p40,3,Positive Feedback,"Yes — your instinct is right: **column 4 is the key square again**.

Reason: Yellow’s center stack is dangerous, but if Red plays **col 4 row 4**, you build a strong vertical/central threat and stop Yellow from taking that space. It’s not just defense; it keeps your forcing chances alive.",False,won
p40,4,Hint,"Both **3** and **7** have diagonal ideas, yes — but ask: do they create an **immediate threat Yellow must answer**, or just a future plan?

Look closely at **column 5** too: playing there lands at **5-row4**, which connects with your Reds at **4-row3** and **6-row3 / 6-row1 possibilities** and also affects Yellow’s stack in that area. Compare: after 3 or 7, what is Yellow’s strongest reply?",False,won
p40,4,Prompt,"Both **3** and **7** have diagonal ideas, yes — but ask: do they create an **immediate threat Yellow must answer**, or just a future plan?

Look closely at **column 5** too: playing there lands at **5-row4**, which connects with your Reds at **4-row3** and **6-row3 / 6-row1 possibilities** and also affects Yellow’s stack in that area. Compare: after 3 or 7, what is Yellow’s strongest reply?",False,won
p40,5,Provide Correct Answer,"Yes — **column 5 fits your plan best**.

It lands at **5-row4**, next to your Red at **4-row4** and above your Red at **5-row2**, giving you central height and multiple future lines. Compared with **3 or 7**, it’s less “slow” because it builds threats in the middle where Yellow has to respond carefully.",False,won
p40,5,Direct Instruction,"Yes — **column 5 fits your plan best**.

It lands at **5-row4**, next to your Red at **4-row4** and above your Red at **5-row2**, giving you central height and multiple future lines. Compared with **3 or 7**, it’s less “slow” because it builds threats in the middle where Yellow has to respond carefully.",False,won
p40,6,Direct Instruction,"Column **4 is good**, but not because it’s an immediate “two-win checkmate.”

If Red plays **4**, it lands at **4-row5**, making a **vertical threat** in column 4: Red would threaten **4-row6** next. Yellow can block that by playing column 4.

So the key question is: after Yellow blocks column 4, do you still have another forcing threat? Column 4 keeps strong pressure, but I’d be careful calling it an unblockable double threat right away.",False,won
p40,6,Prompt,"Column **4 is good**, but not because it’s an immediate “two-win checkmate.”

If Red plays **4**, it lands at **4-row5**, making a **vertical threat** in column 4: Red would threaten **4-row6** next. Yellow can block that by playing column 4.

So the key question is: after Yellow blocks column 4, do you still have another forcing threat? Column 4 keeps strong pressure, but I’d be careful calling it an unblockable double threat right away.",False,won
p40,6,Positive Feedback,"Column **4 is good**, but not because it’s an immediate “two-win checkmate.”

If Red plays **4**, it lands at **4-row5**, making a **vertical threat** in column 4: Red would threaten **4-row6** next. Yellow can block that by playing column 4.

So the key question is: after Yellow blocks column 4, do you still have another forcing threat? Column 4 keeps strong pressure, but I’d be careful calling it an unblockable double threat right away.",False,won
p40,6,Neutral Feedback,"Column **4 is good**, but not because it’s an immediate “two-win checkmate.”

If Red plays **4**, it lands at **4-row5**, making a **vertical threat** in column 4: Red would threaten **4-row6** next. Yellow can block that by playing column 4.

So the key question is: after Yellow blocks column 4, do you still have another forcing threat? Column 4 keeps strong pressure, but I’d be careful calling it an unblockable double threat right away.",False,won
p40,7,Provide Correct Answer,"Yes — if you play **column 4 now**, then:

- Red at **4-row5** threatens vertical win at **4-row6**.
- It also creates the diagonal threat **4-row5, 5-row4, 6-row3, 7-row2**.

So if Yellow blocks **column 4**, then **column 7 row 2** wins diagonally. If Yellow blocks **7**, then column **4** wins vertically. That’s the double threat.",False,won
p40,7,Direct Instruction,"Yes — if you play **column 4 now**, then:

- Red at **4-row5** threatens vertical win at **4-row6**.
- It also creates the diagonal threat **4-row5, 5-row4, 6-row3, 7-row2**.

So if Yellow blocks **column 4**, then **column 7 row 2** wins diagonally. If Yellow blocks **7**, then column **4** wins vertically. That’s the double threat.",False,won
p40,7,Positive Feedback,"Yes — if you play **column 4 now**, then:

- Red at **4-row5** threatens vertical win at **4-row6**.
- It also creates the diagonal threat **4-row5, 5-row4, 6-row3, 7-row2**.

So if Yellow blocks **column 4**, then **column 7 row 2** wins diagonally. If Yellow blocks **7**, then column **4** wins vertically. That’s the double threat.",False,won
p670,0,Provide Correct Answer,"Strongest move now: **column 4**.

Key threat it creates: Red lands at **4,3**, linking with **5,2** and **6,1**. That sets up a diagonal win square at **3,4** — so column **3** becomes the critical follow-up column.

Best Red plan for the next three Red moves:

1. **4** now  
2. Then look at Yellow’s reply:
   - If Yellow plays **3**, then Red should play **3** immediately to take **3,4** and complete the diagonal.
   - If Yellow does not play **3**, Red’s main follow-up idea is still through **column 3**.
3. So the key winning column sequence to keep in mind is: **4 → 3 → 3**.",False,lost
p670,0,Direct Instruction,"Strongest move now: **column 4**.

Key threat it creates: Red lands at **4,3**, linking with **5,2** and **6,1**. That sets up a diagonal win square at **3,4** — so column **3** becomes the critical follow-up column.

Best Red plan for the next three Red moves:

1. **4** now  
2. Then look at Yellow’s reply:
   - If Yellow plays **3**, then Red should play **3** immediately to take **3,4** and complete the diagonal.
   - If Yellow does not play **3**, Red’s main follow-up idea is still through **column 3**.
3. So the key winning column sequence to keep in mind is: **4 → 3 → 3**.",False,lost
p237,0,Hint,"Column 1 would “maximize space,” but ask: **does it create an immediate threat Yellow must answer?** If not, Yellow may get time to build/block.

Before choosing, compare it with a **central move**: what happens if Red plays in a column where the disc lands on **row 3** and connects with existing Red pieces? Look for any **diagonal 3-in-a-row** that would create a forcing threat next turn.",False,won
p237,0,Prompt,"Column 1 would “maximize space,” but ask: **does it create an immediate threat Yellow must answer?** If not, Yellow may get time to build/block.

Before choosing, compare it with a **central move**: what happens if Red plays in a column where the disc lands on **row 3** and connects with existing Red pieces? Look for any **diagonal 3-in-a-row** that would create a forcing threat next turn.",False,won
p237,1,Direct Instruction,"Row 4 can be better **only if you can actually land there**—gravity matters.

Look closely at **column 4**: it already has Yellow on rows 1–2, so Red would land on **row 3**. Ask yourself:

- If you *don’t* play there, what can Yellow build in column 4?
- If you *do* play there, does it both **interrupt Yellow’s stack** and give Red a useful new connection?",False,won
p237,1,Hint,"Row 4 can be better **only if you can actually land there**—gravity matters.

Look closely at **column 4**: it already has Yellow on rows 1–2, so Red would land on **row 3**. Ask yourself:

- If you *don’t* play there, what can Yellow build in column 4?
- If you *do* play there, does it both **interrupt Yellow’s stack** and give Red a useful new connection?",False,won
p237,1,Prompt,"Row 4 can be better **only if you can actually land there**—gravity matters.

Look closely at **column 4**: it already has Yellow on rows 1–2, so Red would land on **row 3**. Ask yourself:

- If you *don’t* play there, what can Yellow build in column 4?
- If you *do* play there, does it both **interrupt Yellow’s stack** and give Red a useful new connection?",False,won
p237,2,Direct Instruction,"Good—now re-check **where Red can land on row 3**.

Focus on the central stack: a Red disc placed on top of Yellow’s two discs would land at **column 4, row 3**. Ask: does that both **stop Yellow expanding through the center** and give Red more future connections than an edge move?",False,won
p237,2,Prompt,"Good—now re-check **where Red can land on row 3**.

Focus on the central stack: a Red disc placed on top of Yellow’s two discs would land at **column 4, row 3**. Ask: does that both **stop Yellow expanding through the center** and give Red more future connections than an edge move?",False,won
p772,0,Provide Correct Answer,"I’d choose a different spot: **column 4** (it would land at **4,4**).

Why I prefer 4 over your **3,3** idea:

- **3,3** doesn’t create an immediate strong threat, and Yellow can likely respond without being forced.
- **4,4** keeps Red’s central pressure and sets up better follow-up threats through the middle/diagonals.
- In Connect Four, center moves are often stronger because they connect to more possible lines.

So: **3 is reasonable-looking, but I’d play column 4 here.**",False,lost
p772,0,Direct Instruction,"I’d choose a different spot: **column 4** (it would land at **4,4**).

Why I prefer 4 over your **3,3** idea:

- **3,3** doesn’t create an immediate strong threat, and Yellow can likely respond without being forced.
- **4,4** keeps Red’s central pressure and sets up better follow-up threats through the middle/diagonals.
- In Connect Four, center moves are often stronger because they connect to more possible lines.

So: **3 is reasonable-looking, but I’d play column 4 here.**",False,lost
p772,0,Paraphrase,"I’d choose a different spot: **column 4** (it would land at **4,4**).

Why I prefer 4 over your **3,3** idea:

- **3,3** doesn’t create an immediate strong threat, and Yellow can likely respond without being forced.
- **4,4** keeps Red’s central pressure and sets up better follow-up threats through the middle/diagonals.
- In Connect Four, center moves are often stronger because they connect to more possible lines.

So: **3 is reasonable-looking, but I’d play column 4 here.**",False,lost
p772,0,Neutral Feedback,"I’d choose a different spot: **column 4** (it would land at **4,4**).

Why I prefer 4 over your **3,3** idea:

- **3,3** doesn’t create an immediate strong threat, and Yellow can likely respond without being forced.
- **4,4** keeps Red’s central pressure and sets up better follow-up threats through the middle/diagonals.
- In Connect Four, center moves are often stronger because they connect to more possible lines.

So: **3 is reasonable-looking, but I’d play column 4 here.**",False,lost
p772,1,Provide Correct Answer,"I’d pick **column 4** again — it lands at **4,4**.

That’s strong because it builds upward in the center and creates a serious vertical threat: Red would have **4,3 and 4,4**, with more ways to extend/control the middle. It also avoids drifting to the sides where your moves create fewer connections.",False,lost
p772,1,Direct Instruction,"I’d pick **column 4** again — it lands at **4,4**.

That’s strong because it builds upward in the center and creates a serious vertical threat: Red would have **4,3 and 4,4**, with more ways to extend/control the middle. It also avoids drifting to the sides where your moves create fewer connections.",False,lost
p321,0,Direct Instruction,"Do you mean the square at **column 3, row 2**? That spot is already **Yellow**, so Red can’t play there.

If you’re thinking about the *area around it*, ask: after your move, does Yellow get an immediate connect-four threat? In particular, look at Yellow’s cluster on the bottom/middle: **c3–c5** and diagonals involving **c4/c5/c6**. What Red move would both stay safe and create pressure?",False,won
p321,0,Hint,"Do you mean the square at **column 3, row 2**? That spot is already **Yellow**, so Red can’t play there.

If you’re thinking about the *area around it*, ask: after your move, does Yellow get an immediate connect-four threat? In particular, look at Yellow’s cluster on the bottom/middle: **c3–c5** and diagonals involving **c4/c5/c6**. What Red move would both stay safe and create pressure?",False,won
p321,0,Prompt,"Do you mean the square at **column 3, row 2**? That spot is already **Yellow**, so Red can’t play there.

If you’re thinking about the *area around it*, ask: after your move, does Yellow get an immediate connect-four threat? In particular, look at Yellow’s cluster on the bottom/middle: **c3–c5** and diagonals involving **c4/c5/c6**. What Red move would both stay safe and create pressure?",False,won
p321,0,Negative Feedback,"Do you mean the square at **column 3, row 2**? That spot is already **Yellow**, so Red can’t play there.

If you’re thinking about the *area around it*, ask: after your move, does Yellow get an immediate connect-four threat? In particular, look at Yellow’s cluster on the bottom/middle: **c3–c5** and diagonals involving **c4/c5/c6**. What Red move would both stay safe and create pressure?",False,won
p321,1,Direct Instruction,"Column **2** would land at **row 3**, so it’s legal.

It would give Red a **vertical 3** at **c2 rows 1–3**, threatening **c2 row 4** next. The key question: does Yellow have a stronger reply if you spend this move on c2—especially around the crowded center columns **3–5**?",False,won
p321,1,Prompt,"Column **2** would land at **row 3**, so it’s legal.

It would give Red a **vertical 3** at **c2 rows 1–3**, threatening **c2 row 4** next. The key question: does Yellow have a stronger reply if you spend this move on c2—especially around the crowded center columns **3–5**?",False,won
p321,1,Paraphrase,"Column **2** would land at **row 3**, so it’s legal.

It would give Red a **vertical 3** at **c2 rows 1–3**, threatening **c2 row 4** next. The key question: does Yellow have a stronger reply if you spend this move on c2—especially around the crowded center columns **3–5**?",False,won
p321,2,Provide Correct Answer,"If you play **column 3**, your disc lands at **c3 r4** (yes, that square is empty and supported).

The main idea: it builds on your red stack/cluster in **column 3** and gives you more central pressure, while also keeping Yellow from comfortably expanding around **c4–c5**.

Before choosing, check: after **c3 r4**, does Yellow have any immediate 4-in-a-row you must block?",False,won
p321,2,Direct Instruction,"If you play **column 3**, your disc lands at **c3 r4** (yes, that square is empty and supported).

The main idea: it builds on your red stack/cluster in **column 3** and gives you more central pressure, while also keeping Yellow from comfortably expanding around **c4–c5**.

Before choosing, check: after **c3 r4**, does Yellow have any immediate 4-in-a-row you must block?",False,won
p321,2,Prompt,"If you play **column 3**, your disc lands at **c3 r4** (yes, that square is empty and supported).

The main idea: it builds on your red stack/cluster in **column 3** and gives you more central pressure, while also keeping Yellow from comfortably expanding around **c4–c5**.

Before choosing, check: after **c3 r4**, does Yellow have any immediate 4-in-a-row you must block?",False,won
p321,3,Provide Correct Answer,"Yes — Yellow already has a diagonal line: **c4 r4 → c5 r3 → c6 r2 → c7 r1**.

So there isn’t a *new* one-move threat to block; that diagonal is the key line to notice. If you’re still choosing a move, **column 3** is the strongest way to keep pressure, landing at **c3 r4**.",False,won
p321,3,Direct Instruction,"Yes — Yellow already has a diagonal line: **c4 r4 → c5 r3 → c6 r2 → c7 r1**.

So there isn’t a *new* one-move threat to block; that diagonal is the key line to notice. If you’re still choosing a move, **column 3** is the strongest way to keep pressure, landing at **c3 r4**.",False,won
p633,0,Provide Correct Answer,"4, then depends on Yellow’s replies.

Column 4 is optimal because it’s the only move that preserves Red’s forced win: it builds a central threat while preventing Yellow from taking control of that column. Your next two Red moves should be chosen based on which immediate threat Yellow blocks or creates.",False,lost
p633,0,Direct Instruction,"4, then depends on Yellow’s replies.

Column 4 is optimal because it’s the only move that preserves Red’s forced win: it builds a central threat while preventing Yellow from taking control of that column. Your next two Red moves should be chosen based on which immediate threat Yellow blocks or creates.",False,lost
p633,1,Provide Correct Answer,4,False,lost
p633,2,Provide Correct Answer,5,False,lost
p356,0,Provide Correct Answer,"Yes — column 4 is the key move here.

Yellow has a diagonal threat: **7,1 → 6,2 → 5,3 → 4,4**. If you don’t occupy **column 4 row 4**, Yellow can win there next turn.

So dropping Red in **column 4** cuts off that diagonal and keeps you safe.",False,won
p356,0,Direct Instruction,"Yes — column 4 is the key move here.

Yellow has a diagonal threat: **7,1 → 6,2 → 5,3 → 4,4**. If you don’t occupy **column 4 row 4**, Yellow can win there next turn.

So dropping Red in **column 4** cuts off that diagonal and keeps you safe.",False,won
p356,1,Direct Instruction,"Maybe—but don’t rely on “bait” unless **3,3 is Yellow’s only safe block**.

Your red diagonal is really: **6,1 → 5,2 → 4,3 → 3,4**.  
So you need **3,3 filled first** before you can play at **3,4** and win.

Ask: can your move create a threat that forces Yellow to block at **3,3**? If Yellow has any other defense or counter-threat, the bait may fail. Also watch Yellow’s diagonal from **2,4**—it’s slower, but still a future concern.",False,won
p356,1,Hint,"Maybe—but don’t rely on “bait” unless **3,3 is Yellow’s only safe block**.

Your red diagonal is really: **6,1 → 5,2 → 4,3 → 3,4**.  
So you need **3,3 filled first** before you can play at **3,4** and win.

Ask: can your move create a threat that forces Yellow to block at **3,3**? If Yellow has any other defense or counter-threat, the bait may fail. Also watch Yellow’s diagonal from **2,4**—it’s slower, but still a future concern.",False,won
p356,1,Prompt,"Maybe—but don’t rely on “bait” unless **3,3 is Yellow’s only safe block**.

Your red diagonal is really: **6,1 → 5,2 → 4,3 → 3,4**.  
So you need **3,3 filled first** before you can play at **3,4** and win.

Ask: can your move create a threat that forces Yellow to block at **3,3**? If Yellow has any other defense or counter-threat, the bait may fail. Also watch Yellow’s diagonal from **2,4**—it’s slower, but still a future concern.",False,won
p851,0,Provide Correct Answer,"The strategically best move for Red is **column 4**.

Why: it reinforces Red’s central control and, more importantly, keeps Red’s winning threat alive while preventing Yellow from taking over the key central line. With only 2 moves left, you want the move that creates/maintains the strongest immediate threat rather than just blocking passively.",False,lost
p851,0,Direct Instruction,"The strategically best move for Red is **column 4**.

Why: it reinforces Red’s central control and, more importantly, keeps Red’s winning threat alive while preventing Yellow from taking over the key central line. With only 2 moves left, you want the move that creates/maintains the strongest immediate threat rather than just blocking passively.",False,lost
p11,0,Provide Correct Answer,"Yes — column 4 looks like the right drop.

It lands on row 4, giving Red more control of the center and avoiding giving Yellow an immediate tactic. With only 2 moves left, taking the forcing move in column 4 is the safe choice.",False,won
p11,0,Direct Instruction,"Yes — column 4 looks like the right drop.

It lands on row 4, giving Red more control of the center and avoiding giving Yellow an immediate tactic. With only 2 moves left, taking the forcing move in column 4 is the safe choice.",False,won
p11,0,Positive Feedback,"Yes — column 4 looks like the right drop.

It lands on row 4, giving Red more control of the center and avoiding giving Yellow an immediate tactic. With only 2 moves left, taking the forcing move in column 4 is the safe choice.",False,won
p11,1,Provide Correct Answer,"Play **column 5**.

Reason: it drops to **c5 r4**, stacking above Yellow at c5 r3 and keeps Red’s winning chances alive by building a strong central threat while not giving Yellow an immediate win.",False,won
p11,1,Direct Instruction,"Play **column 5**.

Reason: it drops to **c5 r4**, stacking above Yellow at c5 r3 and keeps Red’s winning chances alive by building a strong central threat while not giving Yellow an immediate win.",False,won
p11,2,Direct Instruction,"No — I wouldn’t choose **column 2**.

Column 2 doesn’t create/keep the key Red threat. The stronger choices are in the center area: **3, 4, or 5**, because they connect with Red’s existing pieces around **c4/c5 on row 4** and keep pressure on Yellow.",False,won
p11,2,Hint,"No — I wouldn’t choose **column 2**.

Column 2 doesn’t create/keep the key Red threat. The stronger choices are in the center area: **3, 4, or 5**, because they connect with Red’s existing pieces around **c4/c5 on row 4** and keep pressure on Yellow.",False,won
p11,2,Negative Feedback,"No — I wouldn’t choose **column 2**.

Column 2 doesn’t create/keep the key Red threat. The stronger choices are in the center area: **3, 4, or 5**, because they connect with Red’s existing pieces around **c4/c5 on row 4** and keep pressure on Yellow.",False,won
p608,0,Direct Instruction,"Yeah—let’s reset from the current board.

Key thing to check first: **does Yellow have a 3-in-a-row threat with one empty square?**

Look at Yellow’s diagonal:

- **c2 r4**
- **c4 r2**
- **c5 r1**

What empty square completes that diagonal?

If Yellow can play there next, Red needs to block it now.",False,won
p608,0,Hint,"Yeah—let’s reset from the current board.

Key thing to check first: **does Yellow have a 3-in-a-row threat with one empty square?**

Look at Yellow’s diagonal:

- **c2 r4**
- **c4 r2**
- **c5 r1**

What empty square completes that diagonal?

If Yellow can play there next, Red needs to block it now.",False,won
p608,0,Prompt,"Yeah—let’s reset from the current board.

Key thing to check first: **does Yellow have a 3-in-a-row threat with one empty square?**

Look at Yellow’s diagonal:

- **c2 r4**
- **c4 r2**
- **c5 r1**

What empty square completes that diagonal?

If Yellow can play there next, Red needs to block it now.",False,won
p32,0,Provide Correct Answer,"Yes — **column 4** looks like the key “offense + defense” move.

- It **covers 4/4**, so Yellow can’t use that square.
- It also builds Red’s vertical presence in column 4, giving you more attacking potential rather than just a passive block.

So your instinct is right: look for a move that **takes the danger square while improving your own line** — here, that’s **4**.",False,won
p32,0,Direct Instruction,"Yes — **column 4** looks like the key “offense + defense” move.

- It **covers 4/4**, so Yellow can’t use that square.
- It also builds Red’s vertical presence in column 4, giving you more attacking potential rather than just a passive block.

So your instinct is right: look for a move that **takes the danger square while improving your own line** — here, that’s **4**.",False,won
p32,0,Positive Feedback,"Yes — **column 4** looks like the key “offense + defense” move.

- It **covers 4/4**, so Yellow can’t use that square.
- It also builds Red’s vertical presence in column 4, giving you more attacking potential rather than just a passive block.

So your instinct is right: look for a move that **takes the danger square while improving your own line** — here, that’s **4**.",False,won
p32,1,Provide Correct Answer,"Yes — **column 4** is a good plan here.

It both **takes the key square in column 4** and keeps your own attacking chances alive, rather than making a purely defensive move. After that, watch whether Yellow creates an immediate 3-in-a-row threat you must block.",False,won
p32,1,Direct Instruction,"Yes — **column 4** is a good plan here.

It both **takes the key square in column 4** and keeps your own attacking chances alive, rather than making a purely defensive move. After that, watch whether Yellow creates an immediate 3-in-a-row threat you must block.",False,won
p32,1,Prompt,"Yes — **column 4** is a good plan here.

It both **takes the key square in column 4** and keeps your own attacking chances alive, rather than making a purely defensive move. After that, watch whether Yellow creates an immediate 3-in-a-row threat you must block.",False,won
p32,1,Positive Feedback,"Yes — **column 4** is a good plan here.

It both **takes the key square in column 4** and keeps your own attacking chances alive, rather than making a purely defensive move. After that, watch whether Yellow creates an immediate 3-in-a-row threat you must block.",False,won
p32,2,Provide Correct Answer,"Yes — I’d play **column 5**.

It lands at **5/4**, which both:
- builds an attacking shape with your Red discs around **4/4, 4/3, 5/2, 6/3**
- avoids giving Yellow an easy forcing threat next move

So you’re right that you don’t need a simple block this turn — **5 is the active defensive move**.",False,won
p32,2,Direct Instruction,"Yes — I’d play **column 5**.

It lands at **5/4**, which both:
- builds an attacking shape with your Red discs around **4/4, 4/3, 5/2, 6/3**
- avoids giving Yellow an easy forcing threat next move

So you’re right that you don’t need a simple block this turn — **5 is the active defensive move**.",False,won
p32,2,Positive Feedback,"Yes — I’d play **column 5**.

It lands at **5/4**, which both:
- builds an attacking shape with your Red discs around **4/4, 4/3, 5/2, 6/3**
- avoids giving Yellow an easy forcing threat next move

So you’re right that you don’t need a simple block this turn — **5 is the active defensive move**.",False,won
p52,0,Provide Correct Answer,"Best move: **column 4**.

Why: dropping in **col 4** lands at **row 4**, building upward pressure in the center and preventing Yellow from taking the key central space next. With only a couple moves left, center control/threat creation matters most here, and **4 is the move that keeps Red’s winning chances alive**.",False,won
p52,0,Direct Instruction,"Best move: **column 4**.

Why: dropping in **col 4** lands at **row 4**, building upward pressure in the center and preventing Yellow from taking the key central space next. With only a couple moves left, center control/threat creation matters most here, and **4 is the move that keeps Red’s winning chances alive**.",False,won
p52,1,Provide Correct Answer,"The main alternative-looking moves are **columns 2, 5, or 6**, because they add to existing Red groups — but they don’t seem to create a forcing threat.

I’d be cautious about any move **other than column 4**, because Yellow can then use the center/diagonal structure to escape or create counterplay. So: **consider them, but column 4 is the only move I’d treat as “forcing.”**",False,won
p52,1,Direct Instruction,"The main alternative-looking moves are **columns 2, 5, or 6**, because they add to existing Red groups — but they don’t seem to create a forcing threat.

I’d be cautious about any move **other than column 4**, because Yellow can then use the center/diagonal structure to escape or create counterplay. So: **consider them, but column 4 is the only move I’d treat as “forcing.”**",False,won
p52,2,Provide Correct Answer,"Play **column 5**.

It drops to **row 4**, next to your Red at **4,4**, and it’s the move that keeps your forced win alive. Other moves give Yellow too much room to counter.",False,won
p52,2,Direct Instruction,"Play **column 5**.

It drops to **row 4**, next to your Red at **4,4**, and it’s the move that keeps your forced win alive. Other moves give Yellow too much room to counter.",False,won
p52,3,Direct Instruction,"Good thought, but **2 or 3 don’t help immediately** because they don’t create a threat Yellow must answer.

Also, **column 3 is especially risky**: Red would land at **3,3**, but it still wouldn’t complete anything, and Yellow can ignore it.

Ask yourself: after playing 2 or 3, what is your **next winning square**? If Yellow isn’t forced to block that square, the move is probably too slow.",False,won
p52,3,Prompt,"Good thought, but **2 or 3 don’t help immediately** because they don’t create a threat Yellow must answer.

Also, **column 3 is especially risky**: Red would land at **3,3**, but it still wouldn’t complete anything, and Yellow can ignore it.

Ask yourself: after playing 2 or 3, what is your **next winning square**? If Yellow isn’t forced to block that square, the move is probably too slow.",False,won
p52,3,Negative Feedback,"Good thought, but **2 or 3 don’t help immediately** because they don’t create a threat Yellow must answer.

Also, **column 3 is especially risky**: Red would land at **3,3**, but it still wouldn’t complete anything, and Yellow can ignore it.

Ask yourself: after playing 2 or 3, what is your **next winning square**? If Yellow isn’t forced to block that square, the move is probably too slow.",False,won
p52,3,Neutral Feedback,"Good thought, but **2 or 3 don’t help immediately** because they don’t create a threat Yellow must answer.

Also, **column 3 is especially risky**: Red would land at **3,3**, but it still wouldn’t complete anything, and Yellow can ignore it.

Ask yourself: after playing 2 or 3, what is your **next winning square**? If Yellow isn’t forced to block that square, the move is probably too slow.",False,won
p620,0,Direct Instruction,"Row 2, column 3 is already occupied by Yellow, so Red can’t move there.

If you mean **play column 3**, your disc would land at **row 3, column 3**. Before choosing it, ask: does it create an immediate threat for Red, and does it allow Yellow any immediate win or strong block next turn?",False,won
p620,0,Prompt,"Row 2, column 3 is already occupied by Yellow, so Red can’t move there.

If you mean **play column 3**, your disc would land at **row 3, column 3**. Before choosing it, ask: does it create an immediate threat for Red, and does it allow Yellow any immediate win or strong block next turn?",False,won
p620,0,Paraphrase,"Row 2, column 3 is already occupied by Yellow, so Red can’t move there.

If you mean **play column 3**, your disc would land at **row 3, column 3**. Before choosing it, ask: does it create an immediate threat for Red, and does it allow Yellow any immediate win or strong block next turn?",False,won
p620,0,Negative Feedback,"Row 2, column 3 is already occupied by Yellow, so Red can’t move there.

If you mean **play column 3**, your disc would land at **row 3, column 3**. Before choosing it, ask: does it create an immediate threat for Red, and does it allow Yellow any immediate win or strong block next turn?",False,won
p620,1,Hint,"Column 2 would land at **row 3**, yes. It makes a **vertical 3** for Red in column 2, threatening **c2 row 4** next turn.

But ask yourself: after you play it, can Yellow make or block something more urgent? Also look for a move that creates **multiple threats at once**, not just one easy-to-block threat.",False,won
p620,1,Prompt,"Column 2 would land at **row 3**, yes. It makes a **vertical 3** for Red in column 2, threatening **c2 row 4** next turn.

But ask yourself: after you play it, can Yellow make or block something more urgent? Also look for a move that creates **multiple threats at once**, not just one easy-to-block threat.",False,won
p620,1,Paraphrase,"Column 2 would land at **row 3**, yes. It makes a **vertical 3** for Red in column 2, threatening **c2 row 4** next turn.

But ask yourself: after you play it, can Yellow make or block something more urgent? Also look for a move that creates **multiple threats at once**, not just one easy-to-block threat.",False,won
p620,1,Positive Feedback,"Column 2 would land at **row 3**, yes. It makes a **vertical 3** for Red in column 2, threatening **c2 row 4** next turn.

But ask yourself: after you play it, can Yellow make or block something more urgent? Also look for a move that creates **multiple threats at once**, not just one easy-to-block threat.",False,won
p393,0,Provide Correct Answer,"Play **column 4**.

Why: it’s the only move that keeps Red’s winning plan alive. Dropping in column 4 builds on your central Red disc at **4,3** and controls the key central line, while other moves let Yellow disrupt or create stronger counter-threats. In Connect Four, central moves often matter most because they connect to the most possible horizontals and diagonals.",False,lost
p393,0,Direct Instruction,"Play **column 4**.

Why: it’s the only move that keeps Red’s winning plan alive. Dropping in column 4 builds on your central Red disc at **4,3** and controls the key central line, while other moves let Yellow disrupt or create stronger counter-threats. In Connect Four, central moves often matter most because they connect to the most possible horizontals and diagonals.",False,lost
p393,1,Provide Correct Answer,"Recommended move: **column 5**.

Why: it creates the strongest Red threat structure. After Red plays **5**, Red has pressure along the diagonal involving **2,1–3,2–4,3–5,4**, and also strengthens central control. Other moves are slower and allow Yellow more time to defend or create counter-threats.",False,lost
p393,1,Direct Instruction,"Recommended move: **column 5**.

Why: it creates the strongest Red threat structure. After Red plays **5**, Red has pressure along the diagonal involving **2,1–3,2–4,3–5,4**, and also strengthens central control. Other moves are slower and allow Yellow more time to defend or create counter-threats.",False,lost
p407,0,Provide Correct Answer,"Good—if you play **column 4**, your disc will land at **row 4**.

Before dropping it, ask: what line is being affected there? Check both:
- the **vertical in column 4**
- the **diagonal through (4,4)**

Your instinct to fill that square is important because it changes Yellow’s access to that key point.",False,won
p407,0,Direct Instruction,"Good—if you play **column 4**, your disc will land at **row 4**.

Before dropping it, ask: what line is being affected there? Check both:
- the **vertical in column 4**
- the **diagonal through (4,4)**

Your instinct to fill that square is important because it changes Yellow’s access to that key point.",False,won
p407,0,Prompt,"Good—if you play **column 4**, your disc will land at **row 4**.

Before dropping it, ask: what line is being affected there? Check both:
- the **vertical in column 4**
- the **diagonal through (4,4)**

Your instinct to fill that square is important because it changes Yellow’s access to that key point.",False,won
p407,0,Positive Feedback,"Good—if you play **column 4**, your disc will land at **row 4**.

Before dropping it, ask: what line is being affected there? Check both:
- the **vertical in column 4**
- the **diagonal through (4,4)**

Your instinct to fill that square is important because it changes Yellow’s access to that key point.",False,won
p407,1,Direct Instruction,"Yes—exactly: the diagonal **(7,1) → (6,2) → (5,3) → (4,4)** is the key.

Yellow already has **7,1 + 6,2 + 5,3**, so if Yellow gets **4,4**, they win. Since column 4 would land at **4,4** now, filling it blocks that diagonal.",False,won
p407,1,Positive Feedback,"Yes—exactly: the diagonal **(7,1) → (6,2) → (5,3) → (4,4)** is the key.

Yellow already has **7,1 + 6,2 + 5,3**, so if Yellow gets **4,4**, they win. Since column 4 would land at **4,4** now, filling it blocks that diagonal.",False,won
p407,2,Direct Instruction,"I’d be cautious with **2,3** or **3,3**: neither seems to create an immediate strong threat, and they may give Yellow time to make the next forcing move.

Look especially at **column 5**: playing there lands at **5,4**, which interacts with the central cluster and Yellow’s diagonal threats. Before choosing, ask: *after my move, does Yellow have any immediate win or forcing reply?*",False,won
p407,2,Hint,"I’d be cautious with **2,3** or **3,3**: neither seems to create an immediate strong threat, and they may give Yellow time to make the next forcing move.

Look especially at **column 5**: playing there lands at **5,4**, which interacts with the central cluster and Yellow’s diagonal threats. Before choosing, ask: *after my move, does Yellow have any immediate win or forcing reply?*",False,won
p407,2,Prompt,"I’d be cautious with **2,3** or **3,3**: neither seems to create an immediate strong threat, and they may give Yellow time to make the next forcing move.

Look especially at **column 5**: playing there lands at **5,4**, which interacts with the central cluster and Yellow’s diagonal threats. Before choosing, ask: *after my move, does Yellow have any immediate win or forcing reply?*",False,won
p407,2,Neutral Feedback,"I’d be cautious with **2,3** or **3,3**: neither seems to create an immediate strong threat, and they may give Yellow time to make the next forcing move.

Look especially at **column 5**: playing there lands at **5,4**, which interacts with the central cluster and Yellow’s diagonal threats. Before choosing, ask: *after my move, does Yellow have any immediate win or forcing reply?*",False,won
p407,3,Direct Instruction,"I don’t see an **immediate Yellow win** right now.

The earlier diagonal **7,1–6,2–5,3–4,4** is already blocked by your Red at **4,4**. So the question is less “must block Yellow now?” and more: **which move creates a forcing Red threat before Yellow can organize one?**",False,won
p407,4,Direct Instruction,"Look for a move that creates an **immediate Red threat** for your next turn.

In particular, check **row 3**: you already have Red at **4,3** and **6,3**. Is there a playable square that could connect those into a strong horizontal threat?",False,won
p407,4,Hint,"Look for a move that creates an **immediate Red threat** for your next turn.

In particular, check **row 3**: you already have Red at **4,3** and **6,3**. Is there a playable square that could connect those into a strong horizontal threat?",False,won
p407,4,Prompt,"Look for a move that creates an **immediate Red threat** for your next turn.

In particular, check **row 3**: you already have Red at **4,3** and **6,3**. Is there a playable square that could connect those into a strong horizontal threat?",False,won
p407,5,Direct Instruction,"Good catch — you’re right, **5,3 is Yellow**, so that horizontal idea doesn’t work.

Now look at the **playable squares**: especially what a Red disc at **5,4** would do. Ask: does it create a threat Yellow cannot cover on their next move?",False,won
p407,5,Hint,"Good catch — you’re right, **5,3 is Yellow**, so that horizontal idea doesn’t work.

Now look at the **playable squares**: especially what a Red disc at **5,4** would do. Ask: does it create a threat Yellow cannot cover on their next move?",False,won
p407,5,Prompt,"Good catch — you’re right, **5,3 is Yellow**, so that horizontal idea doesn’t work.

Now look at the **playable squares**: especially what a Red disc at **5,4** would do. Ask: does it create a threat Yellow cannot cover on their next move?",False,won
p407,5,Negative Feedback,"Good catch — you’re right, **5,3 is Yellow**, so that horizontal idea doesn’t work.

Now look at the **playable squares**: especially what a Red disc at **5,4** would do. Ask: does it create a threat Yellow cannot cover on their next move?",False,won
p407,6,Direct Instruction,"You’re right—it’s not an obvious “win now” move.

Focus on the **playable square in column 5: (5,4)**. If Red occupies **5,4**, it connects with your central Reds and creates future pressure around **row 4** and the diagonal through **4,4–5,4–6,4**. Ask: if you *don’t* take that square, can Yellow use column 5 to stabilize or create threats?",False,won
p407,6,Prompt,"You’re right—it’s not an obvious “win now” move.

Focus on the **playable square in column 5: (5,4)**. If Red occupies **5,4**, it connects with your central Reds and creates future pressure around **row 4** and the diagonal through **4,4–5,4–6,4**. Ask: if you *don’t* take that square, can Yellow use column 5 to stabilize or create threats?",False,won
p407,6,Positive Feedback,"You’re right—it’s not an obvious “win now” move.

Focus on the **playable square in column 5: (5,4)**. If Red occupies **5,4**, it connects with your central Reds and creates future pressure around **row 4** and the diagonal through **4,4–5,4–6,4**. Ask: if you *don’t* take that square, can Yellow use column 5 to stabilize or create threats?",False,won
p306,0,Provide Correct Answer,"Your c3 idea sets up a diagonal, but it’s a bit slow and gives Yellow a key reply.

I’d look harder at **column 4** instead: Red would land on **c4 row 3**, which is a central/key square and also stops Yellow from using that column. If you play **c3**, ask: *what happens if Yellow immediately takes c4?* That may cut off your best continuation.

So yes, your tactic is natural — but I think **column 4 is the stronger move to consider.**",False,won
p306,0,Direct Instruction,"Your c3 idea sets up a diagonal, but it’s a bit slow and gives Yellow a key reply.

I’d look harder at **column 4** instead: Red would land on **c4 row 3**, which is a central/key square and also stops Yellow from using that column. If you play **c3**, ask: *what happens if Yellow immediately takes c4?* That may cut off your best continuation.

So yes, your tactic is natural — but I think **column 4 is the stronger move to consider.**",False,won
p306,0,Prompt,"Your c3 idea sets up a diagonal, but it’s a bit slow and gives Yellow a key reply.

I’d look harder at **column 4** instead: Red would land on **c4 row 3**, which is a central/key square and also stops Yellow from using that column. If you play **c3**, ask: *what happens if Yellow immediately takes c4?* That may cut off your best continuation.

So yes, your tactic is natural — but I think **column 4 is the stronger move to consider.**",False,won
p306,0,Paraphrase,"Your c3 idea sets up a diagonal, but it’s a bit slow and gives Yellow a key reply.

I’d look harder at **column 4** instead: Red would land on **c4 row 3**, which is a central/key square and also stops Yellow from using that column. If you play **c3**, ask: *what happens if Yellow immediately takes c4?* That may cut off your best continuation.

So yes, your tactic is natural — but I think **column 4 is the stronger move to consider.**",False,won
p306,0,Neutral Feedback,"Your c3 idea sets up a diagonal, but it’s a bit slow and gives Yellow a key reply.

I’d look harder at **column 4** instead: Red would land on **c4 row 3**, which is a central/key square and also stops Yellow from using that column. If you play **c3**, ask: *what happens if Yellow immediately takes c4?* That may cut off your best continuation.

So yes, your tactic is natural — but I think **column 4 is the stronger move to consider.**",False,won
p306,1,Provide Correct Answer,"Yes — **column 4 is the move to play**.

But it’s not just “only drawing”: dropping at **c4** puts Red at **column 4, row 4**, and that creates a serious diagonal threat with your Red discs at **c2r2, c3r3, c4r4** — meaning **c5r5** becomes the winning square later if it can be reached.

So after c4, ask: *can Yellow stop that diagonal threat without giving you something else?* That’s the key point — it’s not hopeless yet.",False,won
p306,1,Direct Instruction,"Yes — **column 4 is the move to play**.

But it’s not just “only drawing”: dropping at **c4** puts Red at **column 4, row 4**, and that creates a serious diagonal threat with your Red discs at **c2r2, c3r3, c4r4** — meaning **c5r5** becomes the winning square later if it can be reached.

So after c4, ask: *can Yellow stop that diagonal threat without giving you something else?* That’s the key point — it’s not hopeless yet.",False,won
p306,1,Prompt,"Yes — **column 4 is the move to play**.

But it’s not just “only drawing”: dropping at **c4** puts Red at **column 4, row 4**, and that creates a serious diagonal threat with your Red discs at **c2r2, c3r3, c4r4** — meaning **c5r5** becomes the winning square later if it can be reached.

So after c4, ask: *can Yellow stop that diagonal threat without giving you something else?* That’s the key point — it’s not hopeless yet.",False,won
p306,1,Neutral Feedback,"Yes — **column 4 is the move to play**.

But it’s not just “only drawing”: dropping at **c4** puts Red at **column 4, row 4**, and that creates a serious diagonal threat with your Red discs at **c2r2, c3r3, c4r4** — meaning **c5r5** becomes the winning square later if it can be reached.

So after c4, ask: *can Yellow stop that diagonal threat without giving you something else?* That’s the key point — it’s not hopeless yet.",False,won
p600,0,Direct Instruction,"Which column did you attempt?

A quick way to judge it here: look for **Yellow’s immediate threats** and whether your move also creates/keeps a **forcing threat** for Red. In this position, the key is not just “blocking one line,” but choosing a move that prevents Yellow from taking control on the next turn.",False,lost
p600,0,Hint,"Which column did you attempt?

A quick way to judge it here: look for **Yellow’s immediate threats** and whether your move also creates/keeps a **forcing threat** for Red. In this position, the key is not just “blocking one line,” but choosing a move that prevents Yellow from taking control on the next turn.",False,lost
p600,0,Prompt,"Which column did you attempt?

A quick way to judge it here: look for **Yellow’s immediate threats** and whether your move also creates/keeps a **forcing threat** for Red. In this position, the key is not just “blocking one line,” but choosing a move that prevents Yellow from taking control on the next turn.",False,lost
